2026-10-06 10:45:00.029 +05:30 [INF] [] Now listening on: http://localhost:5000
2026-10-06 10:45:00.080 +05:30 [INF] [] Application started. Press Ctrl+C to shut down.
2026-10-06 10:45:00.081 +05:30 [INF] [] Hosting environment: Development
2026-10-06 10:45:00.082 +05:30 [INF] [] Content root path: C:\Users\sairajk\.gemini\antigravity\scratch\EMS\src\EMS.API
2026-10-06 10:45:35.873 +05:30 [INF] [mc03lul215] HTTP GET /api/auth/me responded 401 in 139ms [Trace: mc03lul215]
2026-10-06 10:45:35.916 +05:30 [INF] [36jci4qewka] HTTP GET /api/auth/me responded 401 in 8ms [Trace: 36jci4qewka]
2026-10-06 10:45:36.107 +05:30 [WRN] [d7ec06b91a4448d293417eac6317433e] Compiling a query which loads related collections for more than one collection navigation, either via 'Include' or through projection, but no 'QuerySplittingBehavior' has been configured. By default, Entity Framework will use 'QuerySplittingBehavior.SingleQuery', which can potentially result in slow query performance. See https://go.microsoft.com/fwlink/?linkid=2134277 for more information. To identify the query that's triggering this warning call 'ConfigureWarnings(w => w.Throw(RelationalEventId.MultipleCollectionIncludeWarning))'.
2026-10-06 10:45:36.529 +05:30 [INF] [d7ec06b91a4448d293417eac6317433e] TOKEN_REFRESHED. User: 1
2026-10-06 10:45:36.556 +05:30 [INF] [d7ec06b91a4448d293417eac6317433e] HTTP POST /api/auth/refresh responded 200 in 639ms [Trace: d7ec06b91a4448d293417eac6317433e]
2026-10-06 10:45:36.663 +05:30 [WRN] [mc03lul215] Compiling a query which loads related collections for more than one collection navigation, either via 'Include' or through projection, but no 'QuerySplittingBehavior' has been configured. By default, Entity Framework will use 'QuerySplittingBehavior.SingleQuery', which can potentially result in slow query performance. See https://go.microsoft.com/fwlink/?linkid=2134277 for more information. To identify the query that's triggering this warning call 'ConfigureWarnings(w => w.Throw(RelationalEventId.MultipleCollectionIncludeWarning))'.
2026-10-06 10:45:36.715 +05:30 [INF] [mc03lul215] HTTP GET /api/auth/me responded 200 in 135ms [Trace: mc03lul215]
2026-10-06 10:45:36.741 +05:30 [INF] [36jci4qewka] HTTP GET /api/auth/me responded 200 in 11ms [Trace: 36jci4qewka]
2026-10-06 10:45:36.790 +05:30 [INF] [dsomkum3qhn] HTTP GET /api/notifications/unread-count responded 200 in 38ms [Trace: dsomkum3qhn]
2026-10-06 10:45:36.804 +05:30 [INF] [u80ikju0eae] HTTP GET /api/notifications/unread-count responded 200 in 2ms [Trace: u80ikju0eae]
2026-10-06 10:45:36.820 +05:30 [INF] [yb74rqgroqk] HTTP GET /api/notifications responded 200 in 17ms [Trace: yb74rqgroqk]
2026-10-06 10:45:36.853 +05:30 [INF] [9iho319x378] HTTP GET /api/employees responded 200 in 73ms [Trace: 9iho319x378]
2026-10-06 10:45:36.874 +05:30 [INF] [hv4hr6eyh65] HTTP GET /api/employees responded 200 in 4ms [Trace: hv4hr6eyh65]
2026-10-06 10:45:36.907 +05:30 [INF] [g9lw4s9643] HTTP GET /api/departments responded 200 in 36ms [Trace: g9lw4s9643]
2026-10-06 10:45:36.926 +05:30 [INF] [2jkmc485vaj] HTTP GET /api/departments responded 200 in 3ms [Trace: 2jkmc485vaj]
2026-10-06 10:45:36.972 +05:30 [INF] [6c7a0equz35] HTTP GET /api/notifications responded 200 in 137ms [Trace: 6c7a0equz35]
2026-10-06 10:45:36.980 +05:30 [INF] [2bk7ur7cuwt] HTTP GET /api/leaves responded 200 in 56ms [Trace: 2bk7ur7cuwt]
2026-10-06 10:45:36.997 +05:30 [INF] [l0aclx909hb] HTTP GET /api/leaves responded 200 in 3ms [Trace: l0aclx909hb]
2026-10-06 10:45:37.029 +05:30 [INF] [1cxhjhegbvt] HTTP GET /api/attendance/today responded 200 in 30ms [Trace: 1cxhjhegbvt]
2026-10-06 10:45:37.048 +05:30 [INF] [000p09099tynk] HTTP GET /api/attendance/today responded 200 in 2ms [Trace: 000p09099tynk]
2026-10-06 10:45:40.454 +05:30 [INF] [vb26pz4n0ib] LOGOUT. User 1
2026-10-06 10:45:40.455 +05:30 [INF] [vb26pz4n0ib] HTTP POST /api/auth/logout responded 204 in 30ms [Trace: vb26pz4n0ib]
2026-10-06 10:45:43.921 +05:30 [WRN] [65gs6hxqy3r] Compiling a query which loads related collections for more than one collection navigation, either via 'Include' or through projection, but no 'QuerySplittingBehavior' has been configured. By default, Entity Framework will use 'QuerySplittingBehavior.SingleQuery', which can potentially result in slow query performance. See https://go.microsoft.com/fwlink/?linkid=2134277 for more information. To identify the query that's triggering this warning call 'ConfigureWarnings(w => w.Throw(RelationalEventId.MultipleCollectionIncludeWarning))'.
2026-10-06 10:45:44.023 +05:30 [INF] [65gs6hxqy3r] LOGIN_SUCCESS. User employee@company.com, EmployeeId: 4
2026-10-06 10:45:44.027 +05:30 [INF] [65gs6hxqy3r] HTTP POST /api/auth/login responded 200 in 137ms [Trace: 65gs6hxqy3r]
2026-10-06 10:45:44.065 +05:30 [INF] [d3hiv63zjif] HTTP GET /api/notifications/unread-count responded 200 in 4ms [Trace: d3hiv63zjif]
2026-10-06 10:45:44.068 +05:30 [INF] [bbdn9im7oja] HTTP GET /api/attendance/today responded 200 in 4ms [Trace: bbdn9im7oja]
2026-10-06 10:45:44.087 +05:30 [INF] [5rd7e05k0a5] HTTP GET /api/notifications/unread-count responded 200 in 1ms [Trace: 5rd7e05k0a5]
2026-10-06 10:45:44.088 +05:30 [INF] [h16b56likq] HTTP GET /api/notifications responded 200 in 3ms [Trace: h16b56likq]
2026-10-06 10:45:44.104 +05:30 [INF] [xrit3s9ouko] HTTP GET /api/notifications responded 200 in 2ms [Trace: xrit3s9ouko]
2026-10-06 10:45:44.111 +05:30 [INF] [4yotbfnaw88] HTTP GET /api/attendance/today responded 200 in 27ms [Trace: 4yotbfnaw88]
2026-10-06 10:45:48.270 +05:30 [INF] [48mytzxu80j] HTTP GET /api/leaves/types responded 200 in 12ms [Trace: 48mytzxu80j]
2026-10-06 10:45:48.285 +05:30 [INF] [3is0b794cdq] HTTP GET /api/leaves/types responded 200 in 2ms [Trace: 3is0b794cdq]
2026-10-06 10:45:48.333 +05:30 [INF] [mtcgvwve6og] HTTP GET /api/leaves/balances responded 200 in 75ms [Trace: mtcgvwve6og]
2026-10-06 10:45:48.351 +05:30 [INF] [wt3za1yy0rt] HTTP GET /api/leaves/balances responded 200 in 4ms [Trace: wt3za1yy0rt]
2026-10-06 10:45:48.355 +05:30 [INF] [sldfzki547e] HTTP GET /api/leaves responded 200 in 8ms [Trace: sldfzki547e]
2026-10-06 10:45:48.372 +05:30 [INF] [vxuk7rw7qdg] HTTP GET /api/leaves responded 200 in 2ms [Trace: vxuk7rw7qdg]
2026-10-06 10:45:56.504 +05:30 [INF] [fylvjrdcxas] LOGOUT. User 4
2026-10-06 10:45:56.508 +05:30 [INF] [fylvjrdcxas] HTTP POST /api/auth/logout responded 204 in 19ms [Trace: fylvjrdcxas]
2026-10-06 10:45:59.670 +05:30 [INF] [7qv3k513q9q] LOGIN_SUCCESS. User admin@company.com, EmployeeId: 1
2026-10-06 10:45:59.672 +05:30 [INF] [7qv3k513q9q] HTTP POST /api/auth/login responded 200 in 23ms [Trace: 7qv3k513q9q]
2026-10-06 10:45:59.709 +05:30 [INF] [2mt0zimggfa] HTTP GET /api/leaves/types responded 200 in 3ms [Trace: 2mt0zimggfa]
2026-10-06 10:45:59.709 +05:30 [INF] [t2nknmjfyfa] HTTP GET /api/notifications/unread-count responded 200 in 2ms [Trace: t2nknmjfyfa]
2026-10-06 10:45:59.713 +05:30 [INF] [ufoi35pnpk] HTTP GET /api/leaves/balances responded 200 in 6ms [Trace: ufoi35pnpk]
2026-10-06 10:45:59.727 +05:30 [INF] [gnt6c87j1l] HTTP GET /api/leaves/types responded 200 in 1ms [Trace: gnt6c87j1l]
2026-10-06 10:45:59.731 +05:30 [INF] [bq5ifbewho] HTTP GET /api/notifications/unread-count responded 200 in 1ms [Trace: bq5ifbewho]
2026-10-06 10:45:59.731 +05:30 [INF] [qtjgptv3r9p] HTTP GET /api/notifications responded 200 in 1ms [Trace: qtjgptv3r9p]
2026-10-06 10:45:59.742 +05:30 [INF] [6aelwu1afa2] HTTP GET /api/leaves/pending-approvals responded 200 in 4ms [Trace: 6aelwu1afa2]
2026-10-06 10:45:59.742 +05:30 [INF] [t7zjgvrbv7] HTTP GET /api/leaves/balances responded 200 in 4ms [Trace: t7zjgvrbv7]
2026-10-06 10:45:59.749 +05:30 [INF] [aga94365x0a] HTTP GET /api/notifications responded 200 in 1ms [Trace: aga94365x0a]
2026-10-06 10:45:59.758 +05:30 [INF] [lygfyknx8d] HTTP GET /api/leaves responded 200 in 2ms [Trace: lygfyknx8d]
2026-10-06 10:45:59.764 +05:30 [INF] [7mpxpbyuww8] HTTP GET /api/leaves/pending-approvals responded 200 in 8ms [Trace: 7mpxpbyuww8]
2026-10-06 10:45:59.775 +05:30 [INF] [gmlcea753xr] HTTP GET /api/leaves responded 200 in 2ms [Trace: gmlcea753xr]
2026-10-06 10:46:02.458 +05:30 [INF] [0lohscer7lq] HTTP GET /api/departments responded 200 in 5ms [Trace: 0lohscer7lq]
2026-10-06 10:46:02.459 +05:30 [INF] [e6mpdc4tls4] HTTP GET /api/employees responded 200 in 6ms [Trace: e6mpdc4tls4]
2026-10-06 10:46:02.475 +05:30 [INF] [wft82u352ek] HTTP GET /api/positions responded 200 in 22ms [Trace: wft82u352ek]
2026-10-06 10:46:02.480 +05:30 [INF] [79enmkh7xe] HTTP GET /api/departments responded 200 in 1ms [Trace: 79enmkh7xe]
2026-10-06 10:46:02.482 +05:30 [INF] [1202tkk0czqg] HTTP GET /api/employees responded 200 in 2ms [Trace: 1202tkk0czqg]
2026-10-06 10:46:02.487 +05:30 [INF] [lgqtdcnhf8l] HTTP GET /api/positions responded 200 in 1ms [Trace: lgqtdcnhf8l]
2026-10-06 10:46:29.740 +05:30 [INF] [lpgo2xiold] HTTP GET /api/notifications/unread-count responded 200 in 2ms [Trace: lpgo2xiold]
2026-10-06 10:46:29.756 +05:30 [INF] [xpjgpeh30zm] HTTP GET /api/notifications responded 200 in 2ms [Trace: xpjgpeh30zm]
2026-10-06 10:46:45.671 +05:30 [INF] [8dv64ywuoso] EMPLOYEE_CREATED. EmployeeId: 7, CreatedBy: 1
2026-10-06 10:46:45.678 +05:30 [INF] [8dv64ywuoso] HTTP POST /api/employees responded 201 in 227ms [Trace: 8dv64ywuoso]
2026-10-06 10:46:45.708 +05:30 [INF] [lqgjtvji3i] HTTP GET /api/employees responded 200 in 3ms [Trace: lqgjtvji3i]
2026-10-06 10:46:55.607 +05:30 [INF] [vmlgu2v65a] LOGOUT. User 1
2026-10-06 10:46:55.610 +05:30 [INF] [vmlgu2v65a] HTTP POST /api/auth/logout responded 204 in 12ms [Trace: vmlgu2v65a]
2026-10-06 10:48:01.075 +05:30 [INF] [ki6oxclsphg] LOGIN_SUCCESS. User yuvraj@gmail.com, EmployeeId: 7
2026-10-06 10:48:01.080 +05:30 [INF] [ki6oxclsphg] HTTP POST /api/auth/login responded 200 in 49ms [Trace: ki6oxclsphg]
2026-10-06 10:48:01.119 +05:30 [INF] [zca1o5p6gk] HTTP GET /api/notifications/unread-count responded 200 in 1ms [Trace: zca1o5p6gk]
2026-10-06 10:48:01.120 +05:30 [INF] [9quqarpow8] HTTP GET /api/departments responded 200 in 2ms [Trace: 9quqarpow8]
2026-10-06 10:48:01.187 +05:30 [INF] [866f86wzv1e] HTTP GET /api/positions responded 200 in 68ms [Trace: 866f86wzv1e]
2026-10-06 10:48:01.187 +05:30 [INF] [6d2ro3g1726] HTTP GET /api/employees responded 403 in 66ms [Trace: 6d2ro3g1726]
2026-10-06 10:48:01.211 +05:30 [INF] [nkes0s2fz4] HTTP GET /api/notifications/unread-count responded 200 in 1ms [Trace: nkes0s2fz4]
2026-10-06 10:48:01.211 +05:30 [INF] [q1ga4ojfi9j] HTTP GET /api/departments responded 200 in 1ms [Trace: q1ga4ojfi9j]
2026-10-06 10:48:01.212 +05:30 [INF] [vk6x2izi51] HTTP GET /api/notifications responded 200 in 1ms [Trace: vk6x2izi51]
2026-10-06 10:48:01.222 +05:30 [INF] [oto6yo79hje] HTTP GET /api/employees responded 403 in 5ms [Trace: oto6yo79hje]
2026-10-06 10:48:01.223 +05:30 [INF] [k3rqunlplk] HTTP GET /api/positions responded 200 in 7ms [Trace: k3rqunlplk]
2026-10-06 10:48:01.235 +05:30 [INF] [lg5g9yz88r] HTTP GET /api/notifications responded 200 in 1ms [Trace: lg5g9yz88r]
2026-10-06 10:48:10.481 +05:30 [INF] [uwu3wbrv1f] HTTP GET /api/departments responded 200 in 2ms [Trace: uwu3wbrv1f]
2026-10-06 10:48:10.498 +05:30 [INF] [piky74pi1w] HTTP GET /api/departments responded 200 in 1ms [Trace: piky74pi1w]
2026-10-06 10:48:11.983 +05:30 [INF] [ud2ys9r8n6l] HTTP GET /api/attendance/today responded 200 in 2ms [Trace: ud2ys9r8n6l]
2026-10-06 10:48:12.009 +05:30 [INF] [9dwk0jlt8n] HTTP GET /api/attendance/today responded 200 in 1ms [Trace: 9dwk0jlt8n]
2026-10-06 10:48:12.930 +05:30 [INF] [fcnyeuomr6] HTTP GET /api/employees responded 403 in 0ms [Trace: fcnyeuomr6]
2026-10-06 10:48:12.931 +05:30 [INF] [ykh00b9m5mh] HTTP GET /api/positions responded 200 in 1ms [Trace: ykh00b9m5mh]
2026-10-06 10:48:12.932 +05:30 [INF] [u27u0m50y7b] HTTP GET /api/departments responded 200 in 2ms [Trace: u27u0m50y7b]
2026-10-06 10:48:12.941 +05:30 [INF] [1w4ii5tz8r5] HTTP GET /api/employees responded 403 in 0ms [Trace: 1w4ii5tz8r5]
2026-10-06 10:48:12.944 +05:30 [INF] [vtocnf0sz0n] HTTP GET /api/positions responded 200 in 1ms [Trace: vtocnf0sz0n]
2026-10-06 10:48:12.946 +05:30 [INF] [o4kavelozy9] HTTP GET /api/departments responded 200 in 1ms [Trace: o4kavelozy9]
2026-10-06 10:48:13.433 +05:30 [INF] [6mk4uctlj7h] HTTP GET /api/departments responded 200 in 2ms [Trace: 6mk4uctlj7h]
2026-10-06 10:48:13.451 +05:30 [INF] [43w58juyq7m] HTTP GET /api/departments responded 200 in 2ms [Trace: 43w58juyq7m]
2026-10-06 10:48:14.530 +05:30 [INF] [0vj93x14o7xf] HTTP GET /api/attendance/today responded 200 in 1ms [Trace: 0vj93x14o7xf]
2026-10-06 10:48:14.540 +05:30 [INF] [hdbw1ez8l1v] HTTP GET /api/attendance/today responded 200 in 1ms [Trace: hdbw1ez8l1v]
2026-10-06 10:48:14.558 +05:30 [INF] [ecr7ohqyopm] HTTP GET /api/attendance responded 200 in 18ms [Trace: ecr7ohqyopm]
2026-10-06 10:48:14.573 +05:30 [INF] [atqbzsexmam] HTTP GET /api/attendance responded 200 in 1ms [Trace: atqbzsexmam]
2026-10-06 10:48:15.096 +05:30 [INF] [e2diseroa0m] HTTP GET /api/leaves/types responded 200 in 1ms [Trace: e2diseroa0m]
2026-10-06 10:48:15.098 +05:30 [INF] [0i2j1p4eiiha] HTTP GET /api/leaves/balances responded 200 in 3ms [Trace: 0i2j1p4eiiha]
2026-10-06 10:48:15.109 +05:30 [INF] [5iaguploxqc] HTTP GET /api/leaves/types responded 200 in 1ms [Trace: 5iaguploxqc]
2026-10-06 10:48:15.113 +05:30 [INF] [5f6kj4xvqsn] HTTP GET /api/leaves responded 200 in 1ms [Trace: 5f6kj4xvqsn]
2026-10-06 10:48:15.113 +05:30 [INF] [9vxme0fvuue] HTTP GET /api/leaves/balances responded 200 in 3ms [Trace: 9vxme0fvuue]
2026-10-06 10:48:15.125 +05:30 [INF] [6uib387vsn3] HTTP GET /api/leaves responded 200 in 1ms [Trace: 6uib387vsn3]
2026-10-06 10:48:16.113 +05:30 [INF] [vpihl6n187] HTTP GET /api/attendance/today responded 200 in 1ms [Trace: vpihl6n187]
2026-10-06 10:48:16.124 +05:30 [INF] [3zptuwb52c2] HTTP GET /api/attendance/today responded 200 in 1ms [Trace: 3zptuwb52c2]
2026-10-06 10:48:16.124 +05:30 [INF] [9au88au54co] HTTP GET /api/attendance responded 200 in 1ms [Trace: 9au88au54co]
2026-10-06 10:48:16.135 +05:30 [INF] [r39622wi1w9] HTTP GET /api/attendance responded 200 in 1ms [Trace: r39622wi1w9]
2026-10-06 10:48:20.284 +05:30 [INF] [kbcsywzo1f] CHECK_IN. EmployeeId: 7, Status: "Present"
2026-10-06 10:48:20.288 +05:30 [INF] [kbcsywzo1f] HTTP POST /api/attendance/check-in responded 200 in 53ms [Trace: kbcsywzo1f]
2026-10-06 10:48:20.315 +05:30 [INF] [baxoemmurdn] HTTP GET /api/attendance/today responded 200 in 1ms [Trace: baxoemmurdn]
2026-10-06 10:48:20.337 +05:30 [INF] [47o7nraox7g] HTTP GET /api/attendance responded 200 in 3ms [Trace: 47o7nraox7g]
2026-10-06 10:48:25.098 +05:30 [INF] [oipuefx9xw] HTTP PUT /api/notifications/27/read responded 204 in 21ms [Trace: oipuefx9xw]
2026-10-06 10:48:25.116 +05:30 [INF] [aohe3ahxffp] HTTP GET /api/notifications/unread-count responded 200 in 1ms [Trace: aohe3ahxffp]
2026-10-06 10:48:25.133 +05:30 [INF] [53t0wq9h1kx] HTTP GET /api/notifications responded 200 in 0ms [Trace: 53t0wq9h1kx]
2026-10-06 10:48:26.617 +05:30 [INF] [8x033m6uowd] HTTP GET /api/leaves/types responded 200 in 0ms [Trace: 8x033m6uowd]
2026-10-06 10:48:26.619 +05:30 [INF] [nwded79zef] HTTP GET /api/leaves/balances responded 200 in 3ms [Trace: nwded79zef]
2026-10-06 10:48:26.628 +05:30 [INF] [yi0jqrwfl4a] HTTP GET /api/leaves/types responded 200 in 1ms [Trace: yi0jqrwfl4a]
2026-10-06 10:48:26.631 +05:30 [INF] [aidj44a9o7] HTTP GET /api/leaves responded 200 in 1ms [Trace: aidj44a9o7]
2026-10-06 10:48:26.632 +05:30 [INF] [h6get2mfq4s] HTTP GET /api/leaves/balances responded 200 in 3ms [Trace: h6get2mfq4s]
2026-10-06 10:48:26.644 +05:30 [INF] [qcga4qda9q] HTTP GET /api/leaves responded 200 in 1ms [Trace: qcga4qda9q]
2026-10-06 10:48:31.131 +05:30 [INF] [rzo8rcil8m] HTTP GET /api/notifications/unread-count responded 200 in 2ms [Trace: rzo8rcil8m]
2026-10-06 10:48:31.154 +05:30 [INF] [s4vf5id4yl] HTTP GET /api/notifications responded 200 in 2ms [Trace: s4vf5id4yl]
2026-10-06 10:49:01.173 +05:30 [INF] [2t38394pmog] HTTP GET /api/notifications/unread-count responded 200 in 13ms [Trace: 2t38394pmog]
2026-10-06 10:49:01.196 +05:30 [INF] [97l5ne6ni8] HTTP GET /api/notifications responded 200 in 2ms [Trace: 97l5ne6ni8]
2026-10-06 10:49:02.672 +05:30 [INF] [js8l7fz8jtq] LEAVE_APPLIED. LeaveId: 13, EmployeeId: 7, AvailableRemaining: 16
2026-10-06 10:49:02.675 +05:30 [INF] [js8l7fz8jtq] HTTP POST /api/leaves responded 201 in 71ms [Trace: js8l7fz8jtq]
2026-10-06 10:49:02.700 +05:30 [INF] [5xk61omatqh] HTTP GET /api/leaves/types responded 200 in 1ms [Trace: 5xk61omatqh]
2026-10-06 10:49:02.787 +05:30 [INF] [0xl2n1vikmif] HTTP GET /api/leaves/balances responded 200 in 86ms [Trace: 0xl2n1vikmif]
2026-10-06 10:49:02.813 +05:30 [INF] [g32i5setv9] HTTP GET /api/leaves responded 200 in 2ms [Trace: g32i5setv9]
2026-10-06 10:49:08.549 +05:30 [INF] [p50pcxcar6g] LOGOUT. User 7
2026-10-06 10:49:08.551 +05:30 [INF] [p50pcxcar6g] HTTP POST /api/auth/logout responded 204 in 8ms [Trace: p50pcxcar6g]
2026-10-06 10:49:11.520 +05:30 [INF] [bkv2kdcek59] LOGIN_SUCCESS. User manager@company.com, EmployeeId: 3
2026-10-06 10:49:11.524 +05:30 [INF] [bkv2kdcek59] HTTP POST /api/auth/login responded 200 in 25ms [Trace: bkv2kdcek59]
2026-10-06 10:49:11.557 +05:30 [INF] [nlj8t037cn] HTTP GET /api/notifications/unread-count responded 200 in 1ms [Trace: nlj8t037cn]
2026-10-06 10:49:11.560 +05:30 [INF] [wexy356epae] HTTP GET /api/leaves/balances responded 200 in 3ms [Trace: wexy356epae]
2026-10-06 10:49:11.564 +05:30 [INF] [ifpcehgd6sb] HTTP GET /api/leaves/types responded 200 in 7ms [Trace: ifpcehgd6sb]
2026-10-06 10:49:11.575 +05:30 [INF] [kh0bibyfgrn] HTTP GET /api/notifications/unread-count responded 200 in 1ms [Trace: kh0bibyfgrn]
2026-10-06 10:49:11.578 +05:30 [INF] [t0qkv7dote] HTTP GET /api/notifications responded 200 in 1ms [Trace: t0qkv7dote]
2026-10-06 10:49:11.630 +05:30 [INF] [35bo44p880e] HTTP GET /api/leaves/types responded 200 in 1ms [Trace: 35bo44p880e]
2026-10-06 10:49:11.660 +05:30 [INF] [bthxvlfepef] HTTP GET /api/leaves/balances responded 200 in 80ms [Trace: bthxvlfepef]
2026-10-06 10:49:11.671 +05:30 [INF] [98vq4on6yp7] HTTP GET /api/notifications responded 200 in 1ms [Trace: 98vq4on6yp7]
2026-10-06 10:49:11.676 +05:30 [INF] [cfqpd3ubqx4] HTTP GET /api/leaves/pending-approvals responded 200 in 46ms [Trace: cfqpd3ubqx4]
2026-10-06 10:49:11.692 +05:30 [INF] [gz4mw55t0dh] HTTP GET /api/leaves/pending-approvals responded 200 in 1ms [Trace: gz4mw55t0dh]
2026-10-06 10:49:11.692 +05:30 [INF] [gx16rpsu4m] HTTP GET /api/leaves responded 200 in 1ms [Trace: gx16rpsu4m]
2026-10-06 10:49:11.706 +05:30 [INF] [1w2vkw05p2y] HTTP GET /api/leaves responded 200 in 1ms [Trace: 1w2vkw05p2y]
2026-10-06 10:49:15.521 +05:30 [INF] [o6ordsrj5vq] HTTP GET /api/leaves/types responded 200 in 1ms [Trace: o6ordsrj5vq]
2026-10-06 10:49:15.525 +05:30 [INF] [4t4fjo82nq2] HTTP GET /api/leaves/balances responded 200 in 5ms [Trace: 4t4fjo82nq2]
2026-10-06 10:49:15.538 +05:30 [INF] [2p670mmjrr2] HTTP GET /api/leaves/pending-approvals responded 200 in 2ms [Trace: 2p670mmjrr2]
2026-10-06 10:49:15.551 +05:30 [INF] [94z3rz1et17] HTTP GET /api/leaves/pending-approvals responded 200 in 2ms [Trace: 94z3rz1et17]
2026-10-06 10:49:19.795 +05:30 [INF] [acmco8o664l] HTTP PUT /api/notifications/25/read responded 204 in 5ms [Trace: acmco8o664l]
2026-10-06 10:49:19.816 +05:30 [INF] [ix78e1hv1j] HTTP GET /api/notifications/unread-count responded 200 in 1ms [Trace: ix78e1hv1j]
2026-10-06 10:49:19.833 +05:30 [INF] [92d5etegwlo] HTTP GET /api/notifications responded 200 in 0ms [Trace: 92d5etegwlo]
2026-10-06 10:49:20.622 +05:30 [INF] [fh45pkmjrra] HTTP PUT /api/notifications/23/read responded 204 in 4ms [Trace: fh45pkmjrra]
2026-10-06 10:49:20.640 +05:30 [INF] [x7ilf6crb6f] HTTP GET /api/notifications/unread-count responded 200 in 1ms [Trace: x7ilf6crb6f]
2026-10-06 10:49:20.666 +05:30 [INF] [89y0tvs5htw] HTTP GET /api/notifications responded 200 in 0ms [Trace: 89y0tvs5htw]
2026-10-06 10:49:21.032 +05:30 [INF] [s555xp97df] HTTP PUT /api/notifications/21/read responded 204 in 3ms [Trace: s555xp97df]
2026-10-06 10:49:21.061 +05:30 [INF] [3m5gua0cj1] HTTP GET /api/notifications/unread-count responded 200 in 1ms [Trace: 3m5gua0cj1]
2026-10-06 10:49:21.079 +05:30 [INF] [3wpuv4u4jss] HTTP GET /api/notifications responded 200 in 2ms [Trace: 3wpuv4u4jss]
2026-10-06 10:49:23.289 +05:30 [INF] [sb5kusm6n1p] LOGOUT. User 3
2026-10-06 10:49:23.292 +05:30 [INF] [sb5kusm6n1p] HTTP POST /api/auth/logout responded 204 in 11ms [Trace: sb5kusm6n1p]
2026-10-06 10:49:25.070 +05:30 [INF] [f0pymcdx76] LOGIN_SUCCESS. User hr@company.com, EmployeeId: 2
2026-10-06 10:49:25.072 +05:30 [INF] [f0pymcdx76] HTTP POST /api/auth/login responded 200 in 19ms [Trace: f0pymcdx76]
2026-10-06 10:49:25.102 +05:30 [INF] [elveyn8aro] HTTP GET /api/notifications/unread-count responded 200 in 0ms [Trace: elveyn8aro]
2026-10-06 10:49:25.102 +05:30 [INF] [gbpcgev735t] HTTP GET /api/leaves/types responded 200 in 0ms [Trace: gbpcgev735t]
2026-10-06 10:49:25.104 +05:30 [INF] [ylcqin8nbd8] HTTP GET /api/leaves/balances responded 200 in 4ms [Trace: ylcqin8nbd8]
2026-10-06 10:49:25.121 +05:30 [INF] [teznpzkrp8q] HTTP GET /api/notifications/unread-count responded 200 in 1ms [Trace: teznpzkrp8q]
2026-10-06 10:49:25.122 +05:30 [INF] [k1kqdf6jgzf] HTTP GET /api/notifications responded 200 in 1ms [Trace: k1kqdf6jgzf]
2026-10-06 10:49:25.122 +05:30 [INF] [78q4ztspd2r] HTTP GET /api/leaves/types responded 200 in 0ms [Trace: 78q4ztspd2r]
2026-10-06 10:49:25.130 +05:30 [INF] [5psdxac3zka] HTTP GET /api/leaves/pending-approvals responded 200 in 2ms [Trace: 5psdxac3zka]
2026-10-06 10:49:25.131 +05:30 [INF] [fw6j0cmf7i4] HTTP GET /api/leaves/balances responded 200 in 3ms [Trace: fw6j0cmf7i4]
2026-10-06 10:49:25.138 +05:30 [INF] [q2j8150cce] HTTP GET /api/notifications responded 200 in 1ms [Trace: q2j8150cce]
2026-10-06 10:49:25.145 +05:30 [INF] [59dm4v1bin] HTTP GET /api/leaves responded 200 in 1ms [Trace: 59dm4v1bin]
2026-10-06 10:49:25.145 +05:30 [INF] [o5dy7s0hgq] HTTP GET /api/leaves/pending-approvals responded 200 in 1ms [Trace: o5dy7s0hgq]
2026-10-06 10:49:25.158 +05:30 [INF] [3q81jaaa1tt] HTTP GET /api/leaves responded 200 in 1ms [Trace: 3q81jaaa1tt]
2026-10-06 10:49:26.250 +05:30 [INF] [fr01ugev9x6] HTTP GET /api/leaves/types responded 200 in 1ms [Trace: fr01ugev9x6]
2026-10-06 10:49:26.253 +05:30 [INF] [irge7ogddv] HTTP GET /api/leaves/balances responded 200 in 4ms [Trace: irge7ogddv]
2026-10-06 10:49:26.269 +05:30 [INF] [t0jw7i8ko7] HTTP GET /api/leaves/pending-approvals responded 200 in 2ms [Trace: t0jw7i8ko7]
2026-10-06 10:49:26.283 +05:30 [INF] [r2n5v7fq1h] HTTP GET /api/leaves/pending-approvals responded 200 in 2ms [Trace: r2n5v7fq1h]
2026-10-06 10:49:31.170 +05:30 [INF] [nrh7h3upd9c] LOGOUT. User 2
2026-10-06 10:49:31.174 +05:30 [INF] [nrh7h3upd9c] HTTP POST /api/auth/logout responded 204 in 11ms [Trace: nrh7h3upd9c]
2026-10-06 10:49:32.873 +05:30 [INF] [1r8br23kr0j] LOGIN_SUCCESS. User admin@company.com, EmployeeId: 1
2026-10-06 10:49:32.875 +05:30 [INF] [1r8br23kr0j] HTTP POST /api/auth/login responded 200 in 24ms [Trace: 1r8br23kr0j]
2026-10-06 10:49:32.908 +05:30 [INF] [48583qx3ku] HTTP GET /api/leaves/types responded 200 in 0ms [Trace: 48583qx3ku]
2026-10-06 10:49:32.908 +05:30 [INF] [9pyd24u1laq] HTTP GET /api/notifications/unread-count responded 200 in 1ms [Trace: 9pyd24u1laq]
2026-10-06 10:49:32.910 +05:30 [INF] [390bd8gee4w] HTTP GET /api/leaves/balances responded 200 in 3ms [Trace: 390bd8gee4w]
2026-10-06 10:49:32.923 +05:30 [INF] [188yfwo985w] HTTP GET /api/notifications/unread-count responded 200 in 1ms [Trace: 188yfwo985w]
2026-10-06 10:49:32.923 +05:30 [INF] [zh8f6jnayy] HTTP GET /api/leaves/types responded 200 in 1ms [Trace: zh8f6jnayy]
2026-10-06 10:49:32.926 +05:30 [INF] [i1zfr5a5ldo] HTTP GET /api/notifications responded 200 in 1ms [Trace: i1zfr5a5ldo]
2026-10-06 10:49:32.993 +05:30 [INF] [nihryosf9k] HTTP GET /api/leaves/pending-approvals responded 200 in 66ms [Trace: nihryosf9k]
2026-10-06 10:49:32.994 +05:30 [INF] [2xqh2lu053e] HTTP GET /api/leaves/balances responded 200 in 68ms [Trace: 2xqh2lu053e]
2026-10-06 10:49:33.015 +05:30 [INF] [tnnbkcmm1xo] HTTP GET /api/notifications responded 200 in 1ms [Trace: tnnbkcmm1xo]
2026-10-06 10:49:33.020 +05:30 [INF] [9fwh68sue9] HTTP GET /api/leaves responded 200 in 1ms [Trace: 9fwh68sue9]
2026-10-06 10:49:33.020 +05:30 [INF] [bwfq2otqtag] HTTP GET /api/leaves/pending-approvals responded 200 in 1ms [Trace: bwfq2otqtag]
2026-10-06 10:49:33.035 +05:30 [INF] [w0h8x140l8] HTTP GET /api/leaves responded 200 in 1ms [Trace: w0h8x140l8]
2026-10-06 10:49:34.297 +05:30 [INF] [abvk9kl8xe] HTTP GET /api/positions responded 200 in 1ms [Trace: abvk9kl8xe]
2026-10-06 10:49:34.298 +05:30 [INF] [ue1jt3bimwq] HTTP GET /api/departments responded 200 in 1ms [Trace: ue1jt3bimwq]
2026-10-06 10:49:34.299 +05:30 [INF] [ht7ygrml6zl] HTTP GET /api/employees responded 200 in 2ms [Trace: ht7ygrml6zl]
2026-10-06 10:49:34.314 +05:30 [INF] [g0apgi8bm0w] HTTP GET /api/positions responded 200 in 1ms [Trace: g0apgi8bm0w]
2026-10-06 10:49:34.316 +05:30 [INF] [t992m6zreu] HTTP GET /api/departments responded 200 in 1ms [Trace: t992m6zreu]
2026-10-06 10:49:34.319 +05:30 [INF] [vg3l7s5wrw] HTTP GET /api/employees responded 200 in 1ms [Trace: vg3l7s5wrw]
2026-10-06 10:49:41.959 +05:30 [INF] [1yi0vhqd7f2] HTTP GET /api/employees responded 200 in 11ms [Trace: 1yi0vhqd7f2]
2026-10-06 10:49:41.979 +05:30 [INF] [1efvf4ttyqt] HTTP GET /api/departments responded 200 in 1ms [Trace: 1efvf4ttyqt]
2026-10-06 10:49:41.979 +05:30 [INF] [zfpj4k5ukz] HTTP GET /api/employees responded 200 in 2ms [Trace: zfpj4k5ukz]
2026-10-06 10:49:41.991 +05:30 [INF] [3ux4xcgxqng] HTTP GET /api/leaves responded 200 in 2ms [Trace: 3ux4xcgxqng]
2026-10-06 10:49:41.993 +05:30 [INF] [nlkt98o85fn] HTTP GET /api/departments responded 200 in 1ms [Trace: nlkt98o85fn]
2026-10-06 10:49:42.007 +05:30 [INF] [u46c8epv4y] HTTP GET /api/attendance/today responded 200 in 1ms [Trace: u46c8epv4y]
2026-10-06 10:49:42.007 +05:30 [INF] [d3fbnnxticq] HTTP GET /api/leaves responded 200 in 2ms [Trace: d3fbnnxticq]
2026-10-06 10:49:42.021 +05:30 [INF] [fkirydfh8pi] HTTP GET /api/attendance/today responded 200 in 1ms [Trace: fkirydfh8pi]
2026-10-06 10:49:43.004 +05:30 [INF] [5x3okvjtm7s] HTTP GET /api/positions responded 200 in 2ms [Trace: 5x3okvjtm7s]
2026-10-06 10:49:43.004 +05:30 [INF] [lrosdhg4oap] HTTP GET /api/departments responded 200 in 2ms [Trace: lrosdhg4oap]
2026-10-06 10:49:43.005 +05:30 [INF] [p583haym3e] HTTP GET /api/employees responded 200 in 3ms [Trace: p583haym3e]
2026-10-06 10:49:43.020 +05:30 [INF] [6lzi00j2ojt] HTTP GET /api/positions responded 200 in 1ms [Trace: 6lzi00j2ojt]
2026-10-06 10:49:43.023 +05:30 [INF] [g0w0ee6lswj] HTTP GET /api/departments responded 200 in 1ms [Trace: g0w0ee6lswj]
2026-10-06 10:49:43.028 +05:30 [INF] [zqcptq6vzr] HTTP GET /api/employees responded 200 in 2ms [Trace: zqcptq6vzr]
2026-10-06 10:49:45.988 +05:30 [INF] [xzhxat7urjd] HTTP GET /api/departments responded 200 in 2ms [Trace: xzhxat7urjd]
2026-10-06 10:49:46.008 +05:30 [INF] [h5wrgdaog0w] HTTP GET /api/departments responded 200 in 2ms [Trace: h5wrgdaog0w]
2026-10-06 10:49:47.254 +05:30 [INF] [mq9i9z3ijn] HTTP GET /api/positions responded 200 in 2ms [Trace: mq9i9z3ijn]
2026-10-06 10:49:47.269 +05:30 [INF] [g04no2mutmf] HTTP GET /api/positions responded 200 in 1ms [Trace: g04no2mutmf]
2026-10-06 10:49:50.017 +05:30 [INF] [rituc50l86d] HTTP GET /api/departments responded 200 in 2ms [Trace: rituc50l86d]
2026-10-06 10:49:50.032 +05:30 [INF] [9sgtix5u5yo] HTTP GET /api/departments responded 200 in 2ms [Trace: 9sgtix5u5yo]
2026-10-06 10:50:00.347 +05:30 [INF] [qdlzfwu0qn] HTTP GET /api/employees responded 200 in 40ms [Trace: qdlzfwu0qn]
2026-10-06 10:50:00.353 +05:30 [INF] [9ijj8rl8pyj] HTTP GET /api/departments responded 200 in 44ms [Trace: 9ijj8rl8pyj]
2026-10-06 10:50:00.359 +05:30 [INF] [js8k6t7rew] HTTP GET /api/employees responded 200 in 2ms [Trace: js8k6t7rew]
2026-10-06 10:50:00.363 +05:30 [INF] [v5a4owr1gbk] HTTP GET /api/departments responded 200 in 1ms [Trace: v5a4owr1gbk]
2026-10-06 10:50:00.461 +05:30 [INF] [6bbijawi8hp] HTTP GET /api/positions responded 200 in 153ms [Trace: 6bbijawi8hp]
2026-10-06 10:50:00.476 +05:30 [INF] [zi8dwxmn5ps] HTTP GET /api/positions responded 200 in 0ms [Trace: zi8dwxmn5ps]
2026-10-06 10:50:02.914 +05:30 [INF] [8n941z5ri0s] HTTP GET /api/notifications/unread-count responded 200 in 1ms [Trace: 8n941z5ri0s]
2026-10-06 10:50:02.930 +05:30 [INF] [e9a6geslkml] HTTP GET /api/notifications responded 200 in 1ms [Trace: e9a6geslkml]
2026-10-06 10:50:03.083 +05:30 [INF] [709tq1ojoaa] HTTP GET /api/attendance/today responded 200 in 1ms [Trace: 709tq1ojoaa]
2026-10-06 10:50:03.098 +05:30 [INF] [v3deho5s1ah] HTTP GET /api/attendance/today responded 200 in 1ms [Trace: v3deho5s1ah]
2026-10-06 10:50:03.108 +05:30 [INF] [bopr4yxyuim] HTTP GET /api/attendance responded 200 in 11ms [Trace: bopr4yxyuim]
2026-10-06 10:50:03.120 +05:30 [INF] [qbk917q6tf9] HTTP GET /api/attendance responded 200 in 1ms [Trace: qbk917q6tf9]
2026-10-06 10:50:03.925 +05:30 [INF] [0jxz3rsl417] HTTP GET /api/leaves/types responded 200 in 2ms [Trace: 0jxz3rsl417]
2026-10-06 10:50:03.929 +05:30 [INF] [ecyu54a913] HTTP GET /api/leaves/balances responded 200 in 5ms [Trace: ecyu54a913]
2026-10-06 10:50:03.941 +05:30 [INF] [ej7lnhfw3se] HTTP GET /api/leaves/types responded 200 in 2ms [Trace: ej7lnhfw3se]
2026-10-06 10:50:03.947 +05:30 [INF] [g20umsiefh] HTTP GET /api/leaves/pending-approvals responded 200 in 2ms [Trace: g20umsiefh]
2026-10-06 10:50:03.949 +05:30 [INF] [ms5ts50mhjj] HTTP GET /api/leaves/balances responded 200 in 3ms [Trace: ms5ts50mhjj]
2026-10-06 10:50:03.958 +05:30 [INF] [xam119184fj] HTTP GET /api/leaves responded 200 in 1ms [Trace: xam119184fj]
2026-10-06 10:50:03.962 +05:30 [INF] [mphj0yvbzu] HTTP GET /api/leaves/pending-approvals responded 200 in 1ms [Trace: mphj0yvbzu]
2026-10-06 10:50:03.971 +05:30 [INF] [s3xo7drzqi] HTTP GET /api/leaves responded 200 in 1ms [Trace: s3xo7drzqi]
2026-10-06 10:50:04.940 +05:30 [INF] [e98h78ukqrr] HTTP GET /api/attendance/today responded 200 in 2ms [Trace: e98h78ukqrr]
2026-10-06 10:50:04.955 +05:30 [INF] [rl7v9ww2o1m] HTTP GET /api/attendance/today responded 200 in 1ms [Trace: rl7v9ww2o1m]
2026-10-06 10:50:04.955 +05:30 [INF] [y9yuv4y4rxi] HTTP GET /api/attendance responded 200 in 1ms [Trace: y9yuv4y4rxi]
2026-10-06 10:50:04.967 +05:30 [INF] [0j6nimag70oe] HTTP GET /api/attendance responded 200 in 1ms [Trace: 0j6nimag70oe]
2026-10-06 10:50:06.951 +05:30 [INF] [r2sck998dc] HTTP GET /api/leaves/types responded 200 in 1ms [Trace: r2sck998dc]
2026-10-06 10:50:06.954 +05:30 [INF] [08hk59d473td] HTTP GET /api/leaves/balances responded 200 in 4ms [Trace: 08hk59d473td]
2026-10-06 10:50:06.963 +05:30 [INF] [temd13n0do] HTTP GET /api/leaves/types responded 200 in 1ms [Trace: temd13n0do]
2026-10-06 10:50:06.967 +05:30 [INF] [ms68z0klt2] HTTP GET /api/leaves/pending-approvals responded 200 in 1ms [Trace: ms68z0klt2]
2026-10-06 10:50:06.968 +05:30 [INF] [i524l4nfde] HTTP GET /api/leaves/balances responded 200 in 3ms [Trace: i524l4nfde]
2026-10-06 10:50:06.978 +05:30 [INF] [xk46hx1bkl] HTTP GET /api/leaves responded 200 in 1ms [Trace: xk46hx1bkl]
2026-10-06 10:50:06.979 +05:30 [INF] [t19dxa99gg8] HTTP GET /api/leaves/pending-approvals responded 200 in 1ms [Trace: t19dxa99gg8]
2026-10-06 10:50:06.991 +05:30 [INF] [o6fre1o6oqf] HTTP GET /api/leaves responded 200 in 2ms [Trace: o6fre1o6oqf]
2026-10-06 10:50:08.401 +05:30 [INF] [1x0u4b80f31] HTTP GET /api/leaves/types responded 200 in 1ms [Trace: 1x0u4b80f31]
2026-10-06 10:50:08.405 +05:30 [INF] [ne7q6zzh2p] HTTP GET /api/leaves/balances responded 200 in 5ms [Trace: ne7q6zzh2p]
2026-10-06 10:50:08.420 +05:30 [INF] [p4ym8ik45z] HTTP GET /api/leaves/pending-approvals responded 200 in 2ms [Trace: p4ym8ik45z]
2026-10-06 10:50:08.434 +05:30 [INF] [ko5d2bocnw] HTTP GET /api/leaves/pending-approvals responded 200 in 2ms [Trace: ko5d2bocnw]
2026-10-06 10:50:10.222 +05:30 [INF] [hl35qecvnlr] HTTP GET /api/employees responded 200 in 4ms [Trace: hl35qecvnlr]
2026-10-06 10:50:10.243 +05:30 [INF] [84d6vnn8j8u] HTTP GET /api/employees responded 200 in 2ms [Trace: 84d6vnn8j8u]
2026-10-06 10:50:10.267 +05:30 [INF] [nf5j972h55] HTTP GET /api/projects responded 200 in 48ms [Trace: nf5j972h55]
2026-10-06 10:50:10.283 +05:30 [INF] [vb8z56itf5] HTTP GET /api/projects responded 200 in 1ms [Trace: vb8z56itf5]
2026-10-06 10:50:14.644 +05:30 [INF] [ey4hupvm0yw] LOGOUT. User 1
2026-10-06 10:50:14.649 +05:30 [INF] [ey4hupvm0yw] HTTP POST /api/auth/logout responded 204 in 33ms [Trace: ey4hupvm0yw]
2026-10-06 10:50:16.892 +05:30 [INF] [cx04onhbxde] LOGIN_SUCCESS. User manager@company.com, EmployeeId: 3
2026-10-06 10:50:16.894 +05:30 [INF] [cx04onhbxde] HTTP POST /api/auth/login responded 200 in 29ms [Trace: cx04onhbxde]
2026-10-06 10:50:16.920 +05:30 [INF] [jmu4eom7yvn] HTTP GET /api/employees responded 403 in 0ms [Trace: jmu4eom7yvn]
2026-10-06 10:50:16.921 +05:30 [INF] [wre7b3q0a9r] HTTP GET /api/notifications/unread-count responded 200 in 1ms [Trace: wre7b3q0a9r]
2026-10-06 10:50:16.923 +05:30 [INF] [jr8rtxxy8xa] HTTP GET /api/projects responded 200 in 2ms [Trace: jr8rtxxy8xa]
2026-10-06 10:50:16.933 +05:30 [INF] [635o1cwdonl] HTTP GET /api/employees responded 403 in 0ms [Trace: 635o1cwdonl]
2026-10-06 10:50:16.936 +05:30 [INF] [vqxs1zelszl] HTTP GET /api/notifications/unread-count responded 200 in 1ms [Trace: vqxs1zelszl]
2026-10-06 10:50:16.937 +05:30 [INF] [929xt2imbv] HTTP GET /api/notifications responded 200 in 0ms [Trace: 929xt2imbv]
2026-10-06 10:50:16.943 +05:30 [INF] [bg8iso5hud] HTTP GET /api/projects responded 200 in 2ms [Trace: bg8iso5hud]
2026-10-06 10:50:16.955 +05:30 [INF] [f4a70r1px8f] HTTP GET /api/notifications responded 200 in 1ms [Trace: f4a70r1px8f]
2026-10-06 10:50:24.004 +05:30 [INF] [hjbrhheh7to] HTTP GET /api/employees responded 403 in 0ms [Trace: hjbrhheh7to]
2026-10-06 10:50:24.020 +05:30 [INF] [c3zxhgj838i] HTTP GET /api/employees responded 403 in 0ms [Trace: c3zxhgj838i]
2026-10-06 10:50:24.314 +05:30 [INF] [8jkrlmt7b2k] HTTP GET /api/employees responded 403 in 0ms [Trace: 8jkrlmt7b2k]
2026-10-06 10:50:24.315 +05:30 [INF] [vhnzijc95db] HTTP GET /api/positions responded 200 in 1ms [Trace: vhnzijc95db]
2026-10-06 10:50:24.316 +05:30 [INF] [5pqwuc4vr9y] HTTP GET /api/departments responded 200 in 1ms [Trace: 5pqwuc4vr9y]
2026-10-06 10:50:24.328 +05:30 [INF] [bklqz0hrokr] HTTP GET /api/employees responded 403 in 0ms [Trace: bklqz0hrokr]
2026-10-06 10:50:24.330 +05:30 [INF] [467c0cdn8mq] HTTP GET /api/positions responded 200 in 0ms [Trace: 467c0cdn8mq]
2026-10-06 10:50:24.332 +05:30 [INF] [dotuq34o4b4] HTTP GET /api/departments responded 200 in 1ms [Trace: dotuq34o4b4]
2026-10-06 10:50:25.885 +05:30 [INF] [5r5plh0e39s] HTTP GET /api/auth/me responded 200 in 2ms [Trace: 5r5plh0e39s]
2026-10-06 10:50:25.905 +05:30 [INF] [e7wr1k4l6c6] HTTP GET /api/auth/me responded 200 in 3ms [Trace: e7wr1k4l6c6]
2026-10-06 10:50:25.909 +05:30 [INF] [vrj72wp456s] HTTP GET /api/notifications/unread-count responded 200 in 1ms [Trace: vrj72wp456s]
2026-10-06 10:50:25.909 +05:30 [INF] [hfy9i1pmdhs] HTTP GET /api/positions responded 200 in 0ms [Trace: hfy9i1pmdhs]
2026-10-06 10:50:25.910 +05:30 [INF] [9zn2o6816f4] HTTP GET /api/departments responded 200 in 1ms [Trace: 9zn2o6816f4]
2026-10-06 10:50:25.976 +05:30 [INF] [c4d9ng8vnfs] HTTP GET /api/employees responded 403 in 65ms [Trace: c4d9ng8vnfs]
2026-10-06 10:50:25.993 +05:30 [INF] [nxjmppzrplc] HTTP GET /api/notifications/unread-count responded 200 in 1ms [Trace: nxjmppzrplc]
2026-10-06 10:50:25.995 +05:30 [INF] [iqk4we84lgl] HTTP GET /api/employees responded 403 in 0ms [Trace: iqk4we84lgl]
2026-10-06 10:50:25.995 +05:30 [INF] [jod2y220lgo] HTTP GET /api/notifications responded 200 in 1ms [Trace: jod2y220lgo]
2026-10-06 10:50:25.995 +05:30 [INF] [ljqiyt00ik] HTTP GET /api/positions responded 200 in 0ms [Trace: ljqiyt00ik]
2026-10-06 10:50:26.058 +05:30 [INF] [bbwiplzpe4c] HTTP GET /api/departments responded 200 in 62ms [Trace: bbwiplzpe4c]
2026-10-06 10:50:26.078 +05:30 [INF] [3i6v6x9z1pi] HTTP GET /api/notifications responded 200 in 1ms [Trace: 3i6v6x9z1pi]
2026-10-06 10:50:26.555 +05:30 [INF] [0ar2xwr7lym] HTTP GET /api/auth/me responded 200 in 3ms [Trace: 0ar2xwr7lym]
2026-10-06 10:50:26.568 +05:30 [INF] [enp860tldah] HTTP GET /api/auth/me responded 200 in 2ms [Trace: enp860tldah]
2026-10-06 10:50:26.575 +05:30 [INF] [7de1937p62c] HTTP GET /api/employees responded 403 in 0ms [Trace: 7de1937p62c]
2026-10-06 10:50:26.576 +05:30 [INF] [2pt1l81wnvv] HTTP GET /api/positions responded 200 in 1ms [Trace: 2pt1l81wnvv]
2026-10-06 10:50:26.576 +05:30 [INF] [soethtknyes] HTTP GET /api/notifications/unread-count responded 200 in 0ms [Trace: soethtknyes]
2026-10-06 10:50:26.576 +05:30 [INF] [iuik2rq6gkq] HTTP GET /api/departments responded 200 in 2ms [Trace: iuik2rq6gkq]
2026-10-06 10:50:26.586 +05:30 [INF] [jcmug75iso] HTTP GET /api/employees responded 403 in 0ms [Trace: jcmug75iso]
2026-10-06 10:50:26.587 +05:30 [INF] [wsjr6tw0abj] HTTP GET /api/positions responded 200 in 0ms [Trace: wsjr6tw0abj]
2026-10-06 10:50:26.589 +05:30 [INF] [yl40tf32g5g] HTTP GET /api/notifications/unread-count responded 200 in 1ms [Trace: yl40tf32g5g]
2026-10-06 10:50:26.591 +05:30 [INF] [px70r35z9w] HTTP GET /api/notifications responded 200 in 1ms [Trace: px70r35z9w]
2026-10-06 10:50:26.592 +05:30 [INF] [gv0squ8ustw] HTTP GET /api/departments responded 200 in 1ms [Trace: gv0squ8ustw]
2026-10-06 10:50:26.602 +05:30 [INF] [r0ev7xhnjdj] HTTP GET /api/notifications responded 200 in 1ms [Trace: r0ev7xhnjdj]
2026-10-06 10:50:27.049 +05:30 [INF] [iaqgqkiju7] HTTP GET /api/auth/me responded 200 in 2ms [Trace: iaqgqkiju7]
2026-10-06 10:50:27.060 +05:30 [INF] [seaa7gfxrrn] HTTP GET /api/auth/me responded 200 in 2ms [Trace: seaa7gfxrrn]
2026-10-06 10:50:27.067 +05:30 [INF] [o6lzmj056kl] HTTP GET /api/employees responded 403 in 0ms [Trace: o6lzmj056kl]
2026-10-06 10:50:27.068 +05:30 [INF] [dxvzf4emau7] HTTP GET /api/notifications/unread-count responded 200 in 0ms [Trace: dxvzf4emau7]
2026-10-06 10:50:27.068 +05:30 [INF] [7gto6k00gic] HTTP GET /api/positions responded 200 in 0ms [Trace: 7gto6k00gic]
2026-10-06 10:50:27.068 +05:30 [INF] [iewnt0qs87] HTTP GET /api/departments responded 200 in 1ms [Trace: iewnt0qs87]
2026-10-06 10:50:27.076 +05:30 [INF] [6hyvj01y8u] HTTP GET /api/employees responded 403 in 0ms [Trace: 6hyvj01y8u]
2026-10-06 10:50:27.080 +05:30 [INF] [aq2jo5jlzml] HTTP GET /api/notifications/unread-count responded 200 in 1ms [Trace: aq2jo5jlzml]
2026-10-06 10:50:27.080 +05:30 [INF] [z2ngqxo55p] HTTP GET /api/notifications responded 200 in 0ms [Trace: z2ngqxo55p]
2026-10-06 10:50:27.081 +05:30 [INF] [c6rhgexx58t] HTTP GET /api/positions responded 200 in 0ms [Trace: c6rhgexx58t]
2026-10-06 10:50:27.083 +05:30 [INF] [qdn6t8anlom] HTTP GET /api/departments responded 200 in 1ms [Trace: qdn6t8anlom]
2026-10-06 10:50:27.091 +05:30 [INF] [z52l4yj7n0b] HTTP GET /api/notifications responded 200 in 1ms [Trace: z52l4yj7n0b]
2026-10-06 10:50:27.788 +05:30 [INF] [rk6bffs2lj] HTTP GET /api/leaves/types responded 200 in 1ms [Trace: rk6bffs2lj]
2026-10-06 10:50:27.791 +05:30 [INF] [lviukaqghp9] HTTP GET /api/leaves/balances responded 200 in 4ms [Trace: lviukaqghp9]
2026-10-06 10:50:27.808 +05:30 [INF] [13vzzzuzbd1o] HTTP GET /api/leaves/types responded 200 in 1ms [Trace: 13vzzzuzbd1o]
2026-10-06 10:50:27.812 +05:30 [INF] [ybl0qo3clq] HTTP GET /api/leaves/pending-approvals responded 200 in 1ms [Trace: ybl0qo3clq]
2026-10-06 10:50:27.814 +05:30 [INF] [e5srkv1at2i] HTTP GET /api/leaves/balances responded 200 in 3ms [Trace: e5srkv1at2i]
2026-10-06 10:50:27.826 +05:30 [INF] [bli91xjg1gs] HTTP GET /api/leaves responded 200 in 1ms [Trace: bli91xjg1gs]
2026-10-06 10:50:27.826 +05:30 [INF] [iaceoq394hn] HTTP GET /api/leaves/pending-approvals responded 200 in 1ms [Trace: iaceoq394hn]
2026-10-06 10:50:27.840 +05:30 [INF] [mz320utj8q] HTTP GET /api/leaves responded 200 in 1ms [Trace: mz320utj8q]
2026-10-06 10:50:28.517 +05:30 [INF] [jprtr8dbiss] HTTP GET /api/employees responded 403 in 0ms [Trace: jprtr8dbiss]
2026-10-06 10:50:28.520 +05:30 [INF] [sefnj7ggbhs] HTTP GET /api/projects responded 200 in 2ms [Trace: sefnj7ggbhs]
2026-10-06 10:50:28.532 +05:30 [INF] [lngq703g66] HTTP GET /api/employees responded 403 in 0ms [Trace: lngq703g66]
2026-10-06 10:50:28.536 +05:30 [INF] [tqk2fflvrui] HTTP GET /api/projects responded 200 in 1ms [Trace: tqk2fflvrui]
2026-10-06 10:50:29.470 +05:30 [INF] [mmfdtkyn6h] HTTP GET /api/departments responded 200 in 3ms [Trace: mmfdtkyn6h]
2026-10-06 10:50:29.487 +05:30 [INF] [gj9s7norovj] HTTP GET /api/departments responded 200 in 2ms [Trace: gj9s7norovj]
2026-10-06 10:50:30.009 +05:30 [INF] [t0nv1x56qel] HTTP GET /api/positions responded 200 in 1ms [Trace: t0nv1x56qel]
2026-10-06 10:50:30.020 +05:30 [INF] [8yuob3ciu1f] HTTP GET /api/positions responded 200 in 1ms [Trace: 8yuob3ciu1f]
2026-10-06 10:50:31.873 +05:30 [INF] [qjdpb6d7vp] LOGOUT. User 3
2026-10-06 10:50:31.874 +05:30 [INF] [qjdpb6d7vp] HTTP POST /api/auth/logout responded 204 in 16ms [Trace: qjdpb6d7vp]
2026-10-06 10:50:34.341 +05:30 [INF] [mlnhl3680hf] LOGIN_SUCCESS. User hr@company.com, EmployeeId: 2
2026-10-06 10:50:34.342 +05:30 [INF] [mlnhl3680hf] HTTP POST /api/auth/login responded 200 in 24ms [Trace: mlnhl3680hf]
2026-10-06 10:50:34.369 +05:30 [INF] [q0dyviua1z] HTTP GET /api/notifications/unread-count responded 200 in 0ms [Trace: q0dyviua1z]
2026-10-06 10:50:34.369 +05:30 [INF] [jjez1gusubs] HTTP GET /api/positions responded 200 in 0ms [Trace: jjez1gusubs]
2026-10-06 10:50:34.384 +05:30 [INF] [2gix44gqpw8] HTTP GET /api/notifications responded 200 in 0ms [Trace: 2gix44gqpw8]
2026-10-06 10:50:34.384 +05:30 [INF] [aymfxf7gf7r] HTTP GET /api/notifications/unread-count responded 200 in 1ms [Trace: aymfxf7gf7r]
2026-10-06 10:50:34.385 +05:30 [INF] [dfuebot89dp] HTTP GET /api/positions responded 200 in 0ms [Trace: dfuebot89dp]
2026-10-06 10:50:34.398 +05:30 [INF] [a6cvval6x28] HTTP GET /api/notifications responded 200 in 0ms [Trace: a6cvval6x28]
2026-10-06 10:50:36.334 +05:30 [INF] [91iixnwtj47] HTTP GET /api/projects responded 200 in 3ms [Trace: 91iixnwtj47]
2026-10-06 10:50:36.335 +05:30 [INF] [u1khr0qble9] HTTP GET /api/employees responded 200 in 4ms [Trace: u1khr0qble9]
2026-10-06 10:50:36.362 +05:30 [INF] [8858o2l9ue] HTTP GET /api/projects responded 200 in 2ms [Trace: 8858o2l9ue]
2026-10-06 10:50:36.362 +05:30 [INF] [cgbusk8v4bu] HTTP GET /api/employees responded 200 in 2ms [Trace: cgbusk8v4bu]
2026-10-06 10:50:42.194 +05:30 [INF] [7254gofwcrc] HTTP POST /api/projects/3/employees responded 403 in 0ms [Trace: 7254gofwcrc]
2026-10-06 10:50:44.793 +05:30 [INF] [64ccm2r1mr9] HTTP POST /api/projects/3/employees responded 403 in 0ms [Trace: 64ccm2r1mr9]
2026-10-06 10:50:53.739 +05:30 [INF] [ztjhi69idjo] LOGOUT. User 2
2026-10-06 10:50:53.743 +05:30 [INF] [ztjhi69idjo] HTTP POST /api/auth/logout responded 204 in 15ms [Trace: ztjhi69idjo]
2026-10-06 10:50:55.627 +05:30 [INF] [taofjlj63r] LOGIN_SUCCESS. User admin@company.com, EmployeeId: 1
2026-10-06 10:50:55.628 +05:30 [INF] [taofjlj63r] HTTP POST /api/auth/login responded 200 in 23ms [Trace: taofjlj63r]
2026-10-06 10:50:55.654 +05:30 [INF] [ym1yrxrhv5c] HTTP GET /api/notifications/unread-count responded 200 in 1ms [Trace: ym1yrxrhv5c]
2026-10-06 10:50:55.655 +05:30 [INF] [gl4fz535yjm] HTTP GET /api/projects responded 200 in 1ms [Trace: gl4fz535yjm]
2026-10-06 10:50:55.655 +05:30 [INF] [pdfpl8pewem] HTTP GET /api/employees responded 200 in 2ms [Trace: pdfpl8pewem]
2026-10-06 10:50:55.667 +05:30 [INF] [paepq65xud] HTTP GET /api/notifications/unread-count responded 200 in 1ms [Trace: paepq65xud]
2026-10-06 10:50:55.668 +05:30 [INF] [gybmz1yxtke] HTTP GET /api/notifications responded 200 in 1ms [Trace: gybmz1yxtke]
2026-10-06 10:50:55.670 +05:30 [INF] [86x9vg7m8u8] HTTP GET /api/projects responded 200 in 1ms [Trace: 86x9vg7m8u8]
2026-10-06 10:50:55.673 +05:30 [INF] [ay1nzz15sot] HTTP GET /api/employees responded 200 in 2ms [Trace: ay1nzz15sot]
2026-10-06 10:50:55.684 +05:30 [INF] [3u6zl761h6c] HTTP GET /api/notifications responded 200 in 1ms [Trace: 3u6zl761h6c]
2026-10-06 10:51:03.633 +05:30 [INF] [eg5a8lzhejg] HTTP POST /api/projects/3/employees responded 200 in 69ms [Trace: eg5a8lzhejg]
2026-10-06 10:51:03.649 +05:30 [INF] [codwcf8u8xc] HTTP GET /api/projects responded 200 in 1ms [Trace: codwcf8u8xc]
2026-10-06 10:51:06.444 +05:30 [INF] [l67yuhjy2bl] LOGOUT. User 1
2026-10-06 10:51:06.447 +05:30 [INF] [l67yuhjy2bl] HTTP POST /api/auth/logout responded 204 in 12ms [Trace: l67yuhjy2bl]
2026-10-06 10:51:08.802 +05:30 [INF] [4hqj7sunmxl] LOGIN_SUCCESS. User manager@company.com, EmployeeId: 3
2026-10-06 10:51:08.805 +05:30 [INF] [4hqj7sunmxl] HTTP POST /api/auth/login responded 200 in 32ms [Trace: 4hqj7sunmxl]
2026-10-06 10:51:08.840 +05:30 [INF] [6eyqkijooh] HTTP GET /api/employees responded 403 in 0ms [Trace: 6eyqkijooh]
2026-10-06 10:51:08.841 +05:30 [INF] [ei6ihu3da5] HTTP GET /api/notifications/unread-count responded 200 in 1ms [Trace: ei6ihu3da5]
2026-10-06 10:51:08.842 +05:30 [INF] [sy841kiha7] HTTP GET /api/projects responded 200 in 1ms [Trace: sy841kiha7]
2026-10-06 10:51:08.853 +05:30 [INF] [x9wc1u6xrcl] HTTP GET /api/employees responded 403 in 0ms [Trace: x9wc1u6xrcl]
2026-10-06 10:51:08.859 +05:30 [INF] [6x5luz7yjv5] HTTP GET /api/notifications/unread-count responded 200 in 1ms [Trace: 6x5luz7yjv5]
2026-10-06 10:51:08.859 +05:30 [INF] [ihsqrfj0izi] HTTP GET /api/notifications responded 200 in 0ms [Trace: ihsqrfj0izi]
2026-10-06 10:51:08.860 +05:30 [INF] [5pfdd3k8bay] HTTP GET /api/projects responded 200 in 1ms [Trace: 5pfdd3k8bay]
2026-10-06 10:51:08.876 +05:30 [INF] [mte00mu897] HTTP GET /api/notifications responded 200 in 1ms [Trace: mte00mu897]
2026-10-06 10:51:11.385 +05:30 [INF] [t6ktas9za7m] HTTP GET /api/employees responded 403 in 0ms [Trace: t6ktas9za7m]
2026-10-06 10:51:11.386 +05:30 [INF] [pyh0id0oew] HTTP GET /api/positions responded 200 in 1ms [Trace: pyh0id0oew]
2026-10-06 10:51:11.386 +05:30 [INF] [n7c9slrkb7] HTTP GET /api/departments responded 200 in 1ms [Trace: n7c9slrkb7]
2026-10-06 10:51:11.399 +05:30 [INF] [hjjt4ozxupj] HTTP GET /api/employees responded 403 in 0ms [Trace: hjjt4ozxupj]
2026-10-06 10:51:11.403 +05:30 [INF] [5kflndb0lbb] HTTP GET /api/positions responded 200 in 1ms [Trace: 5kflndb0lbb]
2026-10-06 10:51:11.405 +05:30 [INF] [5bp7puc9c0g] HTTP GET /api/departments responded 200 in 1ms [Trace: 5bp7puc9c0g]
2026-10-06 10:51:11.859 +05:30 [INF] [m915yn4hza] HTTP GET /api/departments responded 200 in 2ms [Trace: m915yn4hza]
2026-10-06 10:51:11.875 +05:30 [INF] [z9amysiyfcq] HTTP GET /api/departments responded 200 in 2ms [Trace: z9amysiyfcq]
2026-10-06 10:51:13.102 +05:30 [INF] [1wufkk2nnpl] HTTP GET /api/leaves/types responded 200 in 1ms [Trace: 1wufkk2nnpl]
2026-10-06 10:51:13.121 +05:30 [INF] [orxc3ziczip] HTTP GET /api/leaves/types responded 200 in 1ms [Trace: orxc3ziczip]
2026-10-06 10:51:13.123 +05:30 [INF] [6iljlj6yqpb] HTTP GET /api/leaves/balances responded 200 in 22ms [Trace: 6iljlj6yqpb]
2026-10-06 10:51:13.143 +05:30 [INF] [rth89lu8vmp] HTTP GET /api/leaves/pending-approvals responded 200 in 1ms [Trace: rth89lu8vmp]
2026-10-06 10:51:13.145 +05:30 [INF] [qk2a463dzwr] HTTP GET /api/leaves/balances responded 200 in 3ms [Trace: qk2a463dzwr]
2026-10-06 10:51:13.157 +05:30 [INF] [x4gwjneowq] HTTP GET /api/leaves responded 200 in 1ms [Trace: x4gwjneowq]
2026-10-06 10:51:13.157 +05:30 [INF] [9k44veasp5t] HTTP GET /api/leaves/pending-approvals responded 200 in 1ms [Trace: 9k44veasp5t]
2026-10-06 10:51:13.168 +05:30 [INF] [8asjvtipbkx] HTTP GET /api/leaves responded 200 in 1ms [Trace: 8asjvtipbkx]
2026-10-06 10:51:13.920 +05:30 [INF] [4h1ihkibupj] HTTP GET /api/leaves/types responded 200 in 1ms [Trace: 4h1ihkibupj]
2026-10-06 10:51:13.923 +05:30 [INF] [zsl0386x0do] HTTP GET /api/leaves/balances responded 200 in 5ms [Trace: zsl0386x0do]
2026-10-06 10:51:13.942 +05:30 [INF] [fpzv9nnnq3r] HTTP GET /api/leaves/pending-approvals responded 200 in 2ms [Trace: fpzv9nnnq3r]
2026-10-06 10:51:13.955 +05:30 [INF] [1hhdag8nux9] HTTP GET /api/leaves/pending-approvals responded 200 in 1ms [Trace: 1hhdag8nux9]
2026-10-06 10:51:14.745 +05:30 [INF] [zoaz490otxd] HTTP GET /api/leaves/types responded 200 in 1ms [Trace: zoaz490otxd]
2026-10-06 10:51:14.751 +05:30 [INF] [e3o4sevtbl] HTTP GET /api/leaves/balances responded 200 in 7ms [Trace: e3o4sevtbl]
2026-10-06 10:51:14.764 +05:30 [INF] [l5iygqws8sr] HTTP GET /api/leaves/pending-approvals responded 200 in 2ms [Trace: l5iygqws8sr]
2026-10-06 10:51:14.790 +05:30 [INF] [i9psmmgz4rl] HTTP GET /api/leaves responded 200 in 16ms [Trace: i9psmmgz4rl]
2026-10-06 10:51:20.383 +05:30 [INF] [9rhsja3qdi] HTTP GET /api/leaves/types responded 200 in 1ms [Trace: 9rhsja3qdi]
2026-10-06 10:51:20.388 +05:30 [INF] [xcph3rscwv] HTTP GET /api/leaves/balances responded 200 in 5ms [Trace: xcph3rscwv]
2026-10-06 10:51:20.402 +05:30 [INF] [x9u1t19mb3o] HTTP GET /api/leaves/pending-approvals responded 200 in 2ms [Trace: x9u1t19mb3o]
2026-10-06 10:51:20.415 +05:30 [INF] [zbw3ory50wq] HTTP GET /api/leaves responded 200 in 1ms [Trace: zbw3ory50wq]
2026-10-06 10:51:21.201 +05:30 [INF] [ydqk9tyibga] HTTP GET /api/positions responded 200 in 1ms [Trace: ydqk9tyibga]
2026-10-06 10:51:21.212 +05:30 [INF] [b0m0cvg6xfe] HTTP GET /api/positions responded 200 in 1ms [Trace: b0m0cvg6xfe]
2026-10-06 10:51:22.603 +05:30 [INF] [a65b484ewed] HTTP GET /api/employees responded 403 in 0ms [Trace: a65b484ewed]
2026-10-06 10:51:22.605 +05:30 [INF] [25vt50zfgxv] HTTP GET /api/projects responded 200 in 2ms [Trace: 25vt50zfgxv]
2026-10-06 10:51:22.616 +05:30 [INF] [lqms9cbov1i] HTTP GET /api/employees responded 403 in 0ms [Trace: lqms9cbov1i]
2026-10-06 10:51:22.623 +05:30 [INF] [fkkztv4l7q9] HTTP GET /api/projects responded 200 in 2ms [Trace: fkkztv4l7q9]
2026-10-06 10:51:33.700 +05:30 [INF] [5hxx2lrjn3k] LOGOUT. User 3
2026-10-06 10:51:33.701 +05:30 [INF] [5hxx2lrjn3k] HTTP POST /api/auth/logout responded 204 in 7ms [Trace: 5hxx2lrjn3k]
2026-10-06 10:51:35.814 +05:30 [INF] [r47ifzttp0h] LOGIN_SUCCESS. User admin@company.com, EmployeeId: 1
2026-10-06 10:51:35.815 +05:30 [INF] [r47ifzttp0h] HTTP POST /api/auth/login responded 200 in 22ms [Trace: r47ifzttp0h]
2026-10-06 10:51:35.845 +05:30 [INF] [4f1c89kpg66] HTTP GET /api/notifications/unread-count responded 200 in 1ms [Trace: 4f1c89kpg66]
2026-10-06 10:51:35.845 +05:30 [INF] [90xc8itqcr5] HTTP GET /api/projects responded 200 in 1ms [Trace: 90xc8itqcr5]
2026-10-06 10:51:35.852 +05:30 [INF] [ykqu875yxsm] HTTP GET /api/employees responded 200 in 6ms [Trace: ykqu875yxsm]
2026-10-06 10:51:35.866 +05:30 [INF] [359q8dy823] HTTP GET /api/notifications/unread-count responded 200 in 1ms [Trace: 359q8dy823]
2026-10-06 10:51:35.867 +05:30 [INF] [urojfbosgai] HTTP GET /api/notifications responded 200 in 0ms [Trace: urojfbosgai]
2026-10-06 10:51:35.867 +05:30 [INF] [xdbz02ludd] HTTP GET /api/projects responded 200 in 1ms [Trace: xdbz02ludd]
2026-10-06 10:51:35.874 +05:30 [INF] [5ddyo8gr58n] HTTP GET /api/employees responded 200 in 2ms [Trace: 5ddyo8gr58n]
2026-10-06 10:51:35.881 +05:30 [INF] [peg8qsyh8r] HTTP GET /api/notifications responded 200 in 1ms [Trace: peg8qsyh8r]
2026-10-06 10:51:39.701 +05:30 [INF] [c3hwprwj0jd] HTTP POST /api/projects/2/employees responded 200 in 10ms [Trace: c3hwprwj0jd]
2026-10-06 10:51:39.723 +05:30 [INF] [ykin5e0f53] HTTP GET /api/projects responded 200 in 2ms [Trace: ykin5e0f53]
2026-10-06 10:51:41.631 +05:30 [INF] [xu4ukk6diu] LOGOUT. User 1
2026-10-06 10:51:41.633 +05:30 [INF] [xu4ukk6diu] HTTP POST /api/auth/logout responded 204 in 12ms [Trace: xu4ukk6diu]
2026-10-06 10:51:43.854 +05:30 [INF] [3fzuox29ncn] LOGIN_SUCCESS. User manager@company.com, EmployeeId: 3
2026-10-06 10:51:43.855 +05:30 [INF] [3fzuox29ncn] HTTP POST /api/auth/login responded 200 in 28ms [Trace: 3fzuox29ncn]
2026-10-06 10:51:43.884 +05:30 [INF] [tgsrv95qgs] HTTP GET /api/employees responded 403 in 0ms [Trace: tgsrv95qgs]
2026-10-06 10:51:43.889 +05:30 [INF] [tj0644cblms] HTTP GET /api/notifications/unread-count responded 200 in 5ms [Trace: tj0644cblms]
2026-10-06 10:51:43.891 +05:30 [INF] [uveoejzx5sb] HTTP GET /api/projects responded 200 in 7ms [Trace: uveoejzx5sb]
2026-10-06 10:51:43.896 +05:30 [INF] [6s8hr40ombw] HTTP GET /api/employees responded 403 in 0ms [Trace: 6s8hr40ombw]
2026-10-06 10:51:43.903 +05:30 [INF] [c8gp98w3al4] HTTP GET /api/notifications/unread-count responded 200 in 1ms [Trace: c8gp98w3al4]
2026-10-06 10:51:43.904 +05:30 [INF] [x2rsrhe7fe] HTTP GET /api/notifications responded 200 in 1ms [Trace: x2rsrhe7fe]
2026-10-06 10:51:43.907 +05:30 [INF] [ax4wqph76r] HTTP GET /api/projects responded 200 in 1ms [Trace: ax4wqph76r]
2026-10-06 10:51:43.919 +05:30 [INF] [sqopxsyc16] HTTP GET /api/notifications responded 200 in 1ms [Trace: sqopxsyc16]
2026-10-06 10:51:45.348 +05:30 [INF] [783izy3ffi9] HTTP GET /api/leaves/types responded 200 in 0ms [Trace: 783izy3ffi9]
2026-10-06 10:51:45.351 +05:30 [INF] [8wuuf928td] HTTP GET /api/leaves/balances responded 200 in 4ms [Trace: 8wuuf928td]
2026-10-06 10:51:45.370 +05:30 [INF] [0l7ll1iuef8] HTTP GET /api/leaves/types responded 200 in 1ms [Trace: 0l7ll1iuef8]
2026-10-06 10:51:45.375 +05:30 [INF] [m3738gf2o0g] HTTP GET /api/leaves/balances responded 200 in 4ms [Trace: m3738gf2o0g]
2026-10-06 10:51:45.375 +05:30 [INF] [g6cld3m2gsn] HTTP GET /api/leaves/pending-approvals responded 200 in 2ms [Trace: g6cld3m2gsn]
2026-10-06 10:51:45.402 +05:30 [INF] [lqlsprpgovr] HTTP GET /api/leaves/pending-approvals responded 200 in 2ms [Trace: lqlsprpgovr]
2026-10-06 10:51:45.402 +05:30 [INF] [sctmg7tf1bm] HTTP GET /api/leaves responded 200 in 1ms [Trace: sctmg7tf1bm]
2026-10-06 10:51:45.420 +05:30 [INF] [re1cmg70eho] HTTP GET /api/leaves responded 200 in 1ms [Trace: re1cmg70eho]
2026-10-06 10:51:46.330 +05:30 [INF] [is1vdhyapz] HTTP GET /api/leaves/types responded 200 in 0ms [Trace: is1vdhyapz]
2026-10-06 10:51:46.332 +05:30 [INF] [6wopyjaephu] HTTP GET /api/leaves/balances responded 200 in 3ms [Trace: 6wopyjaephu]
2026-10-06 10:51:46.342 +05:30 [INF] [kf8ulwhvzxq] HTTP GET /api/leaves/pending-approvals responded 200 in 1ms [Trace: kf8ulwhvzxq]
2026-10-06 10:51:46.353 +05:30 [INF] [52igipmjj0a] HTTP GET /api/leaves/pending-approvals responded 200 in 1ms [Trace: 52igipmjj0a]
2026-10-06 10:51:46.766 +05:30 [INF] [4awsypkk33b] HTTP GET /api/leaves/types responded 200 in 1ms [Trace: 4awsypkk33b]
2026-10-06 10:51:46.769 +05:30 [INF] [s5l9ff6993a] HTTP GET /api/leaves/balances responded 200 in 4ms [Trace: s5l9ff6993a]
2026-10-06 10:51:46.788 +05:30 [INF] [17yynqdysp] HTTP GET /api/leaves/pending-approvals responded 200 in 2ms [Trace: 17yynqdysp]
2026-10-06 10:51:46.803 +05:30 [INF] [671z56eswgj] HTTP GET /api/leaves responded 200 in 3ms [Trace: 671z56eswgj]
2026-10-06 10:51:47.152 +05:30 [INF] [21nfccu6f31] HTTP GET /api/leaves/types responded 200 in 1ms [Trace: 21nfccu6f31]
2026-10-06 10:51:47.155 +05:30 [INF] [digj3hhgaf9] HTTP GET /api/leaves/balances responded 200 in 4ms [Trace: digj3hhgaf9]
2026-10-06 10:51:47.171 +05:30 [INF] [vyx2py06ne] HTTP GET /api/leaves/pending-approvals responded 200 in 2ms [Trace: vyx2py06ne]
2026-10-06 10:51:47.189 +05:30 [INF] [muds2vjvdr] HTTP GET /api/leaves/pending-approvals responded 200 in 2ms [Trace: muds2vjvdr]
2026-10-06 10:51:47.786 +05:30 [INF] [2nh0tei892k] HTTP GET /api/leaves/types responded 200 in 1ms [Trace: 2nh0tei892k]
2026-10-06 10:51:47.789 +05:30 [INF] [upd8rzdnoks] HTTP GET /api/leaves/balances responded 200 in 5ms [Trace: upd8rzdnoks]
2026-10-06 10:51:47.803 +05:30 [INF] [2yltrjaal8d] HTTP GET /api/leaves/pending-approvals responded 200 in 1ms [Trace: 2yltrjaal8d]
2026-10-06 10:51:47.812 +05:30 [INF] [yeygmonbrj] HTTP GET /api/leaves responded 200 in 1ms [Trace: yeygmonbrj]
2026-10-06 10:51:48.441 +05:30 [INF] [429jtvmol6x] HTTP GET /api/leaves/types responded 200 in 1ms [Trace: 429jtvmol6x]
2026-10-06 10:51:48.444 +05:30 [INF] [72bbd8km46b] HTTP GET /api/leaves/balances responded 200 in 5ms [Trace: 72bbd8km46b]
2026-10-06 10:51:48.462 +05:30 [INF] [zc21fc0fy1b] HTTP GET /api/leaves/pending-approvals responded 200 in 2ms [Trace: zc21fc0fy1b]
2026-10-06 10:51:48.477 +05:30 [INF] [ohexunrdkll] HTTP GET /api/leaves/pending-approvals responded 200 in 2ms [Trace: ohexunrdkll]
2026-10-06 10:51:49.800 +05:30 [INF] [tpxt1et3fxq] HTTP GET /api/leaves/types responded 200 in 1ms [Trace: tpxt1et3fxq]
2026-10-06 10:51:49.803 +05:30 [INF] [gh3xrhd4h8w] HTTP GET /api/leaves/balances responded 200 in 5ms [Trace: gh3xrhd4h8w]
2026-10-06 10:51:49.821 +05:30 [INF] [0yccghnolshe] HTTP GET /api/leaves/pending-approvals responded 200 in 2ms [Trace: 0yccghnolshe]
2026-10-06 10:51:49.835 +05:30 [INF] [nk6qyguteu] HTTP GET /api/leaves responded 200 in 2ms [Trace: nk6qyguteu]
2026-10-06 10:51:50.271 +05:30 [INF] [wexoi2ashto] HTTP GET /api/leaves/types responded 200 in 1ms [Trace: wexoi2ashto]
2026-10-06 10:51:50.274 +05:30 [INF] [b76zjyho2xt] HTTP GET /api/leaves/balances responded 200 in 4ms [Trace: b76zjyho2xt]
2026-10-06 10:51:50.292 +05:30 [INF] [qj4yaeylx2p] HTTP GET /api/leaves/pending-approvals responded 200 in 2ms [Trace: qj4yaeylx2p]
2026-10-06 10:51:50.308 +05:30 [INF] [fyo6yo2l2wg] HTTP GET /api/leaves/pending-approvals responded 200 in 2ms [Trace: fyo6yo2l2wg]
2026-10-06 10:51:51.362 +05:30 [INF] [elaeazb421k] HTTP GET /api/leaves/types responded 200 in 1ms [Trace: elaeazb421k]
2026-10-06 10:51:51.365 +05:30 [INF] [po7ov4jyp6a] HTTP GET /api/leaves/balances responded 200 in 5ms [Trace: po7ov4jyp6a]
2026-10-06 10:51:51.383 +05:30 [INF] [zw6efa61wi] HTTP GET /api/leaves/pending-approvals responded 200 in 2ms [Trace: zw6efa61wi]
2026-10-06 10:51:51.401 +05:30 [INF] [pcqgsgjtw09] HTTP GET /api/leaves responded 200 in 2ms [Trace: pcqgsgjtw09]
2026-10-06 10:51:52.218 +05:30 [INF] [ant05zv64uf] HTTP GET /api/leaves/types responded 200 in 1ms [Trace: ant05zv64uf]
2026-10-06 10:51:52.221 +05:30 [INF] [1xc4t662b66] HTTP GET /api/leaves/balances responded 200 in 4ms [Trace: 1xc4t662b66]
2026-10-06 10:51:52.236 +05:30 [INF] [43xixmgcqc8] HTTP GET /api/leaves/pending-approvals responded 200 in 2ms [Trace: 43xixmgcqc8]
2026-10-06 10:51:52.249 +05:30 [INF] [uz7i0j0j29j] HTTP GET /api/leaves/pending-approvals responded 200 in 2ms [Trace: uz7i0j0j29j]
2026-10-06 10:51:53.165 +05:30 [INF] [8mnbsyj8t3b] HTTP GET /api/leaves/types responded 200 in 1ms [Trace: 8mnbsyj8t3b]
2026-10-06 10:51:53.168 +05:30 [INF] [yhpau9qqudn] HTTP GET /api/leaves/balances responded 200 in 4ms [Trace: yhpau9qqudn]
2026-10-06 10:51:53.184 +05:30 [INF] [3v89mksczyq] HTTP GET /api/leaves/pending-approvals responded 200 in 2ms [Trace: 3v89mksczyq]
2026-10-06 10:51:53.197 +05:30 [INF] [1ktg88f4tii] HTTP GET /api/leaves responded 200 in 2ms [Trace: 1ktg88f4tii]
2026-10-06 10:51:57.229 +05:30 [INF] [h06w9h33zfo] LOGOUT. User 3
2026-10-06 10:51:57.230 +05:30 [INF] [h06w9h33zfo] HTTP POST /api/auth/logout responded 204 in 13ms [Trace: h06w9h33zfo]
2026-10-06 10:51:59.630 +05:30 [INF] [s91i3dk2k1] LOGIN_SUCCESS. User yuvraj@gmail.com, EmployeeId: 7
2026-10-06 10:51:59.632 +05:30 [INF] [s91i3dk2k1] HTTP POST /api/auth/login responded 200 in 30ms [Trace: s91i3dk2k1]
2026-10-06 10:51:59.672 +05:30 [INF] [romfxas99qg] HTTP GET /api/leaves/types responded 200 in 1ms [Trace: romfxas99qg]
2026-10-06 10:51:59.672 +05:30 [INF] [1txj7c7yt3ki] HTTP GET /api/notifications/unread-count responded 200 in 1ms [Trace: 1txj7c7yt3ki]
2026-10-06 10:51:59.676 +05:30 [INF] [gyzegzd67y] HTTP GET /api/leaves/balances responded 200 in 5ms [Trace: gyzegzd67y]
2026-10-06 10:51:59.693 +05:30 [INF] [jfjz5abkqf] HTTP GET /api/leaves/types responded 200 in 1ms [Trace: jfjz5abkqf]
2026-10-06 10:51:59.695 +05:30 [INF] [s8zazsw1r6] HTTP GET /api/notifications/unread-count responded 200 in 0ms [Trace: s8zazsw1r6]
2026-10-06 10:51:59.696 +05:30 [INF] [dx0u33kkapr] HTTP GET /api/notifications responded 200 in 1ms [Trace: dx0u33kkapr]
2026-10-06 10:51:59.726 +05:30 [INF] [v0vy2tdt5dm] HTTP GET /api/leaves responded 200 in 27ms [Trace: v0vy2tdt5dm]
2026-10-06 10:51:59.727 +05:30 [INF] [9ex2dfmrk66] HTTP GET /api/leaves/balances responded 200 in 29ms [Trace: 9ex2dfmrk66]
2026-10-06 10:51:59.739 +05:30 [INF] [4dg0tovw19] HTTP GET /api/notifications responded 200 in 1ms [Trace: 4dg0tovw19]
2026-10-06 10:51:59.743 +05:30 [INF] [sr7gpu8n6dh] HTTP GET /api/leaves responded 200 in 2ms [Trace: sr7gpu8n6dh]
2026-10-06 10:52:13.835 +05:30 [INF] [5je1puzhijr] LEAVE_APPLIED. LeaveId: 14, EmployeeId: 7, AvailableRemaining: 10
2026-10-06 10:52:13.839 +05:30 [INF] [5je1puzhijr] HTTP POST /api/leaves responded 201 in 18ms [Trace: 5je1puzhijr]
2026-10-06 10:52:13.870 +05:30 [INF] [z52bv8okb9a] HTTP GET /api/leaves/types responded 200 in 1ms [Trace: z52bv8okb9a]
2026-10-06 10:52:13.873 +05:30 [INF] [557bu25vcrp] HTTP GET /api/leaves/balances responded 200 in 4ms [Trace: 557bu25vcrp]
2026-10-06 10:52:13.889 +05:30 [INF] [qdrg5u7u4hq] HTTP GET /api/leaves responded 200 in 1ms [Trace: qdrg5u7u4hq]
2026-10-06 10:52:16.214 +05:30 [INF] [1vu1lcq9i9d] LOGOUT. User 7
2026-10-06 10:52:16.217 +05:30 [INF] [1vu1lcq9i9d] HTTP POST /api/auth/logout responded 204 in 12ms [Trace: 1vu1lcq9i9d]
2026-10-06 10:52:17.768 +05:30 [INF] [t7cfwix2svd] LOGIN_SUCCESS. User manager@company.com, EmployeeId: 3
2026-10-06 10:52:17.773 +05:30 [INF] [t7cfwix2svd] HTTP POST /api/auth/login responded 200 in 36ms [Trace: t7cfwix2svd]
2026-10-06 10:52:17.810 +05:30 [INF] [49jh3fzdob3] HTTP GET /api/notifications/unread-count responded 200 in 1ms [Trace: 49jh3fzdob3]
2026-10-06 10:52:17.810 +05:30 [INF] [v66bbc65qsa] HTTP GET /api/leaves/types responded 200 in 1ms [Trace: v66bbc65qsa]
2026-10-06 10:52:17.812 +05:30 [INF] [zl0k5vox4y] HTTP GET /api/leaves/balances responded 200 in 3ms [Trace: zl0k5vox4y]
2026-10-06 10:52:17.822 +05:30 [INF] [lbaw6in2ca9] HTTP GET /api/notifications/unread-count responded 200 in 1ms [Trace: lbaw6in2ca9]
2026-10-06 10:52:17.823 +05:30 [INF] [j1phq05n9kj] HTTP GET /api/leaves/types responded 200 in 0ms [Trace: j1phq05n9kj]
2026-10-06 10:52:17.824 +05:30 [INF] [blqiaovvq9j] HTTP GET /api/notifications responded 200 in 0ms [Trace: blqiaovvq9j]
2026-10-06 10:52:17.829 +05:30 [INF] [y0kwzju7v9e] HTTP GET /api/leaves/pending-approvals responded 200 in 1ms [Trace: y0kwzju7v9e]
2026-10-06 10:52:17.829 +05:30 [INF] [3rjmef1sokg] HTTP GET /api/leaves/balances responded 200 in 3ms [Trace: 3rjmef1sokg]
2026-10-06 10:52:17.841 +05:30 [INF] [0sbztly6nkt] HTTP GET /api/notifications responded 200 in 1ms [Trace: 0sbztly6nkt]
2026-10-06 10:52:17.842 +05:30 [INF] [7gu47zjsin2] HTTP GET /api/leaves/pending-approvals responded 200 in 2ms [Trace: 7gu47zjsin2]
2026-10-06 10:52:17.842 +05:30 [INF] [6ub4jn0r474] HTTP GET /api/leaves responded 200 in 1ms [Trace: 6ub4jn0r474]
2026-10-06 10:52:17.858 +05:30 [INF] [9ey8c2cf9ho] HTTP GET /api/leaves responded 200 in 1ms [Trace: 9ey8c2cf9ho]
2026-10-06 10:52:19.168 +05:30 [INF] [hmcpywhns3] HTTP GET /api/leaves/types responded 200 in 1ms [Trace: hmcpywhns3]
2026-10-06 10:52:19.172 +05:30 [INF] [tj4qwakjl5q] HTTP GET /api/leaves/balances responded 200 in 5ms [Trace: tj4qwakjl5q]
2026-10-06 10:52:19.192 +05:30 [INF] [vvpx4gwiszb] HTTP GET /api/leaves/pending-approvals responded 200 in 2ms [Trace: vvpx4gwiszb]
2026-10-06 10:52:19.209 +05:30 [INF] [dies5ol0bb] HTTP GET /api/leaves/pending-approvals responded 200 in 3ms [Trace: dies5ol0bb]
2026-10-06 10:52:20.641 +05:30 [INF] [w61k5ejh44a] HTTP GET /api/leaves/types responded 200 in 1ms [Trace: w61k5ejh44a]
2026-10-06 10:52:20.644 +05:30 [INF] [flbivdfysms] HTTP GET /api/leaves/balances responded 200 in 5ms [Trace: flbivdfysms]
2026-10-06 10:52:20.661 +05:30 [INF] [4mau6gkge1] HTTP GET /api/leaves/pending-approvals responded 200 in 1ms [Trace: 4mau6gkge1]
2026-10-06 10:52:20.675 +05:30 [INF] [k6wfe7s9yki] HTTP GET /api/leaves responded 200 in 2ms [Trace: k6wfe7s9yki]
2026-10-06 10:52:21.267 +05:30 [INF] [ugjmkq1rwsd] HTTP GET /api/leaves/types responded 200 in 1ms [Trace: ugjmkq1rwsd]
2026-10-06 10:52:21.269 +05:30 [INF] [ylmaca15bv] HTTP GET /api/leaves/balances responded 200 in 4ms [Trace: ylmaca15bv]
2026-10-06 10:52:21.284 +05:30 [INF] [hqs069j0dnb] HTTP GET /api/leaves/pending-approvals responded 200 in 2ms [Trace: hqs069j0dnb]
2026-10-06 10:52:21.299 +05:30 [INF] [kulsnbnuhft] HTTP GET /api/leaves/pending-approvals responded 200 in 2ms [Trace: kulsnbnuhft]
2026-10-06 10:52:22.161 +05:30 [INF] [mlo5agxfe7e] HTTP GET /api/leaves/types responded 200 in 1ms [Trace: mlo5agxfe7e]
2026-10-06 10:52:22.164 +05:30 [INF] [gmal534z4z] HTTP GET /api/leaves/balances responded 200 in 4ms [Trace: gmal534z4z]
2026-10-06 10:52:22.180 +05:30 [INF] [7hbzr3soxta] HTTP GET /api/leaves/pending-approvals responded 200 in 2ms [Trace: 7hbzr3soxta]
2026-10-06 10:52:22.198 +05:30 [INF] [od66ub3ay69] HTTP GET /api/leaves responded 200 in 2ms [Trace: od66ub3ay69]
2026-10-06 10:52:22.787 +05:30 [INF] [db99fk1bqgt] HTTP GET /api/employees/3/payslips responded 200 in 34ms [Trace: db99fk1bqgt]
2026-10-06 10:52:22.811 +05:30 [INF] [u4wlbt85oq] HTTP GET /api/employees/3/payslips responded 200 in 2ms [Trace: u4wlbt85oq]
2026-10-06 10:52:24.032 +05:30 [INF] [qociykyyoml] HTTP GET /api/employees responded 403 in 0ms [Trace: qociykyyoml]
2026-10-06 10:52:24.034 +05:30 [INF] [stui4lghqan] HTTP GET /api/projects responded 200 in 2ms [Trace: stui4lghqan]
2026-10-06 10:52:24.051 +05:30 [INF] [tvl2vbgq6ns] HTTP GET /api/employees responded 403 in 0ms [Trace: tvl2vbgq6ns]
2026-10-06 10:52:24.056 +05:30 [INF] [jjh020osv9] HTTP GET /api/projects responded 200 in 2ms [Trace: jjh020osv9]
2026-10-06 10:52:26.596 +05:30 [INF] [3mkj30h1eay] HTTP GET /api/leaves/types responded 200 in 1ms [Trace: 3mkj30h1eay]
2026-10-06 10:52:26.599 +05:30 [INF] [x8qxj3uweq] HTTP GET /api/leaves/balances responded 200 in 4ms [Trace: x8qxj3uweq]
2026-10-06 10:52:26.614 +05:30 [INF] [z1uo3z75i3h] HTTP GET /api/leaves/types responded 200 in 1ms [Trace: z1uo3z75i3h]
2026-10-06 10:52:26.617 +05:30 [INF] [s4vrzeyug9q] HTTP GET /api/leaves/pending-approvals responded 200 in 1ms [Trace: s4vrzeyug9q]
2026-10-06 10:52:26.618 +05:30 [INF] [47n30olydtn] HTTP GET /api/leaves/balances responded 200 in 3ms [Trace: 47n30olydtn]
2026-10-06 10:52:26.630 +05:30 [INF] [qie1s4cu1ft] HTTP GET /api/leaves responded 200 in 1ms [Trace: qie1s4cu1ft]
2026-10-06 10:52:26.631 +05:30 [INF] [c0b9bs1t07] HTTP GET /api/leaves/pending-approvals responded 200 in 1ms [Trace: c0b9bs1t07]
2026-10-06 10:52:26.642 +05:30 [INF] [53mcp9zc8q] HTTP GET /api/leaves responded 200 in 1ms [Trace: 53mcp9zc8q]
2026-10-06 10:52:27.451 +05:30 [INF] [8lp23vupi1x] HTTP GET /api/attendance/today responded 200 in 1ms [Trace: 8lp23vupi1x]
2026-10-06 10:52:27.469 +05:30 [INF] [0u0t7tgjdfjd] HTTP GET /api/attendance/today responded 200 in 1ms [Trace: 0u0t7tgjdfjd]
2026-10-06 10:52:27.469 +05:30 [INF] [oq5f5ela7u] HTTP GET /api/attendance responded 200 in 1ms [Trace: oq5f5ela7u]
2026-10-06 10:52:27.484 +05:30 [INF] [4k0mf4v2qi] HTTP GET /api/attendance responded 200 in 1ms [Trace: 4k0mf4v2qi]
2026-10-06 10:52:27.946 +05:30 [INF] [awmc99owaod] HTTP GET /api/leaves/types responded 200 in 1ms [Trace: awmc99owaod]
2026-10-06 10:52:27.949 +05:30 [INF] [rrol99ao6pm] HTTP GET /api/leaves/balances responded 200 in 3ms [Trace: rrol99ao6pm]
2026-10-06 10:52:27.959 +05:30 [INF] [3ythdlocvw9] HTTP GET /api/leaves/types responded 200 in 1ms [Trace: 3ythdlocvw9]
2026-10-06 10:52:27.961 +05:30 [INF] [xscl3h9evn] HTTP GET /api/leaves/pending-approvals responded 200 in 1ms [Trace: xscl3h9evn]
2026-10-06 10:52:27.962 +05:30 [INF] [dmr88ly5wee] HTTP GET /api/leaves/balances responded 200 in 4ms [Trace: dmr88ly5wee]
2026-10-06 10:52:27.974 +05:30 [INF] [vjvr7xnddb] HTTP GET /api/leaves responded 200 in 1ms [Trace: vjvr7xnddb]
2026-10-06 10:52:27.977 +05:30 [INF] [k2ttuwo3mb] HTTP GET /api/leaves/pending-approvals responded 200 in 1ms [Trace: k2ttuwo3mb]
2026-10-06 10:52:27.986 +05:30 [INF] [gkerc6d9ofn] HTTP GET /api/leaves responded 200 in 1ms [Trace: gkerc6d9ofn]
2026-10-06 10:52:28.640 +05:30 [INF] [u9qz2eemnos] HTTP GET /api/employees responded 403 in 0ms [Trace: u9qz2eemnos]
2026-10-06 10:52:28.641 +05:30 [INF] [jf41j8mylld] HTTP GET /api/projects responded 200 in 1ms [Trace: jf41j8mylld]
2026-10-06 10:52:28.653 +05:30 [INF] [bpbpss96c1] HTTP GET /api/employees responded 403 in 0ms [Trace: bpbpss96c1]
2026-10-06 10:52:28.656 +05:30 [INF] [wu8vto19r9] HTTP GET /api/projects responded 200 in 2ms [Trace: wu8vto19r9]
2026-10-06 10:52:29.555 +05:30 [INF] [9n2jybbp3p] HTTP GET /api/leaves/types responded 200 in 1ms [Trace: 9n2jybbp3p]
2026-10-06 10:52:29.558 +05:30 [INF] [c2yjivdaa5t] HTTP GET /api/leaves/balances responded 200 in 4ms [Trace: c2yjivdaa5t]
2026-10-06 10:52:29.568 +05:30 [INF] [ua2l51cliq] HTTP GET /api/leaves/types responded 200 in 1ms [Trace: ua2l51cliq]
2026-10-06 10:52:29.572 +05:30 [INF] [owph1w19b5c] HTTP GET /api/leaves/pending-approvals responded 200 in 1ms [Trace: owph1w19b5c]
2026-10-06 10:52:29.573 +05:30 [INF] [sawoh8xaus] HTTP GET /api/leaves/balances responded 200 in 3ms [Trace: sawoh8xaus]
2026-10-06 10:52:29.582 +05:30 [INF] [gtm19klhb75] HTTP GET /api/leaves responded 200 in 2ms [Trace: gtm19klhb75]
2026-10-06 10:52:29.584 +05:30 [INF] [cp461n33svj] HTTP GET /api/leaves/pending-approvals responded 200 in 1ms [Trace: cp461n33svj]
2026-10-06 10:52:29.595 +05:30 [INF] [9h4lmjc9e9] HTTP GET /api/leaves responded 200 in 1ms [Trace: 9h4lmjc9e9]
2026-10-06 10:52:30.202 +05:30 [INF] [l4d7qjqifjj] HTTP GET /api/leaves/types responded 200 in 1ms [Trace: l4d7qjqifjj]
2026-10-06 10:52:30.207 +05:30 [INF] [elm1vyvkatq] HTTP GET /api/leaves/balances responded 200 in 6ms [Trace: elm1vyvkatq]
2026-10-06 10:52:30.224 +05:30 [INF] [9h2tywamo9v] HTTP GET /api/leaves/pending-approvals responded 200 in 2ms [Trace: 9h2tywamo9v]
2026-10-06 10:52:30.237 +05:30 [INF] [woz0fts8qr] HTTP GET /api/leaves/pending-approvals responded 200 in 2ms [Trace: woz0fts8qr]
2026-10-06 10:52:31.457 +05:30 [INF] [sxg2godmqoe] HTTP GET /api/leaves/types responded 200 in 1ms [Trace: sxg2godmqoe]
2026-10-06 10:52:31.460 +05:30 [INF] [safn75nz16c] HTTP GET /api/leaves/balances responded 200 in 5ms [Trace: safn75nz16c]
2026-10-06 10:52:31.475 +05:30 [INF] [q2vbrykg6z8] HTTP GET /api/leaves/pending-approvals responded 200 in 2ms [Trace: q2vbrykg6z8]
2026-10-06 10:52:31.489 +05:30 [INF] [topm4ne3ykf] HTTP GET /api/leaves responded 200 in 2ms [Trace: topm4ne3ykf]
2026-10-06 10:52:33.433 +05:30 [INF] [39oh90mmh0w] LOGOUT. User 3
2026-10-06 10:52:33.437 +05:30 [INF] [39oh90mmh0w] HTTP POST /api/auth/logout responded 204 in 14ms [Trace: 39oh90mmh0w]
2026-10-06 10:52:36.361 +05:30 [INF] [hbaipe6v9rl] LOGIN_SUCCESS. User employee@company.com, EmployeeId: 4
2026-10-06 10:52:36.363 +05:30 [INF] [hbaipe6v9rl] HTTP POST /api/auth/login responded 200 in 22ms [Trace: hbaipe6v9rl]
2026-10-06 10:52:36.391 +05:30 [INF] [y69dmd2q6gr] HTTP GET /api/notifications/unread-count responded 200 in 1ms [Trace: y69dmd2q6gr]
2026-10-06 10:52:36.391 +05:30 [INF] [s1kur1a1bmj] HTTP GET /api/leaves/types responded 200 in 1ms [Trace: s1kur1a1bmj]
2026-10-06 10:52:36.394 +05:30 [INF] [tvc9nls29t] HTTP GET /api/leaves/balances responded 200 in 3ms [Trace: tvc9nls29t]
2026-10-06 10:52:36.406 +05:30 [INF] [t4zh78mgpg] HTTP GET /api/notifications/unread-count responded 200 in 1ms [Trace: t4zh78mgpg]
2026-10-06 10:52:36.407 +05:30 [INF] [dr2rs4d900a] HTTP GET /api/notifications responded 200 in 1ms [Trace: dr2rs4d900a]
2026-10-06 10:52:36.449 +05:30 [INF] [ucochg32e6m] HTTP GET /api/leaves/balances responded 200 in 40ms [Trace: ucochg32e6m]
2026-10-06 10:52:36.449 +05:30 [INF] [xhrv8aq7ty] HTTP GET /api/leaves responded 200 in 37ms [Trace: xhrv8aq7ty]
2026-10-06 10:52:36.410 +05:30 [INF] [4dm6s96kz6z] HTTP GET /api/leaves/types responded 200 in 1ms [Trace: 4dm6s96kz6z]
2026-10-06 10:52:36.464 +05:30 [INF] [38mfc3an9pv] HTTP GET /api/notifications responded 200 in 1ms [Trace: 38mfc3an9pv]
2026-10-06 10:52:36.471 +05:30 [INF] [m8rrq49d0n] HTTP GET /api/leaves responded 200 in 1ms [Trace: m8rrq49d0n]
2026-10-06 10:52:39.226 +05:30 [INF] [pbkeen4oqwo] LOGOUT. User 4
2026-10-06 10:52:39.229 +05:30 [INF] [pbkeen4oqwo] HTTP POST /api/auth/logout responded 204 in 11ms [Trace: pbkeen4oqwo]
2026-10-06 10:52:41.911 +05:30 [INF] [7kkuoml5vpk] LOGIN_SUCCESS. User hr@company.com, EmployeeId: 2
2026-10-06 10:52:41.912 +05:30 [INF] [7kkuoml5vpk] HTTP POST /api/auth/login responded 200 in 30ms [Trace: 7kkuoml5vpk]
2026-10-06 10:52:41.943 +05:30 [INF] [47uqtus3nlw] HTTP GET /api/notifications/unread-count responded 200 in 0ms [Trace: 47uqtus3nlw]
2026-10-06 10:52:41.943 +05:30 [INF] [1w8y8t72dp2] HTTP GET /api/leaves/types responded 200 in 0ms [Trace: 1w8y8t72dp2]
2026-10-06 10:52:41.945 +05:30 [INF] [r1ag441foap] HTTP GET /api/leaves/balances responded 200 in 3ms [Trace: r1ag441foap]
2026-10-06 10:52:41.956 +05:30 [INF] [v0lfgr8ro6q] HTTP GET /api/notifications/unread-count responded 200 in 1ms [Trace: v0lfgr8ro6q]
2026-10-06 10:52:41.956 +05:30 [INF] [0xxc59c3uqep] HTTP GET /api/notifications responded 200 in 0ms [Trace: 0xxc59c3uqep]
2026-10-06 10:52:41.957 +05:30 [INF] [h390fu6x2kj] HTTP GET /api/leaves/types responded 200 in 0ms [Trace: h390fu6x2kj]
2026-10-06 10:52:41.963 +05:30 [INF] [kibeg1i8z2s] HTTP GET /api/leaves/pending-approvals responded 200 in 1ms [Trace: kibeg1i8z2s]
2026-10-06 10:52:41.964 +05:30 [INF] [lwepork7ytk] HTTP GET /api/leaves/balances responded 200 in 3ms [Trace: lwepork7ytk]
2026-10-06 10:52:41.973 +05:30 [INF] [vj7kwl3uscs] HTTP GET /api/notifications responded 200 in 1ms [Trace: vj7kwl3uscs]
2026-10-06 10:52:41.978 +05:30 [INF] [5pg4kzxsqhe] HTTP GET /api/leaves responded 200 in 1ms [Trace: 5pg4kzxsqhe]
2026-10-06 10:52:41.978 +05:30 [INF] [f2ojfdank] HTTP GET /api/leaves/pending-approvals responded 200 in 1ms [Trace: f2ojfdank]
2026-10-06 10:52:41.991 +05:30 [INF] [241yl7y2vzp] HTTP GET /api/leaves responded 200 in 1ms [Trace: 241yl7y2vzp]
2026-10-06 10:52:42.944 +05:30 [INF] [isai76gj3qf] HTTP GET /api/leaves/types responded 200 in 1ms [Trace: isai76gj3qf]
2026-10-06 10:52:42.947 +05:30 [INF] [b5emvh962se] HTTP GET /api/leaves/balances responded 200 in 4ms [Trace: b5emvh962se]
2026-10-06 10:52:42.959 +05:30 [INF] [2kk4cgq1dk2] HTTP GET /api/leaves/pending-approvals responded 200 in 2ms [Trace: 2kk4cgq1dk2]
2026-10-06 10:52:42.976 +05:30 [INF] [zmg60qkhyq] HTTP GET /api/leaves/pending-approvals responded 200 in 2ms [Trace: zmg60qkhyq]
2026-10-06 10:52:44.540 +05:30 [INF] [o0zji1frq7r] LEAVE_STATUS_CHANGED. LeaveId: 14, Status: "Approved", By: 2
2026-10-06 10:52:44.546 +05:30 [INF] [o0zji1frq7r] HTTP PUT /api/leaves/14/approve responded 200 in 105ms [Trace: o0zji1frq7r]
2026-10-06 10:52:44.580 +05:30 [INF] [tf1gxozwiaf] HTTP GET /api/leaves/types responded 200 in 0ms [Trace: tf1gxozwiaf]
2026-10-06 10:52:44.582 +05:30 [INF] [j3yba7gcuj] HTTP GET /api/leaves/balances responded 200 in 2ms [Trace: j3yba7gcuj]
2026-10-06 10:52:44.591 +05:30 [INF] [8u97xf032uw] HTTP GET /api/leaves/pending-approvals responded 200 in 3ms [Trace: 8u97xf032uw]
2026-10-06 10:52:44.607 +05:30 [INF] [bc4dqcaod65] HTTP GET /api/leaves/pending-approvals responded 200 in 1ms [Trace: bc4dqcaod65]
2026-10-06 10:52:45.449 +05:30 [INF] [pevf1xhejmk] LEAVE_STATUS_CHANGED. LeaveId: 13, Status: "Approved", By: 2
2026-10-06 10:52:45.453 +05:30 [INF] [pevf1xhejmk] HTTP PUT /api/leaves/13/approve responded 200 in 20ms [Trace: pevf1xhejmk]
2026-10-06 10:52:45.480 +05:30 [INF] [jn6ybuvjlh8] HTTP GET /api/leaves/types responded 200 in 1ms [Trace: jn6ybuvjlh8]
2026-10-06 10:52:45.482 +05:30 [INF] [0mstnr8spujo] HTTP GET /api/leaves/balances responded 200 in 3ms [Trace: 0mstnr8spujo]
2026-10-06 10:52:45.493 +05:30 [INF] [fxpf345m889] HTTP GET /api/leaves/pending-approvals responded 200 in 1ms [Trace: fxpf345m889]
2026-10-06 10:52:45.504 +05:30 [INF] [vrsi3d2nrc] HTTP GET /api/leaves/pending-approvals responded 200 in 1ms [Trace: vrsi3d2nrc]
2026-10-06 10:52:47.886 +05:30 [INF] [qm4r8gnfit] LOGOUT. User 2
2026-10-06 10:52:47.887 +05:30 [INF] [qm4r8gnfit] HTTP POST /api/auth/logout responded 204 in 7ms [Trace: qm4r8gnfit]
2026-10-06 10:52:48.972 +05:30 [INF] [68wwna00dso] LOGIN_SUCCESS. User yuvraj@gmail.com, EmployeeId: 7
2026-10-06 10:52:48.974 +05:30 [INF] [68wwna00dso] HTTP POST /api/auth/login responded 200 in 21ms [Trace: 68wwna00dso]
2026-10-06 10:52:49.012 +05:30 [INF] [78br3fzbu1r] HTTP GET /api/notifications/unread-count responded 200 in 1ms [Trace: 78br3fzbu1r]
2026-10-06 10:52:49.012 +05:30 [INF] [pggqwa2qoyg] HTTP GET /api/leaves/types responded 200 in 1ms [Trace: pggqwa2qoyg]
2026-10-06 10:52:49.015 +05:30 [INF] [ai1s4r0apmu] HTTP GET /api/leaves/balances responded 200 in 3ms [Trace: ai1s4r0apmu]
2026-10-06 10:52:49.027 +05:30 [INF] [ulv4pcmg8i] HTTP GET /api/notifications/unread-count responded 200 in 1ms [Trace: ulv4pcmg8i]
2026-10-06 10:52:49.027 +05:30 [INF] [m0uf35g6ll] HTTP GET /api/notifications responded 200 in 0ms [Trace: m0uf35g6ll]
2026-10-06 10:52:49.031 +05:30 [INF] [0z024asi8m4] HTTP GET /api/leaves/types responded 200 in 0ms [Trace: 0z024asi8m4]
2026-10-06 10:52:49.035 +05:30 [INF] [4n9qew4uk8t] HTTP GET /api/leaves responded 200 in 1ms [Trace: 4n9qew4uk8t]
2026-10-06 10:52:49.036 +05:30 [INF] [5r6r7my7iax] HTTP GET /api/leaves/balances responded 200 in 3ms [Trace: 5r6r7my7iax]
2026-10-06 10:52:49.043 +05:30 [INF] [7gwm2mywaj3] HTTP GET /api/notifications responded 200 in 1ms [Trace: 7gwm2mywaj3]
2026-10-06 10:52:49.049 +05:30 [INF] [mlx4tozrz2] HTTP GET /api/leaves responded 200 in 1ms [Trace: mlx4tozrz2]
2026-10-06 10:52:53.688 +05:30 [INF] [e31nnnzcpui] HTTP PUT /api/notifications/29/read responded 204 in 4ms [Trace: e31nnnzcpui]
2026-10-06 10:52:53.715 +05:30 [INF] [9cydgkp2dgt] HTTP GET /api/notifications/unread-count responded 200 in 2ms [Trace: 9cydgkp2dgt]
2026-10-06 10:52:53.745 +05:30 [INF] [een3bibp72k] HTTP GET /api/notifications responded 200 in 1ms [Trace: een3bibp72k]
2026-10-06 10:52:54.038 +05:30 [INF] [rcx1kv5vmjm] HTTP PUT /api/notifications/28/read responded 204 in 8ms [Trace: rcx1kv5vmjm]
2026-10-06 10:52:54.059 +05:30 [INF] [bvlw18v8tfb] HTTP GET /api/notifications/unread-count responded 200 in 2ms [Trace: bvlw18v8tfb]
2026-10-06 10:52:54.085 +05:30 [INF] [21xw4m3h0zn] HTTP GET /api/notifications responded 200 in 2ms [Trace: 21xw4m3h0zn]
2026-10-06 10:52:57.581 +05:30 [INF] [nz92gxv0tu8] LOGOUT. User 7
2026-10-06 10:52:57.582 +05:30 [INF] [nz92gxv0tu8] HTTP POST /api/auth/logout responded 204 in 7ms [Trace: nz92gxv0tu8]
2026-10-06 10:53:01.949 +05:30 [INF] [rh5ltyyhl1] LOGIN_SUCCESS. User employee@company.com, EmployeeId: 4
2026-10-06 10:53:01.950 +05:30 [INF] [rh5ltyyhl1] HTTP POST /api/auth/login responded 200 in 30ms [Trace: rh5ltyyhl1]
2026-10-06 10:53:01.984 +05:30 [INF] [k1le8x3aazf] HTTP GET /api/notifications/unread-count responded 200 in 1ms [Trace: k1le8x3aazf]
2026-10-06 10:53:01.984 +05:30 [INF] [fkvtyyal7sd] HTTP GET /api/leaves/types responded 200 in 1ms [Trace: fkvtyyal7sd]
2026-10-06 10:53:01.986 +05:30 [INF] [gv28andqora] HTTP GET /api/leaves/balances responded 200 in 3ms [Trace: gv28andqora]
2026-10-06 10:53:01.997 +05:30 [INF] [bjn2ia56gt] HTTP GET /api/notifications/unread-count responded 200 in 1ms [Trace: bjn2ia56gt]
2026-10-06 10:53:01.998 +05:30 [INF] [6dkqli5hl87] HTTP GET /api/leaves/types responded 200 in 0ms [Trace: 6dkqli5hl87]
2026-10-06 10:53:01.998 +05:30 [INF] [ywdreemv78] HTTP GET /api/notifications responded 200 in 0ms [Trace: ywdreemv78]
2026-10-06 10:53:02.001 +05:30 [INF] [ow9qlrh49yi] HTTP GET /api/leaves responded 200 in 1ms [Trace: ow9qlrh49yi]
2026-10-06 10:53:02.001 +05:30 [INF] [5p8ajuz86cq] HTTP GET /api/leaves/balances responded 200 in 3ms [Trace: 5p8ajuz86cq]
2026-10-06 10:53:02.015 +05:30 [INF] [jv686xezxtp] HTTP GET /api/notifications responded 200 in 1ms [Trace: jv686xezxtp]
2026-10-06 10:53:02.016 +05:30 [INF] [d0vzv3r5c5g] HTTP GET /api/leaves responded 200 in 1ms [Trace: d0vzv3r5c5g]
2026-10-06 10:53:32.281 +05:30 [INF] [e8ep1o5do3a] HTTP GET /api/notifications/unread-count responded 200 in 2ms [Trace: e8ep1o5do3a]
2026-10-06 10:53:32.303 +05:30 [INF] [y17qncyogk] HTTP GET /api/notifications responded 200 in 2ms [Trace: y17qncyogk]
2026-10-06 10:53:58.731 +05:30 [INF] [p80uoditob] LEAVE_APPLIED. LeaveId: 15, EmployeeId: 4, AvailableRemaining: 5
2026-10-06 10:53:58.736 +05:30 [INF] [p80uoditob] HTTP POST /api/leaves responded 201 in 20ms [Trace: p80uoditob]
2026-10-06 10:53:58.767 +05:30 [INF] [q90dbgwa4d] HTTP GET /api/leaves/types responded 200 in 1ms [Trace: q90dbgwa4d]
2026-10-06 10:53:58.770 +05:30 [INF] [24k43zixzbf] HTTP GET /api/leaves/balances responded 200 in 4ms [Trace: 24k43zixzbf]
2026-10-06 10:53:58.785 +05:30 [INF] [cqorh80wzt7] HTTP GET /api/leaves responded 200 in 1ms [Trace: cqorh80wzt7]
2026-10-06 10:54:01.192 +05:30 [INF] [b4x95lxvcv5] LOGOUT. User 4
2026-10-06 10:54:01.195 +05:30 [INF] [b4x95lxvcv5] HTTP POST /api/auth/logout responded 204 in 12ms [Trace: b4x95lxvcv5]
2026-10-06 10:54:02.730 +05:30 [INF] [2vxhzlbfzb7] LOGIN_SUCCESS. User manager@company.com, EmployeeId: 3
2026-10-06 10:54:02.732 +05:30 [INF] [2vxhzlbfzb7] HTTP POST /api/auth/login responded 200 in 26ms [Trace: 2vxhzlbfzb7]
2026-10-06 10:54:02.762 +05:30 [INF] [h8trcco6ar] HTTP GET /api/leaves/types responded 200 in 0ms [Trace: h8trcco6ar]
2026-10-06 10:54:02.766 +05:30 [INF] [c5hlibc74ic] HTTP GET /api/notifications/unread-count responded 200 in 5ms [Trace: c5hlibc74ic]
2026-10-06 10:54:02.768 +05:30 [INF] [dl6vzlhn7s9] HTTP GET /api/leaves/balances responded 200 in 6ms [Trace: dl6vzlhn7s9]
2026-10-06 10:54:02.782 +05:30 [INF] [3zltvrx658n] HTTP GET /api/leaves/types responded 200 in 1ms [Trace: 3zltvrx658n]
2026-10-06 10:54:02.783 +05:30 [INF] [r5jz9mslnel] HTTP GET /api/notifications responded 200 in 1ms [Trace: r5jz9mslnel]
2026-10-06 10:54:02.782 +05:30 [INF] [lpnj52ya4ao] HTTP GET /api/notifications/unread-count responded 200 in 0ms [Trace: lpnj52ya4ao]
2026-10-06 10:54:02.865 +05:30 [INF] [ris6o97zeuf] HTTP GET /api/leaves/pending-approvals responded 200 in 5ms [Trace: ris6o97zeuf]
2026-10-06 10:54:02.868 +05:30 [INF] [v91lpekrn5] HTTP GET /api/leaves/balances responded 200 in 79ms [Trace: v91lpekrn5]
2026-10-06 10:54:02.882 +05:30 [INF] [rrfkmvvezpa] HTTP GET /api/notifications responded 200 in 1ms [Trace: rrfkmvvezpa]
2026-10-06 10:54:02.887 +05:30 [INF] [803zdwlmqx7] HTTP GET /api/leaves responded 200 in 1ms [Trace: 803zdwlmqx7]
2026-10-06 10:54:02.887 +05:30 [INF] [et7liv90chp] HTTP GET /api/leaves/pending-approvals responded 200 in 1ms [Trace: et7liv90chp]
2026-10-06 10:54:02.902 +05:30 [INF] [dn01t8vrjla] HTTP GET /api/leaves responded 200 in 1ms [Trace: dn01t8vrjla]
2026-10-06 10:54:03.936 +05:30 [INF] [x7p2ucr2ofe] HTTP GET /api/leaves/types responded 200 in 1ms [Trace: x7p2ucr2ofe]
2026-10-06 10:54:03.941 +05:30 [INF] [2eoics4p3m8] HTTP GET /api/leaves/balances responded 200 in 6ms [Trace: 2eoics4p3m8]
2026-10-06 10:54:03.955 +05:30 [INF] [uhqle9u3jvp] HTTP GET /api/leaves/pending-approvals responded 200 in 2ms [Trace: uhqle9u3jvp]
2026-10-06 10:54:03.974 +05:30 [INF] [0vjsnv97543] HTTP GET /api/leaves/pending-approvals responded 200 in 2ms [Trace: 0vjsnv97543]
2026-10-06 10:54:14.151 +05:30 [INF] [6ru8hyogc5m] LOGOUT. User 3
2026-10-06 10:54:14.152 +05:30 [INF] [6ru8hyogc5m] HTTP POST /api/auth/logout responded 204 in 12ms [Trace: 6ru8hyogc5m]
2026-10-06 10:54:16.399 +05:30 [INF] [ch89zka04e7] LOGIN_SUCCESS. User hr@company.com, EmployeeId: 2
2026-10-06 10:54:16.400 +05:30 [INF] [ch89zka04e7] HTTP POST /api/auth/login responded 200 in 25ms [Trace: ch89zka04e7]
2026-10-06 10:54:16.430 +05:30 [INF] [s2jl80h5m8] HTTP GET /api/notifications/unread-count responded 200 in 1ms [Trace: s2jl80h5m8]
2026-10-06 10:54:16.431 +05:30 [INF] [lr1xicl8fn9] HTTP GET /api/leaves/types responded 200 in 1ms [Trace: lr1xicl8fn9]
2026-10-06 10:54:16.433 +05:30 [INF] [vvy8o15m9gp] HTTP GET /api/leaves/balances responded 200 in 3ms [Trace: vvy8o15m9gp]
2026-10-06 10:54:16.444 +05:30 [INF] [385dasu25o] HTTP GET /api/notifications/unread-count responded 200 in 1ms [Trace: 385dasu25o]
2026-10-06 10:54:16.445 +05:30 [INF] [dczdscndqbd] HTTP GET /api/notifications responded 200 in 1ms [Trace: dczdscndqbd]
2026-10-06 10:54:16.447 +05:30 [INF] [9nefwbq8jv] HTTP GET /api/leaves/types responded 200 in 1ms [Trace: 9nefwbq8jv]
2026-10-06 10:54:16.451 +05:30 [INF] [o9t6excn57] HTTP GET /api/leaves/pending-approvals responded 200 in 1ms [Trace: o9t6excn57]
2026-10-06 10:54:16.452 +05:30 [INF] [w9hsjvf1ur] HTTP GET /api/leaves/balances responded 200 in 3ms [Trace: w9hsjvf1ur]
2026-10-06 10:54:16.461 +05:30 [INF] [ukicxk8pxoa] HTTP GET /api/notifications responded 200 in 1ms [Trace: ukicxk8pxoa]
2026-10-06 10:54:16.468 +05:30 [INF] [rvl32vtnbao] HTTP GET /api/leaves/pending-approvals responded 200 in 2ms [Trace: rvl32vtnbao]
2026-10-06 10:54:16.468 +05:30 [INF] [zc66ipac4l9] HTTP GET /api/leaves responded 200 in 1ms [Trace: zc66ipac4l9]
2026-10-06 10:54:16.483 +05:30 [INF] [rykh1069sne] HTTP GET /api/leaves responded 200 in 2ms [Trace: rykh1069sne]
2026-10-06 10:54:17.452 +05:30 [INF] [jmfj4yncq48] HTTP GET /api/leaves/types responded 200 in 1ms [Trace: jmfj4yncq48]
2026-10-06 10:54:17.455 +05:30 [INF] [b6egvoej0zr] HTTP GET /api/leaves/balances responded 200 in 3ms [Trace: b6egvoej0zr]
2026-10-06 10:54:17.467 +05:30 [INF] [mk7u45g3cmh] HTTP GET /api/leaves/pending-approvals responded 200 in 1ms [Trace: mk7u45g3cmh]
2026-10-06 10:54:17.476 +05:30 [INF] [o8ejgwb166] HTTP GET /api/leaves/pending-approvals responded 200 in 1ms [Trace: o8ejgwb166]
2026-10-06 10:54:19.959 +05:30 [INF] [nxmat7dmmk] LOGOUT. User 2
2026-10-06 10:54:19.963 +05:30 [INF] [nxmat7dmmk] HTTP POST /api/auth/logout responded 204 in 12ms [Trace: nxmat7dmmk]
2026-10-06 10:54:21.490 +05:30 [INF] [tp09enxvcm] LOGIN_SUCCESS. User admin@company.com, EmployeeId: 1
2026-10-06 10:54:21.491 +05:30 [INF] [tp09enxvcm] HTTP POST /api/auth/login responded 200 in 20ms [Trace: tp09enxvcm]
2026-10-06 10:54:21.522 +05:30 [INF] [e5nehiuvlcu] HTTP GET /api/leaves/types responded 200 in 0ms [Trace: e5nehiuvlcu]
2026-10-06 10:54:21.522 +05:30 [INF] [yd54z5l4oa] HTTP GET /api/notifications/unread-count responded 200 in 1ms [Trace: yd54z5l4oa]
2026-10-06 10:54:21.524 +05:30 [INF] [mpu129pekzm] HTTP GET /api/leaves/balances responded 200 in 3ms [Trace: mpu129pekzm]
2026-10-06 10:54:21.536 +05:30 [INF] [w0mcvbd5o1] HTTP GET /api/leaves/types responded 200 in 1ms [Trace: w0mcvbd5o1]
2026-10-06 10:54:21.537 +05:30 [INF] [zyjvgp9ibm] HTTP GET /api/notifications/unread-count responded 200 in 0ms [Trace: zyjvgp9ibm]
2026-10-06 10:54:21.538 +05:30 [INF] [340j8zlg9m2] HTTP GET /api/notifications responded 200 in 0ms [Trace: 340j8zlg9m2]
2026-10-06 10:54:21.546 +05:30 [INF] [zgr9fnn1j8] HTTP GET /api/leaves/pending-approvals responded 200 in 4ms [Trace: zgr9fnn1j8]
2026-10-06 10:54:21.548 +05:30 [INF] [lyh048aq2a] HTTP GET /api/leaves/balances responded 200 in 6ms [Trace: lyh048aq2a]
2026-10-06 10:54:21.558 +05:30 [INF] [apzzcnkmlzv] HTTP GET /api/notifications responded 200 in 1ms [Trace: apzzcnkmlzv]
2026-10-06 10:54:21.560 +05:30 [INF] [di0pinq0jej] HTTP GET /api/leaves/pending-approvals responded 200 in 1ms [Trace: di0pinq0jej]
2026-10-06 10:54:21.563 +05:30 [INF] [p9eulln7kel] HTTP GET /api/leaves responded 200 in 1ms [Trace: p9eulln7kel]
2026-10-06 10:54:21.576 +05:30 [INF] [uhsb9k0f63g] HTTP GET /api/leaves responded 200 in 2ms [Trace: uhsb9k0f63g]
2026-10-06 10:54:23.826 +05:30 [INF] [kpexpe9z1j9] HTTP GET /api/leaves/types responded 200 in 1ms [Trace: kpexpe9z1j9]
2026-10-06 10:54:23.829 +05:30 [INF] [q1657yvedw9] HTTP GET /api/leaves/balances responded 200 in 5ms [Trace: q1657yvedw9]
2026-10-06 10:54:23.843 +05:30 [INF] [kra7as7m9d] HTTP GET /api/leaves/pending-approvals responded 200 in 2ms [Trace: kra7as7m9d]
2026-10-06 10:54:23.856 +05:30 [INF] [0ami9h66rt59] HTTP GET /api/leaves/pending-approvals responded 200 in 2ms [Trace: 0ami9h66rt59]
2026-10-06 10:54:29.098 +05:30 [INF] [jlsinkvyvif] LOGOUT. User 1
2026-10-06 10:54:29.102 +05:30 [INF] [jlsinkvyvif] HTTP POST /api/auth/logout responded 204 in 16ms [Trace: jlsinkvyvif]
2026-10-06 10:55:34.407 +05:30 [INF] [nsco39ybukr] LOGIN_SUCCESS. User yuvraj@gmail.com, EmployeeId: 7
2026-10-06 10:55:34.409 +05:30 [INF] [nsco39ybukr] HTTP POST /api/auth/login responded 200 in 64ms [Trace: nsco39ybukr]
2026-10-06 10:55:34.440 +05:30 [INF] [2zd09pfsnhy] HTTP GET /api/notifications/unread-count responded 200 in 2ms [Trace: 2zd09pfsnhy]
2026-10-06 10:55:34.462 +05:30 [INF] [kylj9ysiqx] HTTP GET /api/leaves/balances responded 200 in 16ms [Trace: kylj9ysiqx]
2026-10-06 10:55:34.477 +05:30 [INF] [rdb6bsffb2] HTTP GET /api/notifications/unread-count responded 200 in 1ms [Trace: rdb6bsffb2]
2026-10-06 10:55:34.477 +05:30 [INF] [5ocdt9uflwt] HTTP GET /api/notifications responded 200 in 1ms [Trace: 5ocdt9uflwt]
2026-10-06 10:55:34.565 +05:30 [INF] [o9iuev8u93] HTTP GET /api/leaves/types responded 200 in 127ms [Trace: o9iuev8u93]
2026-10-06 10:55:34.566 +05:30 [INF] [14wbhuu100y] HTTP GET /api/leaves/balances responded 200 in 80ms [Trace: 14wbhuu100y]
2026-10-06 10:55:34.581 +05:30 [INF] [r2nn9o9xb4] HTTP GET /api/notifications responded 200 in 1ms [Trace: r2nn9o9xb4]
2026-10-06 10:55:34.584 +05:30 [INF] [691cjtoffyq] HTTP GET /api/leaves/types responded 200 in 0ms [Trace: 691cjtoffyq]
2026-10-06 10:55:34.586 +05:30 [INF] [zrvpg91ngk] HTTP GET /api/leaves responded 200 in 2ms [Trace: zrvpg91ngk]
2026-10-06 10:55:34.600 +05:30 [INF] [b35pzm7b8wl] HTTP GET /api/leaves responded 200 in 1ms [Trace: b35pzm7b8wl]
2026-10-06 10:55:36.402 +05:30 [INF] [wenv27iwiri] HTTP GET /api/employees responded 403 in 0ms [Trace: wenv27iwiri]
2026-10-06 10:55:36.403 +05:30 [INF] [575ezzbwo0j] HTTP GET /api/positions responded 200 in 1ms [Trace: 575ezzbwo0j]
2026-10-06 10:55:36.403 +05:30 [INF] [07xqgktgx026] HTTP GET /api/departments responded 200 in 1ms [Trace: 07xqgktgx026]
2026-10-06 10:55:36.413 +05:30 [INF] [pb3k6ejjfob] HTTP GET /api/employees responded 403 in 0ms [Trace: pb3k6ejjfob]
2026-10-06 10:55:36.417 +05:30 [INF] [fpz3srfcbzq] HTTP GET /api/positions responded 200 in 0ms [Trace: fpz3srfcbzq]
2026-10-06 10:55:36.419 +05:30 [INF] [w2jst2j8s9] HTTP GET /api/departments responded 200 in 1ms [Trace: w2jst2j8s9]
2026-10-06 10:55:37.034 +05:30 [INF] [1gphm3ceuoc] HTTP GET /api/departments responded 200 in 1ms [Trace: 1gphm3ceuoc]
2026-10-06 10:55:37.047 +05:30 [INF] [stqwx3fq4j] HTTP GET /api/departments responded 200 in 1ms [Trace: stqwx3fq4j]
2026-10-06 10:55:37.675 +05:30 [INF] [pgajhxq65y] HTTP GET /api/employees responded 403 in 0ms [Trace: pgajhxq65y]
2026-10-06 10:55:37.676 +05:30 [INF] [at79e6x5xe] HTTP GET /api/positions responded 200 in 1ms [Trace: at79e6x5xe]
2026-10-06 10:55:37.676 +05:30 [INF] [t6mgzh9eg1k] HTTP GET /api/departments responded 200 in 1ms [Trace: t6mgzh9eg1k]
2026-10-06 10:55:37.686 +05:30 [INF] [anc120ul248] HTTP GET /api/employees responded 403 in 0ms [Trace: anc120ul248]
2026-10-06 10:55:37.688 +05:30 [INF] [mjrqacin5zd] HTTP GET /api/positions responded 200 in 0ms [Trace: mjrqacin5zd]
2026-10-06 10:55:37.692 +05:30 [INF] [yyyiizubdeg] HTTP GET /api/departments responded 200 in 1ms [Trace: yyyiizubdeg]
2026-10-06 10:55:38.345 +05:30 [INF] [qukl1nclwx] HTTP GET /api/attendance/today responded 200 in 5ms [Trace: qukl1nclwx]
2026-10-06 10:55:38.362 +05:30 [INF] [go9s398vpt6] HTTP GET /api/attendance/today responded 200 in 1ms [Trace: go9s398vpt6]
2026-10-06 10:55:39.323 +05:30 [INF] [ksdp04vq2lc] HTTP GET /api/employees responded 403 in 0ms [Trace: ksdp04vq2lc]
2026-10-06 10:55:39.323 +05:30 [INF] [pulsyfi5nhc] HTTP GET /api/positions responded 200 in 1ms [Trace: pulsyfi5nhc]
2026-10-06 10:55:39.324 +05:30 [INF] [4sin6rp2mue] HTTP GET /api/departments responded 200 in 1ms [Trace: 4sin6rp2mue]
2026-10-06 10:55:39.333 +05:30 [INF] [w3vqs0cp33] HTTP GET /api/employees responded 403 in 0ms [Trace: w3vqs0cp33]
2026-10-06 10:55:39.337 +05:30 [INF] [p05fpeqea3] HTTP GET /api/positions responded 200 in 1ms [Trace: p05fpeqea3]
2026-10-06 10:55:39.338 +05:30 [INF] [ezdoqm5f32m] HTTP GET /api/departments responded 200 in 1ms [Trace: ezdoqm5f32m]
2026-10-06 10:55:39.804 +05:30 [INF] [uhfgdplq97o] HTTP GET /api/departments responded 200 in 2ms [Trace: uhfgdplq97o]
2026-10-06 10:55:39.818 +05:30 [INF] [orr4awxhsc] HTTP GET /api/departments responded 200 in 2ms [Trace: orr4awxhsc]
2026-10-06 10:55:40.419 +05:30 [INF] [345jlrc3ywj] HTTP GET /api/positions responded 200 in 1ms [Trace: 345jlrc3ywj]
2026-10-06 10:55:40.433 +05:30 [INF] [qi7e3o4iaoo] HTTP GET /api/positions responded 200 in 1ms [Trace: qi7e3o4iaoo]
2026-10-06 10:55:41.439 +05:30 [INF] [mak2quvq3s] HTTP GET /api/attendance/today responded 200 in 1ms [Trace: mak2quvq3s]
2026-10-06 10:55:41.455 +05:30 [INF] [oz6lmb00ui] HTTP GET /api/attendance/today responded 200 in 1ms [Trace: oz6lmb00ui]
2026-10-06 10:55:41.456 +05:30 [INF] [74sexkz92id] HTTP GET /api/attendance responded 200 in 2ms [Trace: 74sexkz92id]
2026-10-06 10:55:41.479 +05:30 [INF] [tocrnueriep] HTTP GET /api/attendance responded 200 in 2ms [Trace: tocrnueriep]
2026-10-06 10:55:42.068 +05:30 [INF] [cos1chkx5hb] HTTP GET /api/leaves/types responded 200 in 1ms [Trace: cos1chkx5hb]
2026-10-06 10:55:42.072 +05:30 [INF] [syfnco3x30b] HTTP GET /api/leaves/balances responded 200 in 5ms [Trace: syfnco3x30b]
2026-10-06 10:55:42.084 +05:30 [INF] [9xmv0dq8nfv] HTTP GET /api/leaves/types responded 200 in 1ms [Trace: 9xmv0dq8nfv]
2026-10-06 10:55:42.090 +05:30 [INF] [ffouuzv1nu] HTTP GET /api/leaves responded 200 in 2ms [Trace: ffouuzv1nu]
2026-10-06 10:55:42.092 +05:30 [INF] [eyqos03skjd] HTTP GET /api/leaves/balances responded 200 in 4ms [Trace: eyqos03skjd]
2026-10-06 10:55:42.106 +05:30 [INF] [gskcmqm7swj] HTTP GET /api/leaves responded 200 in 2ms [Trace: gskcmqm7swj]
2026-10-06 10:56:03.632 +05:30 [INF] [y8oh7l49yte] LEAVE_APPLIED. LeaveId: 16, EmployeeId: 7, AvailableRemaining: 15
2026-10-06 10:56:03.637 +05:30 [INF] [y8oh7l49yte] HTTP POST /api/leaves responded 201 in 22ms [Trace: y8oh7l49yte]
2026-10-06 10:56:03.679 +05:30 [INF] [2ci5z41redk] HTTP GET /api/leaves/types responded 200 in 1ms [Trace: 2ci5z41redk]
2026-10-06 10:56:03.715 +05:30 [INF] [g7oxjd8juo8] HTTP GET /api/leaves/balances responded 200 in 36ms [Trace: g7oxjd8juo8]
2026-10-06 10:56:03.736 +05:30 [INF] [59gsgb8hta9] HTTP GET /api/leaves responded 200 in 1ms [Trace: 59gsgb8hta9]
2026-10-06 10:56:04.446 +05:30 [INF] [ibn7zwjy79] HTTP GET /api/notifications/unread-count responded 200 in 1ms [Trace: ibn7zwjy79]
2026-10-06 10:56:04.465 +05:30 [INF] [urv939nder] HTTP GET /api/notifications responded 200 in 1ms [Trace: urv939nder]
2026-10-06 10:56:06.825 +05:30 [INF] [85f0j1116u] LOGOUT. User 7
2026-10-06 10:56:06.828 +05:30 [INF] [85f0j1116u] HTTP POST /api/auth/logout responded 204 in 20ms [Trace: 85f0j1116u]
2026-10-06 10:56:08.495 +05:30 [INF] [alr7kejuvkr] LOGIN_SUCCESS. User manager@company.com, EmployeeId: 3
2026-10-06 10:56:08.497 +05:30 [INF] [alr7kejuvkr] HTTP POST /api/auth/login responded 200 in 30ms [Trace: alr7kejuvkr]
2026-10-06 10:56:08.528 +05:30 [INF] [uzm9eyf23ad] HTTP GET /api/leaves/types responded 200 in 1ms [Trace: uzm9eyf23ad]
2026-10-06 10:56:08.529 +05:30 [INF] [kro4r81spk] HTTP GET /api/notifications/unread-count responded 200 in 0ms [Trace: kro4r81spk]
2026-10-06 10:56:08.531 +05:30 [INF] [0km4o571ttd] HTTP GET /api/leaves/balances responded 200 in 3ms [Trace: 0km4o571ttd]
2026-10-06 10:56:08.548 +05:30 [INF] [4gaeapixr1r] HTTP GET /api/leaves/types responded 200 in 1ms [Trace: 4gaeapixr1r]
2026-10-06 10:56:08.553 +05:30 [INF] [j6l5bwomryq] HTTP GET /api/notifications/unread-count responded 200 in 1ms [Trace: j6l5bwomryq]
2026-10-06 10:56:08.553 +05:30 [INF] [opedfe96zlc] HTTP GET /api/notifications responded 200 in 0ms [Trace: opedfe96zlc]
2026-10-06 10:56:08.592 +05:30 [INF] [r2ntxkjwlrj] HTTP GET /api/leaves/pending-approvals responded 200 in 36ms [Trace: r2ntxkjwlrj]
2026-10-06 10:56:08.594 +05:30 [INF] [psxt0nekayg] HTTP GET /api/leaves/balances responded 200 in 39ms [Trace: psxt0nekayg]
2026-10-06 10:56:08.614 +05:30 [INF] [pt3ohcc1f6g] HTTP GET /api/notifications responded 200 in 1ms [Trace: pt3ohcc1f6g]
2026-10-06 10:56:08.615 +05:30 [INF] [tj8kwigyw8] HTTP GET /api/leaves/pending-approvals responded 200 in 1ms [Trace: tj8kwigyw8]
2026-10-06 10:56:08.615 +05:30 [INF] [j2pfa9mgou] HTTP GET /api/leaves responded 200 in 1ms [Trace: j2pfa9mgou]
2026-10-06 10:56:08.631 +05:30 [INF] [0x7xq7gl3nj] HTTP GET /api/leaves responded 200 in 1ms [Trace: 0x7xq7gl3nj]
2026-10-06 10:56:09.830 +05:30 [INF] [13n74kiq7rwb] HTTP GET /api/leaves/types responded 200 in 1ms [Trace: 13n74kiq7rwb]
2026-10-06 10:56:09.833 +05:30 [INF] [7zzmw4ybytl] HTTP GET /api/leaves/balances responded 200 in 4ms [Trace: 7zzmw4ybytl]
2026-10-06 10:56:09.851 +05:30 [INF] [1ov62zrt42th] HTTP GET /api/leaves/pending-approvals responded 200 in 2ms [Trace: 1ov62zrt42th]
2026-10-06 10:56:09.865 +05:30 [INF] [7h4m8sar6jo] HTTP GET /api/leaves/pending-approvals responded 200 in 1ms [Trace: 7h4m8sar6jo]
2026-10-06 10:56:24.494 +05:30 [INF] [3ul8e7mstwi] HTTP PUT /api/notifications/31/read responded 204 in 3ms [Trace: 3ul8e7mstwi]
2026-10-06 10:56:24.509 +05:30 [INF] [n48tuqnr2lb] HTTP GET /api/notifications/unread-count responded 200 in 1ms [Trace: n48tuqnr2lb]
2026-10-06 10:56:24.522 +05:30 [INF] [gqyrswc389u] HTTP GET /api/notifications responded 200 in 1ms [Trace: gqyrswc389u]
2026-10-06 10:56:24.922 +05:30 [INF] [9fhk1jibw74] HTTP PUT /api/notifications/30/read responded 204 in 4ms [Trace: 9fhk1jibw74]
2026-10-06 10:56:24.947 +05:30 [INF] [77rcozevaaw] HTTP GET /api/notifications/unread-count responded 200 in 1ms [Trace: 77rcozevaaw]
2026-10-06 10:56:24.971 +05:30 [INF] [yifsx063uv] HTTP GET /api/notifications responded 200 in 2ms [Trace: yifsx063uv]
2026-10-06 10:56:26.466 +05:30 [INF] [pxlkwdwdazr] LOGOUT. User 3
2026-10-06 10:56:26.469 +05:30 [INF] [pxlkwdwdazr] HTTP POST /api/auth/logout responded 204 in 10ms [Trace: pxlkwdwdazr]
2026-10-06 11:02:46.608 +05:30 [INF] [pznaf3moisf] LOGIN_SUCCESS. User admin@company.com, EmployeeId: 1
2026-10-06 11:02:46.610 +05:30 [INF] [pznaf3moisf] HTTP POST /api/auth/login responded 200 in 82ms [Trace: pznaf3moisf]
2026-10-06 11:02:46.644 +05:30 [INF] [z7l8ij6h3ta] HTTP GET /api/leaves/types responded 200 in 5ms [Trace: z7l8ij6h3ta]
2026-10-06 11:02:46.678 +05:30 [INF] [g5z12z5drhr] HTTP GET /api/leaves/balances responded 200 in 35ms [Trace: g5z12z5drhr]
2026-10-06 11:02:46.692 +05:30 [INF] [tizq0mjya8] HTTP GET /api/leaves/types responded 200 in 1ms [Trace: tizq0mjya8]
2026-10-06 11:02:46.733 +05:30 [INF] [xml6pdl31om] HTTP GET /api/leaves/balances responded 200 in 40ms [Trace: xml6pdl31om]
2026-10-06 11:02:46.736 +05:30 [INF] [8zfwszqnzjr] HTTP GET /api/notifications/unread-count responded 200 in 91ms [Trace: 8zfwszqnzjr]
2026-10-06 11:02:46.758 +05:30 [INF] [ee9borkpf9] HTTP GET /api/notifications responded 200 in 1ms [Trace: ee9borkpf9]
2026-10-06 11:02:46.758 +05:30 [INF] [6aelzkmxgpm] HTTP GET /api/notifications/unread-count responded 200 in 1ms [Trace: 6aelzkmxgpm]
2026-10-06 11:02:46.762 +05:30 [INF] [i93cg690608] HTTP GET /api/leaves/pending-approvals responded 200 in 68ms [Trace: i93cg690608]
2026-10-06 11:02:46.772 +05:30 [INF] [x8ajwcifso] HTTP GET /api/notifications responded 200 in 1ms [Trace: x8ajwcifso]
2026-10-06 11:02:46.776 +05:30 [INF] [46k8wrb64me] HTTP GET /api/leaves/pending-approvals responded 200 in 1ms [Trace: 46k8wrb64me]
2026-10-06 11:02:46.776 +05:30 [INF] [p362cldnr8] HTTP GET /api/leaves responded 200 in 1ms [Trace: p362cldnr8]
2026-10-06 11:02:46.791 +05:30 [INF] [xogp3rf7np] HTTP GET /api/leaves responded 200 in 2ms [Trace: xogp3rf7np]
2026-10-06 11:03:17.277 +05:30 [INF] [jxaqvxophi] HTTP GET /api/notifications/unread-count responded 200 in 7ms [Trace: jxaqvxophi]
2026-10-06 11:03:17.287 +05:30 [INF] [q1llhliv0kc] HTTP GET /api/notifications responded 200 in 1ms [Trace: q1llhliv0kc]
2026-10-06 11:03:38.044 +05:30 [INF] [pco27rb35tf] HTTP GET /api/notifications responded 200 in 9ms [Trace: pco27rb35tf]
2026-10-06 11:03:38.056 +05:30 [INF] [oof6cwxj3ge] HTTP GET /api/notifications responded 200 in 1ms [Trace: oof6cwxj3ge]
2026-10-06 11:03:39.404 +05:30 [INF] [rvcqxllhryp] HTTP PUT /api/notifications/3/read responded 204 in 3ms [Trace: rvcqxllhryp]
2026-10-06 11:03:39.418 +05:30 [INF] [x2aa553am7] HTTP GET /api/notifications responded 200 in 1ms [Trace: x2aa553am7]
2026-10-06 11:03:42.742 +05:30 [INF] [jt3amlbwba] HTTP GET /api/auth/users responded 200 in 36ms [Trace: jt3amlbwba]
2026-10-06 11:03:42.758 +05:30 [INF] [l675bwqh06b] HTTP GET /api/auth/users responded 200 in 2ms [Trace: l675bwqh06b]
2026-10-06 11:03:46.650 +05:30 [INF] [p0frqvts3c] HTTP GET /api/notifications/unread-count responded 200 in 1ms [Trace: p0frqvts3c]
2026-10-06 11:03:46.658 +05:30 [INF] [37aonwoyht] HTTP GET /api/notifications responded 200 in 0ms [Trace: 37aonwoyht]
2026-10-06 11:03:50.149 +05:30 [INF] [h7ccfwz957n] HTTP GET /api/auth/roles responded 200 in 20ms [Trace: h7ccfwz957n]
2026-10-06 11:03:50.173 +05:30 [INF] [uu2vtqcavf8] HTTP GET /api/auth/roles responded 200 in 3ms [Trace: uu2vtqcavf8]
2026-10-06 11:03:54.502 +05:30 [INF] [1hvem43w0oa] HTTP GET /api/audit-logs responded 200 in 37ms [Trace: 1hvem43w0oa]
2026-10-06 11:03:54.533 +05:30 [INF] [iepqcoe1sa] HTTP GET /api/audit-logs responded 200 in 4ms [Trace: iepqcoe1sa]
2026-10-06 11:04:02.620 +05:30 [INF] [4g64p9jl6f] HTTP GET /api/audit-logs responded 200 in 18ms [Trace: 4g64p9jl6f]
2026-10-06 11:04:04.359 +05:30 [INF] [ncfpnpvhcnn] HTTP GET /api/audit-logs responded 200 in 2ms [Trace: ncfpnpvhcnn]
2026-10-06 11:04:08.148 +05:30 [INF] [3skducclp1e] HTTP GET /api/reports/employees-by-department responded 200 in 96ms [Trace: 3skducclp1e]
2026-10-06 11:04:08.149 +05:30 [INF] [g7w8b9q96cm] HTTP GET /api/reports/project-allocation responded 200 in 95ms [Trace: g7w8b9q96cm]
2026-10-06 11:04:08.157 +05:30 [INF] [9dlazc8kegk] HTTP GET /api/reports/payroll-summary responded 200 in 105ms [Trace: 9dlazc8kegk]
2026-10-06 11:04:08.165 +05:30 [INF] [j6kwziovxqc] HTTP GET /api/reports/leave-utilization responded 200 in 113ms [Trace: j6kwziovxqc]
2026-10-06 11:04:08.165 +05:30 [INF] [ixupfp15ymg] HTTP GET /api/reports/employees-by-department responded 200 in 1ms [Trace: ixupfp15ymg]
2026-10-06 11:04:08.165 +05:30 [INF] [8xoot53y8qj] HTTP GET /api/reports/project-allocation responded 200 in 1ms [Trace: 8xoot53y8qj]
2026-10-06 11:04:08.173 +05:30 [INF] [vn5556a68gq] HTTP GET /api/reports/payroll-summary responded 200 in 1ms [Trace: vn5556a68gq]
2026-10-06 11:04:08.184 +05:30 [INF] [nosdzosuznl] HTTP GET /api/reports/leave-utilization responded 200 in 7ms [Trace: nosdzosuznl]
2026-10-06 11:04:16.646 +05:30 [INF] [8zjnb21krw] HTTP GET /api/notifications/unread-count responded 200 in 2ms [Trace: 8zjnb21krw]
2026-10-06 11:04:16.669 +05:30 [INF] [1h8yd5kvd37] HTTP GET /api/notifications responded 200 in 2ms [Trace: 1h8yd5kvd37]
2026-10-06 11:04:19.374 +05:30 [INF] [ilhhrsecil] HTTP GET /api/employees responded 200 in 2ms [Trace: ilhhrsecil]
2026-10-06 11:04:19.393 +05:30 [INF] [e3tjehlfral] HTTP GET /api/employees responded 200 in 1ms [Trace: e3tjehlfral]
2026-10-06 11:04:19.396 +05:30 [INF] [2xjfptjqqlf] HTTP GET /api/employees/1/salary responded 200 in 24ms [Trace: 2xjfptjqqlf]
2026-10-06 11:04:19.410 +05:30 [INF] [1pxbu9l48o5] HTTP GET /api/employees/1/salary responded 200 in 1ms [Trace: 1pxbu9l48o5]
2026-10-06 11:04:21.689 +05:30 [INF] [yu5y0d0lzna] HTTP GET /api/employees/7/salary responded 200 in 3ms [Trace: yu5y0d0lzna]
2026-10-06 11:04:30.265 +05:30 [INF] [a3ctdhagc7] SALARY_UPDATED. EmployeeId: 7
2026-10-06 11:04:30.269 +05:30 [INF] [a3ctdhagc7] HTTP PUT /api/employees/7/salary responded 200 in 31ms [Trace: a3ctdhagc7]
2026-10-06 11:04:32.975 +05:30 [INF] [mash82nfu3f] PAYSLIP_GENERATED. EmployeeId: 7, Month: 10, Year: 2026
2026-10-06 11:04:32.980 +05:30 [INF] [mash82nfu3f] HTTP POST /api/employees/7/payslips/generate responded 201 in 53ms [Trace: mash82nfu3f]
2026-10-06 11:04:37.323 +05:30 [INF] [koh7qwzh7a] LOGOUT. User 1
2026-10-06 11:04:37.326 +05:30 [INF] [koh7qwzh7a] HTTP POST /api/auth/logout responded 204 in 14ms [Trace: koh7qwzh7a]
2026-10-06 11:04:38.262 +05:30 [INF] [v4ljiaqm89p] LOGIN_SUCCESS. User yuvraj@gmail.com, EmployeeId: 7
2026-10-06 11:04:38.264 +05:30 [INF] [v4ljiaqm89p] HTTP POST /api/auth/login responded 200 in 29ms [Trace: v4ljiaqm89p]
2026-10-06 11:04:38.303 +05:30 [INF] [g68h3vloku6] HTTP GET /api/employees/1/salary responded 403 in 0ms [Trace: g68h3vloku6]
2026-10-06 11:04:38.303 +05:30 [INF] [pbxrd44wpy] HTTP GET /api/employees responded 403 in 0ms [Trace: pbxrd44wpy]
2026-10-06 11:04:38.307 +05:30 [INF] [x43loqois2f] HTTP GET /api/notifications/unread-count responded 200 in 3ms [Trace: x43loqois2f]
2026-10-06 11:04:38.320 +05:30 [INF] [mkb0aymror9] HTTP GET /api/employees/1/salary responded 403 in 0ms [Trace: mkb0aymror9]
2026-10-06 11:04:38.321 +05:30 [INF] [euzbunn513n] HTTP GET /api/employees responded 403 in 0ms [Trace: euzbunn513n]
2026-10-06 11:04:38.332 +05:30 [INF] [g4c68ypmt5] HTTP GET /api/notifications/unread-count responded 200 in 1ms [Trace: g4c68ypmt5]
2026-10-06 11:04:38.332 +05:30 [INF] [8z5gcaa0s6t] HTTP GET /api/notifications responded 200 in 0ms [Trace: 8z5gcaa0s6t]
2026-10-06 11:04:38.347 +05:30 [INF] [j3lqk7z4vl] HTTP GET /api/notifications responded 200 in 1ms [Trace: j3lqk7z4vl]
2026-10-06 11:04:40.120 +05:30 [INF] [xc3vbkysrr] HTTP GET /api/employees/7/payslips responded 200 in 3ms [Trace: xc3vbkysrr]
2026-10-06 11:04:40.141 +05:30 [INF] [c3ke873udt] HTTP GET /api/employees/7/payslips responded 200 in 2ms [Trace: c3ke873udt]
2026-10-06 11:04:43.505 +05:30 [INF] [m21anyrhg7] HTTP PUT /api/notifications/32/read responded 204 in 4ms [Trace: m21anyrhg7]
2026-10-06 11:04:43.527 +05:30 [INF] [jbn1lfthl2k] HTTP GET /api/notifications/unread-count responded 200 in 1ms [Trace: jbn1lfthl2k]
2026-10-06 11:04:43.555 +05:30 [INF] [xecb2yrzjf] HTTP GET /api/notifications responded 200 in 1ms [Trace: xecb2yrzjf]
2026-10-06 12:30:58.690 +05:30 [INF] [] Now listening on: http://localhost:5000
2026-10-06 12:30:58.739 +05:30 [INF] [] Application started. Press Ctrl+C to shut down.
2026-10-06 12:30:58.740 +05:30 [INF] [] Hosting environment: Development
2026-10-06 12:30:58.740 +05:30 [INF] [] Content root path: C:\Users\sairajk\.gemini\antigravity\scratch\EMS\src\EMS.API
2026-10-06 12:31:05.094 +05:30 [WRN] [3gg0so30x3e] Compiling a query which loads related collections for more than one collection navigation, either via 'Include' or through projection, but no 'QuerySplittingBehavior' has been configured. By default, Entity Framework will use 'QuerySplittingBehavior.SingleQuery', which can potentially result in slow query performance. See https://go.microsoft.com/fwlink/?linkid=2134277 for more information. To identify the query that's triggering this warning call 'ConfigureWarnings(w => w.Throw(RelationalEventId.MultipleCollectionIncludeWarning))'.
2026-10-06 12:31:05.502 +05:30 [INF] [3gg0so30x3e] LOGIN_SUCCESS. User employee@company.com, EmployeeId: 4
2026-10-06 12:31:05.533 +05:30 [INF] [3gg0so30x3e] HTTP POST /api/auth/login responded 200 in 768ms [Trace: 3gg0so30x3e]
2026-10-06 12:31:05.621 +05:30 [INF] [778f8mbkouh] HTTP GET /api/employees responded 403 in 48ms [Trace: 778f8mbkouh]
2026-10-06 12:31:05.647 +05:30 [INF] [5lnvg00watq] HTTP GET /api/employees responded 403 in 8ms [Trace: 5lnvg00watq]
2026-10-06 12:31:05.699 +05:30 [INF] [f63h7wo60hp] HTTP GET /api/positions responded 200 in 125ms [Trace: f63h7wo60hp]
2026-10-06 12:31:05.710 +05:30 [INF] [wijtans5w6] HTTP GET /api/notifications/unread-count responded 200 in 136ms [Trace: wijtans5w6]
2026-10-06 12:31:05.717 +05:30 [INF] [ysor82g1sz] HTTP GET /api/positions responded 200 in 2ms [Trace: ysor82g1sz]
2026-10-06 12:31:05.718 +05:30 [INF] [isdr8ub5v0l] HTTP GET /api/departments responded 200 in 144ms [Trace: isdr8ub5v0l]
2026-10-06 12:31:05.728 +05:30 [INF] [rkuc5ij0zfp] HTTP GET /api/notifications/unread-count responded 200 in 4ms [Trace: rkuc5ij0zfp]
2026-10-06 12:31:05.739 +05:30 [INF] [5evotxue2ag] HTTP GET /api/departments responded 200 in 3ms [Trace: 5evotxue2ag]
2026-10-06 12:31:05.751 +05:30 [INF] [qp4cfkf4xnr] HTTP GET /api/notifications responded 200 in 26ms [Trace: qp4cfkf4xnr]
2026-10-06 12:31:05.768 +05:30 [INF] [k3e4gzi8bc] HTTP GET /api/notifications responded 200 in 3ms [Trace: k3e4gzi8bc]
2026-10-06 12:31:07.315 +05:30 [INF] [4dbezn8h8nk] HTTP GET /api/departments responded 200 in 11ms [Trace: 4dbezn8h8nk]
2026-10-06 12:31:07.330 +05:30 [INF] [96x84jzbibm] HTTP GET /api/departments responded 200 in 4ms [Trace: 96x84jzbibm]
2026-10-06 12:31:12.530 +05:30 [INF] [qvogs2zsms] HTTP GET /api/positions responded 200 in 5ms [Trace: qvogs2zsms]
2026-10-06 12:31:12.543 +05:30 [INF] [4mu9c3cvhxa] HTTP GET /api/positions responded 200 in 3ms [Trace: 4mu9c3cvhxa]
2026-10-06 12:31:16.715 +05:30 [INF] [sffv88vzrcr] HTTP GET /api/attendance/today responded 200 in 38ms [Trace: sffv88vzrcr]
2026-10-06 12:31:16.734 +05:30 [INF] [8gbw9tn0nu] HTTP GET /api/attendance/today responded 200 in 2ms [Trace: 8gbw9tn0nu]
2026-10-06 12:31:16.770 +05:30 [INF] [8ckjozqissl] HTTP GET /api/attendance responded 200 in 37ms [Trace: 8ckjozqissl]
2026-10-06 12:31:16.786 +05:30 [INF] [vko33dfhi1] HTTP GET /api/attendance responded 200 in 3ms [Trace: vko33dfhi1]
2026-10-06 12:31:18.508 +05:30 [INF] [0gpc43ltug25] HTTP GET /api/leaves/types responded 200 in 18ms [Trace: 0gpc43ltug25]
2026-10-06 12:31:18.523 +05:30 [INF] [ov0f5jz29p] HTTP GET /api/leaves/types responded 200 in 2ms [Trace: ov0f5jz29p]
2026-10-06 12:31:18.576 +05:30 [INF] [782ouut530l] HTTP GET /api/leaves/balances responded 200 in 87ms [Trace: 782ouut530l]
2026-10-06 12:31:18.595 +05:30 [INF] [zjeyt9mijnl] HTTP GET /api/leaves/balances responded 200 in 5ms [Trace: zjeyt9mijnl]
2026-10-06 12:31:18.608 +05:30 [INF] [vgxm7lsjmtj] HTTP GET /api/leaves responded 200 in 17ms [Trace: vgxm7lsjmtj]
2026-10-06 12:31:18.623 +05:30 [INF] [m2ws74drz9j] HTTP GET /api/leaves responded 200 in 2ms [Trace: m2ws74drz9j]
2026-10-06 12:31:26.653 +05:30 [INF] [4ey5f01gb24] HTTP GET /api/employees responded 403 in 0ms [Trace: 4ey5f01gb24]
2026-10-06 12:31:26.673 +05:30 [INF] [u9bc42ho4fs] HTTP GET /api/employees responded 403 in 0ms [Trace: u9bc42ho4fs]
2026-10-06 12:31:26.697 +05:30 [INF] [9i3mtab0hbd] HTTP GET /api/projects responded 200 in 45ms [Trace: 9i3mtab0hbd]
2026-10-06 12:31:26.714 +05:30 [INF] [3iqni8xxl33] HTTP GET /api/projects responded 200 in 2ms [Trace: 3iqni8xxl33]
2026-10-06 12:31:29.567 +05:30 [INF] [0uks5flvcg] HTTP GET /api/employees/4/payslips responded 200 in 19ms [Trace: 0uks5flvcg]
2026-10-06 12:31:29.583 +05:30 [INF] [09tx9ewu4w04] HTTP GET /api/employees/4/payslips responded 200 in 1ms [Trace: 09tx9ewu4w04]
2026-10-06 12:31:31.810 +05:30 [INF] [cepapn1cwqv] HTTP GET /api/employees responded 403 in 0ms [Trace: cepapn1cwqv]
2026-10-06 12:31:31.813 +05:30 [INF] [58n9gs4t33] HTTP GET /api/projects responded 200 in 2ms [Trace: 58n9gs4t33]
2026-10-06 12:31:31.822 +05:30 [INF] [5t04qikg0fm] HTTP GET /api/employees responded 403 in 0ms [Trace: 5t04qikg0fm]
2026-10-06 12:31:31.823 +05:30 [INF] [qrd1uj73iw] HTTP GET /api/projects responded 200 in 2ms [Trace: qrd1uj73iw]
2026-10-06 12:31:32.904 +05:30 [INF] [yn7eihiw1t9] HTTP GET /api/employees/4/payslips responded 200 in 4ms [Trace: yn7eihiw1t9]
2026-10-06 12:31:32.919 +05:30 [INF] [bw4ybl7aoi9] HTTP GET /api/employees/4/payslips responded 200 in 2ms [Trace: bw4ybl7aoi9]
2026-10-06 12:31:34.661 +05:30 [WRN] [jze7bl2b3j9] Compiling a query which loads related collections for more than one collection navigation, either via 'Include' or through projection, but no 'QuerySplittingBehavior' has been configured. By default, Entity Framework will use 'QuerySplittingBehavior.SingleQuery', which can potentially result in slow query performance. See https://go.microsoft.com/fwlink/?linkid=2134277 for more information. To identify the query that's triggering this warning call 'ConfigureWarnings(w => w.Throw(RelationalEventId.MultipleCollectionIncludeWarning))'.
2026-10-06 12:31:34.697 +05:30 [INF] [jze7bl2b3j9] LOGOUT. User 4
2026-10-06 12:31:34.699 +05:30 [INF] [jze7bl2b3j9] HTTP POST /api/auth/logout responded 204 in 55ms [Trace: jze7bl2b3j9]
2026-10-06 12:31:42.329 +05:30 [INF] [yjr20gthf5p] LOGIN_SUCCESS. User yuvraj@gmail.com, EmployeeId: 7
2026-10-06 12:31:42.331 +05:30 [INF] [yjr20gthf5p] HTTP POST /api/auth/login responded 200 in 30ms [Trace: yjr20gthf5p]
2026-10-06 12:31:42.369 +05:30 [INF] [hrgmvqw61g] HTTP GET /api/employees/7/payslips responded 200 in 9ms [Trace: hrgmvqw61g]
2026-10-06 12:31:42.384 +05:30 [INF] [lw67cik8gt] HTTP GET /api/employees/7/payslips responded 200 in 1ms [Trace: lw67cik8gt]
2026-10-06 12:31:42.387 +05:30 [INF] [5v3raw1kf6j] HTTP GET /api/notifications/unread-count responded 200 in 28ms [Trace: 5v3raw1kf6j]
2026-10-06 12:31:42.401 +05:30 [INF] [tftgfirtk6] HTTP GET /api/notifications/unread-count responded 200 in 1ms [Trace: tftgfirtk6]
2026-10-06 12:31:42.401 +05:30 [INF] [kkh1mjnhqjo] HTTP GET /api/notifications responded 200 in 1ms [Trace: kkh1mjnhqjo]
2026-10-06 12:31:42.416 +05:30 [INF] [kgteqxoqhtn] HTTP GET /api/notifications responded 200 in 1ms [Trace: kgteqxoqhtn]
2026-10-06 12:31:44.442 +05:30 [INF] [38kx4w9vbt6] HTTP GET /api/leaves/types responded 200 in 3ms [Trace: 38kx4w9vbt6]
2026-10-06 12:31:44.445 +05:30 [INF] [740yj9luiqf] HTTP GET /api/leaves/balances responded 200 in 6ms [Trace: 740yj9luiqf]
2026-10-06 12:31:44.462 +05:30 [INF] [tg6kuzmeqx9] HTTP GET /api/leaves/types responded 200 in 1ms [Trace: tg6kuzmeqx9]
2026-10-06 12:31:44.498 +05:30 [INF] [0a74wgeeo0jb] HTTP GET /api/leaves responded 200 in 34ms [Trace: 0a74wgeeo0jb]
2026-10-06 12:31:44.499 +05:30 [INF] [5g5ege5g85d] HTTP GET /api/leaves/balances responded 200 in 37ms [Trace: 5g5ege5g85d]
2026-10-06 12:31:44.523 +05:30 [INF] [66pbir1brb2] HTTP GET /api/leaves responded 200 in 1ms [Trace: 66pbir1brb2]
2026-10-06 12:32:00.208 +05:30 [INF] [5rlgghcu2j] LOGOUT. User 7
2026-10-06 12:32:00.209 +05:30 [INF] [5rlgghcu2j] HTTP POST /api/auth/logout responded 204 in 18ms [Trace: 5rlgghcu2j]
2026-10-06 12:32:02.053 +05:30 [INF] [ngpbgznmd9] LOGIN_SUCCESS. User hr@company.com, EmployeeId: 2
2026-10-06 12:32:02.055 +05:30 [INF] [ngpbgznmd9] HTTP POST /api/auth/login responded 200 in 36ms [Trace: ngpbgznmd9]
2026-10-06 12:32:02.087 +05:30 [INF] [l7x1myh35ui] HTTP GET /api/leaves/types responded 200 in 1ms [Trace: l7x1myh35ui]
2026-10-06 12:32:02.088 +05:30 [INF] [rjbgruzyaqo] HTTP GET /api/notifications/unread-count responded 200 in 1ms [Trace: rjbgruzyaqo]
2026-10-06 12:32:02.091 +05:30 [INF] [d2zs88z6f7] HTTP GET /api/leaves/balances responded 200 in 4ms [Trace: d2zs88z6f7]
2026-10-06 12:32:02.104 +05:30 [INF] [3eicldatort] HTTP GET /api/leaves/types responded 200 in 1ms [Trace: 3eicldatort]
2026-10-06 12:32:02.105 +05:30 [INF] [nwhq7e35za] HTTP GET /api/notifications/unread-count responded 200 in 1ms [Trace: nwhq7e35za]
2026-10-06 12:32:02.106 +05:30 [INF] [ytygobqpqt] HTTP GET /api/notifications responded 200 in 1ms [Trace: ytygobqpqt]
2026-10-06 12:32:02.115 +05:30 [INF] [gueiya6vpc] HTTP GET /api/leaves/balances responded 200 in 7ms [Trace: gueiya6vpc]
2026-10-06 12:32:02.129 +05:30 [INF] [02qfund8tquq] HTTP GET /api/notifications responded 200 in 1ms [Trace: 02qfund8tquq]
2026-10-06 12:32:02.131 +05:30 [INF] [dfoagg37n2l] HTTP GET /api/leaves/pending-approvals responded 200 in 24ms [Trace: dfoagg37n2l]
2026-10-06 12:32:02.146 +05:30 [INF] [a7q45o43uis] HTTP GET /api/leaves/pending-approvals responded 200 in 2ms [Trace: a7q45o43uis]
2026-10-06 12:32:02.146 +05:30 [INF] [d99aixqosul] HTTP GET /api/leaves responded 200 in 1ms [Trace: d99aixqosul]
2026-10-06 12:32:02.161 +05:30 [INF] [uppgt1n8bq] HTTP GET /api/leaves responded 200 in 1ms [Trace: uppgt1n8bq]
2026-10-06 12:32:05.484 +05:30 [INF] [l5pk7xwar6] HTTP GET /api/employees/1/salary responded 200 in 28ms [Trace: l5pk7xwar6]
2026-10-06 12:32:05.499 +05:30 [INF] [sjvkl55dpi] HTTP GET /api/employees/1/salary responded 200 in 1ms [Trace: sjvkl55dpi]
2026-10-06 12:32:05.508 +05:30 [INF] [ctcs6re62ww] HTTP GET /api/employees responded 200 in 52ms [Trace: ctcs6re62ww]
2026-10-06 12:32:05.523 +05:30 [INF] [f2glngfi7to] HTTP GET /api/employees responded 200 in 2ms [Trace: f2glngfi7to]
2026-10-06 12:32:07.623 +05:30 [INF] [dqgo3hp1gd] HTTP GET /api/projects responded 200 in 3ms [Trace: dqgo3hp1gd]
2026-10-06 12:32:07.625 +05:30 [INF] [ya26zpc7sb] HTTP GET /api/employees responded 200 in 5ms [Trace: ya26zpc7sb]
2026-10-06 12:32:07.648 +05:30 [INF] [47mlmj5ugid] HTTP GET /api/employees responded 200 in 4ms [Trace: 47mlmj5ugid]
2026-10-06 12:32:07.649 +05:30 [INF] [a3zdoc9fmmq] HTTP GET /api/projects responded 200 in 2ms [Trace: a3zdoc9fmmq]
2026-10-06 12:32:08.495 +05:30 [INF] [0c7i1mq2h3z5] HTTP GET /api/leaves/types responded 200 in 2ms [Trace: 0c7i1mq2h3z5]
2026-10-06 12:32:08.501 +05:30 [INF] [o8ma5kxrc7] HTTP GET /api/leaves/balances responded 200 in 8ms [Trace: o8ma5kxrc7]
2026-10-06 12:32:08.511 +05:30 [INF] [nwdjxwm7pyr] HTTP GET /api/leaves/types responded 200 in 2ms [Trace: nwdjxwm7pyr]
2026-10-06 12:32:08.516 +05:30 [INF] [64d2nu60c78] HTTP GET /api/leaves/pending-approvals responded 200 in 1ms [Trace: 64d2nu60c78]
2026-10-06 12:32:08.518 +05:30 [INF] [cxnu2fxufc7] HTTP GET /api/leaves/balances responded 200 in 3ms [Trace: cxnu2fxufc7]
2026-10-06 12:32:08.527 +05:30 [INF] [sfonjbo8nxo] HTTP GET /api/leaves responded 200 in 1ms [Trace: sfonjbo8nxo]
2026-10-06 12:32:08.530 +05:30 [INF] [g172e3o2b6g] HTTP GET /api/leaves/pending-approvals responded 200 in 3ms [Trace: g172e3o2b6g]
2026-10-06 12:32:08.540 +05:30 [INF] [3btrw2ukceb] HTTP GET /api/leaves responded 200 in 1ms [Trace: 3btrw2ukceb]
2026-10-06 12:32:10.551 +05:30 [INF] [bzi2d0fc0tr] HTTP GET /api/leaves/types responded 200 in 1ms [Trace: bzi2d0fc0tr]
2026-10-06 12:32:10.555 +05:30 [INF] [oiynhdgg8s] HTTP GET /api/leaves/balances responded 200 in 5ms [Trace: oiynhdgg8s]
2026-10-06 12:32:10.572 +05:30 [INF] [goyvexjhv1g] HTTP GET /api/leaves/pending-approvals responded 200 in 3ms [Trace: goyvexjhv1g]
2026-10-06 12:32:10.590 +05:30 [INF] [dix5q150wdh] HTTP GET /api/leaves/pending-approvals responded 200 in 2ms [Trace: dix5q150wdh]
2026-10-06 12:32:15.923 +05:30 [INF] [uqeiee29osh] LOGOUT. User 2
2026-10-06 12:32:15.924 +05:30 [INF] [uqeiee29osh] HTTP POST /api/auth/logout responded 204 in 35ms [Trace: uqeiee29osh]
2026-10-06 12:32:17.406 +05:30 [INF] [9adjqb18qsu] LOGIN_SUCCESS. User manager@company.com, EmployeeId: 3
2026-10-06 12:32:17.408 +05:30 [INF] [9adjqb18qsu] HTTP POST /api/auth/login responded 200 in 27ms [Trace: 9adjqb18qsu]
2026-10-06 12:32:17.439 +05:30 [INF] [67a82i1jc9n] HTTP GET /api/leaves/types responded 200 in 0ms [Trace: 67a82i1jc9n]
2026-10-06 12:32:17.439 +05:30 [INF] [4rkowzp9t14] HTTP GET /api/notifications/unread-count responded 200 in 1ms [Trace: 4rkowzp9t14]
2026-10-06 12:32:17.454 +05:30 [INF] [nymno4gs2z] HTTP GET /api/leaves/types responded 200 in 1ms [Trace: nymno4gs2z]
2026-10-06 12:32:17.457 +05:30 [INF] [fmn7xn00y2m] HTTP GET /api/notifications/unread-count responded 200 in 1ms [Trace: fmn7xn00y2m]
2026-10-06 12:32:17.458 +05:30 [INF] [yy8v4u8tek] HTTP GET /api/notifications responded 200 in 0ms [Trace: yy8v4u8tek]
2026-10-06 12:32:17.469 +05:30 [INF] [8ytogn4j9dd] HTTP GET /api/leaves/balances responded 200 in 30ms [Trace: 8ytogn4j9dd]
2026-10-06 12:32:17.474 +05:30 [INF] [1dcgcaynwqy] HTTP GET /api/notifications responded 200 in 1ms [Trace: 1dcgcaynwqy]
2026-10-06 12:32:17.487 +05:30 [INF] [w7clqnrvauc] HTTP GET /api/leaves/balances responded 200 in 4ms [Trace: w7clqnrvauc]
2026-10-06 12:32:17.500 +05:30 [INF] [jj1rxsp55rn] HTTP GET /api/leaves/pending-approvals responded 200 in 17ms [Trace: jj1rxsp55rn]
2026-10-06 12:32:17.515 +05:30 [INF] [fpq7559ehl8] HTTP GET /api/leaves/pending-approvals responded 200 in 2ms [Trace: fpq7559ehl8]
2026-10-06 12:32:17.516 +05:30 [INF] [j7ygydsmhd] HTTP GET /api/leaves responded 200 in 1ms [Trace: j7ygydsmhd]
2026-10-06 12:32:17.531 +05:30 [INF] [5dfaznxfmr5] HTTP GET /api/leaves responded 200 in 2ms [Trace: 5dfaznxfmr5]
2026-10-06 12:32:18.950 +05:30 [INF] [2clr4bcccve] HTTP GET /api/leaves/types responded 200 in 1ms [Trace: 2clr4bcccve]
2026-10-06 12:32:18.952 +05:30 [INF] [mr0azu25dd] HTTP GET /api/leaves/balances responded 200 in 4ms [Trace: mr0azu25dd]
2026-10-06 12:32:18.969 +05:30 [INF] [toubgsouihk] HTTP GET /api/leaves/pending-approvals responded 200 in 2ms [Trace: toubgsouihk]
2026-10-06 12:32:18.984 +05:30 [INF] [t8ofxb67eea] HTTP GET /api/leaves/pending-approvals responded 200 in 2ms [Trace: t8ofxb67eea]
2026-10-06 13:49:49.183 +05:30 [INF] [] Now listening on: http://localhost:5000
2026-10-06 13:49:49.231 +05:30 [INF] [] Application started. Press Ctrl+C to shut down.
2026-10-06 13:49:49.232 +05:30 [INF] [] Hosting environment: Development
2026-10-06 13:49:49.232 +05:30 [INF] [] Content root path: C:\Users\sairajk\.gemini\antigravity\scratch\EMS\src\EMS.API
2026-10-06 13:49:51.229 +05:30 [WRN] [4bpy7a9y76u] Compiling a query which loads related collections for more than one collection navigation, either via 'Include' or through projection, but no 'QuerySplittingBehavior' has been configured. By default, Entity Framework will use 'QuerySplittingBehavior.SingleQuery', which can potentially result in slow query performance. See https://go.microsoft.com/fwlink/?linkid=2134277 for more information. To identify the query that's triggering this warning call 'ConfigureWarnings(w => w.Throw(RelationalEventId.MultipleCollectionIncludeWarning))'.
2026-10-06 13:49:51.665 +05:30 [INF] [4bpy7a9y76u] LOGIN_SUCCESS. User admin@company.com, EmployeeId: 1
2026-10-06 13:49:51.699 +05:30 [INF] [4bpy7a9y76u] HTTP POST /api/auth/login responded 200 in 693ms [Trace: 4bpy7a9y76u]
2026-10-06 13:49:51.840 +05:30 [INF] [s3eh9jfrm99] HTTP GET /api/notifications responded 200 in 102ms [Trace: s3eh9jfrm99]
2026-10-06 13:49:51.846 +05:30 [INF] [2om20grhqol] HTTP GET /api/notifications/unread-count responded 200 in 106ms [Trace: 2om20grhqol]
2026-10-06 13:49:51.870 +05:30 [INF] [n1x4p56bqe] HTTP GET /api/notifications responded 200 in 14ms [Trace: n1x4p56bqe]
2026-10-06 13:49:51.884 +05:30 [INF] [s8zztvoui1] HTTP GET /api/notifications responded 200 in 2ms [Trace: s8zztvoui1]
2026-10-06 13:49:52.010 +05:30 [INF] [iihuwr2ae9c] HTTP GET /api/notifications/unread-count responded 200 in 150ms [Trace: iihuwr2ae9c]
2026-10-06 13:49:52.043 +05:30 [INF] [n41de30cr] HTTP GET /api/notifications responded 200 in 21ms [Trace: n41de30cr]
2026-10-06 13:49:55.414 +05:30 [INF] [k2wve2x0a2] HTTP PUT /api/notifications/3/read responded 204 in 42ms [Trace: k2wve2x0a2]
2026-10-06 13:49:55.431 +05:30 [INF] [0yxa8pe8xbsg] HTTP GET /api/notifications responded 200 in 3ms [Trace: 0yxa8pe8xbsg]
2026-10-06 13:49:55.853 +05:30 [INF] [5eicc88wcsn] HTTP PUT /api/notifications/3/read responded 204 in 7ms [Trace: 5eicc88wcsn]
2026-10-06 13:49:55.868 +05:30 [INF] [1sgrcao56t7] HTTP GET /api/notifications responded 200 in 2ms [Trace: 1sgrcao56t7]
2026-10-06 13:49:56.899 +05:30 [INF] [be0x9hufnd] HTTP GET /api/positions responded 200 in 15ms [Trace: be0x9hufnd]
2026-10-06 13:49:56.915 +05:30 [INF] [z0rqzc7d1lb] HTTP GET /api/positions responded 200 in 1ms [Trace: z0rqzc7d1lb]
2026-10-06 13:49:56.920 +05:30 [INF] [ezczx28nwm5] HTTP GET /api/departments responded 200 in 36ms [Trace: ezczx28nwm5]
2026-10-06 13:49:56.934 +05:30 [INF] [cferqmepqz] HTTP GET /api/departments responded 200 in 2ms [Trace: cferqmepqz]
2026-10-06 13:49:56.936 +05:30 [INF] [90fcicjyqw7] HTTP GET /api/employees responded 200 in 52ms [Trace: 90fcicjyqw7]
2026-10-06 13:49:56.952 +05:30 [INF] [xjpbthbpad9] HTTP GET /api/employees responded 200 in 3ms [Trace: xjpbthbpad9]
2026-10-06 13:49:58.065 +05:30 [INF] [2tac1h7lycc] HTTP GET /api/auth/users responded 200 in 23ms [Trace: 2tac1h7lycc]
2026-10-06 13:49:58.081 +05:30 [INF] [ebntqn7f2lb] HTTP GET /api/auth/users responded 200 in 3ms [Trace: ebntqn7f2lb]
2026-10-06 13:49:58.751 +05:30 [INF] [l609ilzxhzl] HTTP GET /api/auth/roles responded 200 in 29ms [Trace: l609ilzxhzl]
2026-10-06 13:49:58.771 +05:30 [INF] [bftaf6ibtai] HTTP GET /api/auth/roles responded 200 in 4ms [Trace: bftaf6ibtai]
2026-10-06 13:49:59.416 +05:30 [INF] [04v4rk595fpn] HTTP GET /api/audit-logs responded 200 in 40ms [Trace: 04v4rk595fpn]
2026-10-06 13:49:59.445 +05:30 [INF] [6uy9e7g0gbb] HTTP GET /api/audit-logs responded 200 in 4ms [Trace: 6uy9e7g0gbb]
2026-10-06 13:49:59.936 +05:30 [INF] [8gx433lucdj] HTTP GET /api/reports/employees-by-department responded 200 in 21ms [Trace: 8gx433lucdj]
2026-10-06 13:49:59.954 +05:30 [INF] [bmdkfle91vw] HTTP GET /api/reports/employees-by-department responded 200 in 1ms [Trace: bmdkfle91vw]
2026-10-06 13:49:59.957 +05:30 [INF] [hcayjg8yfgi] HTTP GET /api/reports/payroll-summary responded 200 in 42ms [Trace: hcayjg8yfgi]
2026-10-06 13:49:59.961 +05:30 [INF] [k9rhpc2xj09] HTTP GET /api/reports/project-allocation responded 200 in 33ms [Trace: k9rhpc2xj09]
2026-10-06 13:49:59.962 +05:30 [INF] [l8wyfcrzs8l] HTTP GET /api/reports/leave-utilization responded 200 in 46ms [Trace: l8wyfcrzs8l]
2026-10-06 13:49:59.972 +05:30 [INF] [yjv14c9563] HTTP GET /api/reports/payroll-summary responded 200 in 2ms [Trace: yjv14c9563]
2026-10-06 13:49:59.974 +05:30 [INF] [wek8xdkpfh] HTTP GET /api/reports/project-allocation responded 200 in 2ms [Trace: wek8xdkpfh]
2026-10-06 13:49:59.979 +05:30 [INF] [y3n4arqrrha] HTTP GET /api/reports/leave-utilization responded 200 in 3ms [Trace: y3n4arqrrha]
2026-10-06 13:50:00.603 +05:30 [INF] [2egnhxp0qro] HTTP GET /api/audit-logs responded 200 in 3ms [Trace: 2egnhxp0qro]
2026-10-06 13:50:00.617 +05:30 [INF] [14v1qr20bjc] HTTP GET /api/audit-logs responded 200 in 3ms [Trace: 14v1qr20bjc]
2026-10-06 13:50:03.077 +05:30 [INF] [itw4dzy5w4g] HTTP GET /api/audit-logs responded 200 in 8ms [Trace: itw4dzy5w4g]
2026-10-06 13:50:05.686 +05:30 [INF] [jswvzk7b3we] HTTP GET /api/audit-logs responded 200 in 10ms [Trace: jswvzk7b3we]
2026-10-06 13:50:10.620 +05:30 [WRN] [oqrmqov73mo] Compiling a query which loads related collections for more than one collection navigation, either via 'Include' or through projection, but no 'QuerySplittingBehavior' has been configured. By default, Entity Framework will use 'QuerySplittingBehavior.SingleQuery', which can potentially result in slow query performance. See https://go.microsoft.com/fwlink/?linkid=2134277 for more information. To identify the query that's triggering this warning call 'ConfigureWarnings(w => w.Throw(RelationalEventId.MultipleCollectionIncludeWarning))'.
2026-10-06 13:50:10.658 +05:30 [INF] [oqrmqov73mo] LOGOUT. User 1
2026-10-06 13:50:10.660 +05:30 [INF] [oqrmqov73mo] HTTP POST /api/auth/logout responded 204 in 69ms [Trace: oqrmqov73mo]
2026-10-06 13:50:13.070 +05:30 [INF] [txm4ita8ml9] LOGIN_SUCCESS. User employee@company.com, EmployeeId: 4
2026-10-06 13:50:13.071 +05:30 [INF] [txm4ita8ml9] HTTP POST /api/auth/login responded 200 in 24ms [Trace: txm4ita8ml9]
2026-10-06 13:50:13.113 +05:30 [INF] [1k9ljw6xyc7] HTTP GET /api/notifications/unread-count responded 200 in 3ms [Trace: 1k9ljw6xyc7]
2026-10-06 13:50:13.116 +05:30 [INF] [31utjr24gyg] HTTP GET /api/audit-logs responded 403 in 6ms [Trace: 31utjr24gyg]
2026-10-06 13:50:13.135 +05:30 [INF] [d5ejh4ro00l] HTTP GET /api/audit-logs responded 403 in 0ms [Trace: d5ejh4ro00l]
2026-10-06 13:50:13.137 +05:30 [INF] [scfjantndp] HTTP GET /api/notifications/unread-count responded 200 in 2ms [Trace: scfjantndp]
2026-10-06 13:50:13.137 +05:30 [INF] [zhpc25jfr1] HTTP GET /api/notifications responded 200 in 2ms [Trace: zhpc25jfr1]
2026-10-06 13:50:13.164 +05:30 [INF] [oqyct24abo] HTTP GET /api/notifications responded 200 in 3ms [Trace: oqyct24abo]
2026-10-06 13:50:14.355 +05:30 [INF] [xbxz9uzsvx] HTTP GET /api/employees responded 403 in 0ms [Trace: xbxz9uzsvx]
2026-10-06 13:50:14.357 +05:30 [INF] [8qw74sglsho] HTTP GET /api/positions responded 200 in 2ms [Trace: 8qw74sglsho]
2026-10-06 13:50:14.357 +05:30 [INF] [94dt7x35brh] HTTP GET /api/departments responded 200 in 2ms [Trace: 94dt7x35brh]
2026-10-06 13:50:14.367 +05:30 [INF] [y7685ikh4q] HTTP GET /api/employees responded 403 in 0ms [Trace: y7685ikh4q]
2026-10-06 13:50:14.372 +05:30 [INF] [2qzbhbliau5] HTTP GET /api/positions responded 200 in 1ms [Trace: 2qzbhbliau5]
2026-10-06 13:50:14.372 +05:30 [INF] [l2mbej67j9] HTTP GET /api/departments responded 200 in 1ms [Trace: l2mbej67j9]
2026-10-06 13:50:20.519 +05:30 [INF] [l7a52ioxgri] HTTP GET /api/attendance/today responded 200 in 21ms [Trace: l7a52ioxgri]
2026-10-06 13:50:20.535 +05:30 [INF] [ily1yu2lx9] HTTP GET /api/attendance/today responded 200 in 3ms [Trace: ily1yu2lx9]
2026-10-06 13:50:21.084 +05:30 [INF] [2i11n8f9vue] HTTP GET /api/departments responded 200 in 3ms [Trace: 2i11n8f9vue]
2026-10-06 13:50:21.100 +05:30 [INF] [4j1lkl0gfwy] HTTP GET /api/departments responded 200 in 2ms [Trace: 4j1lkl0gfwy]
2026-10-06 13:50:21.747 +05:30 [INF] [eqkj0olz1pp] HTTP GET /api/employees responded 403 in 0ms [Trace: eqkj0olz1pp]
2026-10-06 13:50:21.749 +05:30 [INF] [to7fahrv4p] HTTP GET /api/positions responded 200 in 2ms [Trace: to7fahrv4p]
2026-10-06 13:50:21.749 +05:30 [INF] [xdf8nf7kcn] HTTP GET /api/departments responded 200 in 2ms [Trace: xdf8nf7kcn]
2026-10-06 13:50:21.759 +05:30 [INF] [d324r2qaoeh] HTTP GET /api/employees responded 403 in 0ms [Trace: d324r2qaoeh]
2026-10-06 13:50:21.761 +05:30 [INF] [lnbu5mwu5n] HTTP GET /api/positions responded 200 in 1ms [Trace: lnbu5mwu5n]
2026-10-06 13:50:21.762 +05:30 [INF] [rjqk5l3zlci] HTTP GET /api/departments responded 200 in 1ms [Trace: rjqk5l3zlci]
2026-10-06 13:50:22.267 +05:30 [INF] [cjof8f4h0z4] HTTP GET /api/attendance/today responded 200 in 4ms [Trace: cjof8f4h0z4]
2026-10-06 13:50:22.280 +05:30 [INF] [3nvxixleime] HTTP GET /api/attendance/today responded 200 in 1ms [Trace: 3nvxixleime]
2026-10-06 13:50:28.359 +05:30 [INF] [ilk1jd16li] HTTP GET /api/departments responded 200 in 3ms [Trace: ilk1jd16li]
2026-10-06 13:50:28.375 +05:30 [INF] [5ssgwji6j4r] HTTP GET /api/departments responded 200 in 3ms [Trace: 5ssgwji6j4r]
2026-10-06 13:50:29.202 +05:30 [INF] [tw8xr9eksej] HTTP GET /api/employees responded 403 in 0ms [Trace: tw8xr9eksej]
2026-10-06 13:50:29.203 +05:30 [INF] [rj9aolqwmqj] HTTP GET /api/positions responded 200 in 1ms [Trace: rj9aolqwmqj]
2026-10-06 13:50:29.204 +05:30 [INF] [kkujoux9eo] HTTP GET /api/departments responded 200 in 2ms [Trace: kkujoux9eo]
2026-10-06 13:50:29.214 +05:30 [INF] [uwsnj5xlvhk] HTTP GET /api/employees responded 403 in 0ms [Trace: uwsnj5xlvhk]
2026-10-06 13:50:29.217 +05:30 [INF] [1zcobpt2wjl] HTTP GET /api/positions responded 200 in 1ms [Trace: 1zcobpt2wjl]
2026-10-06 13:50:29.221 +05:30 [INF] [qvy25slhhyg] HTTP GET /api/departments responded 200 in 1ms [Trace: qvy25slhhyg]
2026-10-06 13:50:29.804 +05:30 [INF] [gx0cgr3yp95] HTTP GET /api/positions responded 200 in 2ms [Trace: gx0cgr3yp95]
2026-10-06 13:50:29.818 +05:30 [INF] [8nhomawaoqg] HTTP GET /api/positions responded 200 in 1ms [Trace: 8nhomawaoqg]
2026-10-06 13:50:31.435 +05:30 [INF] [8oka1v88hyj] HTTP GET /api/attendance/today responded 200 in 1ms [Trace: 8oka1v88hyj]
2026-10-06 13:50:31.450 +05:30 [INF] [mpnw4jl17hb] HTTP GET /api/attendance/today responded 200 in 1ms [Trace: mpnw4jl17hb]
2026-10-06 13:50:31.479 +05:30 [INF] [8wo3veayrzh] HTTP GET /api/attendance responded 200 in 30ms [Trace: 8wo3veayrzh]
2026-10-06 13:50:31.495 +05:30 [INF] [zfw32parlpb] HTTP GET /api/attendance responded 200 in 2ms [Trace: zfw32parlpb]
2026-10-06 13:50:37.509 +05:30 [INF] [2eufh0omtrd] LOGOUT. User 4
2026-10-06 13:50:37.512 +05:30 [INF] [2eufh0omtrd] HTTP POST /api/auth/logout responded 204 in 12ms [Trace: 2eufh0omtrd]
2026-10-06 13:50:39.531 +05:30 [INF] [j4fg9h3wuta] LOGIN_SUCCESS. User manager@company.com, EmployeeId: 3
2026-10-06 13:50:39.533 +05:30 [INF] [j4fg9h3wuta] HTTP POST /api/auth/login responded 200 in 25ms [Trace: j4fg9h3wuta]
2026-10-06 13:50:39.558 +05:30 [INF] [pua1jas8kxc] HTTP GET /api/attendance/today responded 200 in 1ms [Trace: pua1jas8kxc]
2026-10-06 13:50:39.558 +05:30 [INF] [pddk8ni4aib] HTTP GET /api/notifications/unread-count responded 200 in 1ms [Trace: pddk8ni4aib]
2026-10-06 13:50:39.571 +05:30 [INF] [ul43nlzw759] HTTP GET /api/attendance/today responded 200 in 1ms [Trace: ul43nlzw759]
2026-10-06 13:50:39.572 +05:30 [INF] [t1ad6sfviyf] HTTP GET /api/notifications/unread-count responded 200 in 0ms [Trace: t1ad6sfviyf]
2026-10-06 13:50:39.573 +05:30 [INF] [u9ius6fmc69] HTTP GET /api/attendance responded 200 in 1ms [Trace: u9ius6fmc69]
2026-10-06 13:50:39.574 +05:30 [INF] [lastosgqud] HTTP GET /api/notifications responded 200 in 0ms [Trace: lastosgqud]
2026-10-06 13:50:39.589 +05:30 [INF] [s36pgeu6zpj] HTTP GET /api/attendance responded 200 in 1ms [Trace: s36pgeu6zpj]
2026-10-06 13:50:39.591 +05:30 [INF] [e6u30npx63n] HTTP GET /api/notifications responded 200 in 0ms [Trace: e6u30npx63n]
2026-10-06 13:50:51.028 +05:30 [INF] [h3q8gdq8h4q] LOGOUT. User 3
2026-10-06 13:50:51.031 +05:30 [INF] [h3q8gdq8h4q] HTTP POST /api/auth/logout responded 204 in 11ms [Trace: h3q8gdq8h4q]
2026-10-06 13:50:52.557 +05:30 [INF] [q8r8syd69d] LOGIN_SUCCESS. User hr@company.com, EmployeeId: 2
2026-10-06 13:50:52.558 +05:30 [INF] [q8r8syd69d] HTTP POST /api/auth/login responded 200 in 34ms [Trace: q8r8syd69d]
2026-10-06 13:50:52.593 +05:30 [INF] [tw9jex9kcln] HTTP GET /api/attendance/today responded 200 in 1ms [Trace: tw9jex9kcln]
2026-10-06 13:50:52.594 +05:30 [INF] [xl4lvokt8n] HTTP GET /api/notifications/unread-count responded 200 in 1ms [Trace: xl4lvokt8n]
2026-10-06 13:50:52.613 +05:30 [INF] [2b81modkm4i] HTTP GET /api/attendance/today responded 200 in 1ms [Trace: 2b81modkm4i]
2026-10-06 13:50:52.619 +05:30 [INF] [frnog1zolv] HTTP GET /api/notifications/unread-count responded 200 in 1ms [Trace: frnog1zolv]
2026-10-06 13:50:52.620 +05:30 [INF] [c08ozme4seg] HTTP GET /api/notifications responded 200 in 1ms [Trace: c08ozme4seg]
2026-10-06 13:50:52.626 +05:30 [INF] [cmlv46p7th7] HTTP GET /api/attendance responded 200 in 13ms [Trace: cmlv46p7th7]
2026-10-06 13:50:52.637 +05:30 [INF] [wepsttdebtm] HTTP GET /api/notifications responded 200 in 1ms [Trace: wepsttdebtm]
2026-10-06 13:50:52.639 +05:30 [INF] [0wlz3582mky] HTTP GET /api/attendance responded 200 in 1ms [Trace: 0wlz3582mky]
2026-10-06 13:50:57.235 +05:30 [INF] [u0684xwyhw] LOGOUT. User 2
2026-10-06 13:50:57.238 +05:30 [INF] [u0684xwyhw] HTTP POST /api/auth/logout responded 204 in 12ms [Trace: u0684xwyhw]
2026-10-06 13:50:58.685 +05:30 [INF] [ol353o4xjli] LOGIN_SUCCESS. User admin@company.com, EmployeeId: 1
2026-10-06 13:50:58.686 +05:30 [INF] [ol353o4xjli] HTTP POST /api/auth/login responded 200 in 21ms [Trace: ol353o4xjli]
2026-10-06 13:50:58.714 +05:30 [INF] [vhurc112wd9] HTTP GET /api/attendance/today responded 200 in 1ms [Trace: vhurc112wd9]
2026-10-06 13:50:58.714 +05:30 [INF] [n7vgigr2b4] HTTP GET /api/notifications/unread-count responded 200 in 1ms [Trace: n7vgigr2b4]
2026-10-06 13:50:58.729 +05:30 [INF] [06lxe8ctfbju] HTTP GET /api/attendance/today responded 200 in 1ms [Trace: 06lxe8ctfbju]
2026-10-06 13:50:58.730 +05:30 [INF] [78izkpqjzf2] HTTP GET /api/notifications responded 200 in 0ms [Trace: 78izkpqjzf2]
2026-10-06 13:50:58.729 +05:30 [INF] [w4liqrffp5] HTTP GET /api/notifications/unread-count responded 200 in 1ms [Trace: w4liqrffp5]
2026-10-06 13:50:58.730 +05:30 [INF] [vgv5u1jacw] HTTP GET /api/attendance responded 200 in 1ms [Trace: vgv5u1jacw]
2026-10-06 13:50:58.748 +05:30 [INF] [pa0oxoh1h4c] HTTP GET /api/notifications responded 200 in 1ms [Trace: pa0oxoh1h4c]
2026-10-06 13:50:58.752 +05:30 [INF] [wbz38cq319n] HTTP GET /api/attendance responded 200 in 1ms [Trace: wbz38cq319n]
2026-10-06 13:51:01.345 +05:30 [INF] [qwyqv896z3] CHECK_IN. EmployeeId: 1, Status: "Present"
2026-10-06 13:51:01.351 +05:30 [INF] [qwyqv896z3] HTTP POST /api/attendance/check-in responded 200 in 72ms [Trace: qwyqv896z3]
2026-10-06 13:51:01.378 +05:30 [INF] [va40c64rx0h] HTTP GET /api/attendance/today responded 200 in 0ms [Trace: va40c64rx0h]
2026-10-06 13:51:01.391 +05:30 [INF] [lzezgk23c1j] HTTP GET /api/attendance responded 200 in 1ms [Trace: lzezgk23c1j]
2026-10-06 13:51:18.666 +05:30 [INF] [5mwdjt9yfqw] HTTP GET /api/employees responded 200 in 4ms [Trace: 5mwdjt9yfqw]
2026-10-06 13:51:18.686 +05:30 [INF] [11vd7rkpxdv] HTTP GET /api/employees responded 200 in 2ms [Trace: 11vd7rkpxdv]
2026-10-06 13:51:18.696 +05:30 [INF] [csqmrtv7g7j] HTTP GET /api/employees/1/salary responded 200 in 35ms [Trace: csqmrtv7g7j]
2026-10-06 13:51:18.711 +05:30 [INF] [996qsvi0d6u] HTTP GET /api/employees/1/salary responded 200 in 1ms [Trace: 996qsvi0d6u]
2026-10-06 13:51:19.970 +05:30 [INF] [d2gtltv9em8] HTTP GET /api/employees/1/payslips responded 200 in 30ms [Trace: d2gtltv9em8]
2026-10-06 13:51:19.993 +05:30 [INF] [2j8sq5r84r6] HTTP GET /api/employees/1/payslips responded 200 in 2ms [Trace: 2j8sq5r84r6]
2026-10-06 13:51:20.692 +05:30 [INF] [kgh90etnk8] HTTP GET /api/employees/1/salary responded 200 in 1ms [Trace: kgh90etnk8]
2026-10-06 13:51:20.692 +05:30 [INF] [kalsnb9x0fn] HTTP GET /api/employees responded 200 in 2ms [Trace: kalsnb9x0fn]
2026-10-06 13:51:20.704 +05:30 [INF] [ijj25tksr3] HTTP GET /api/employees/1/salary responded 200 in 1ms [Trace: ijj25tksr3]
2026-10-06 13:51:20.707 +05:30 [INF] [hrafwii765e] HTTP GET /api/employees responded 200 in 1ms [Trace: hrafwii765e]
2026-10-06 13:51:23.502 +05:30 [INF] [uiupucwiazq] HTTP GET /api/employees/4/salary responded 200 in 2ms [Trace: uiupucwiazq]
2026-10-06 13:51:24.527 +05:30 [INF] [mk4abq6d46] HTTP GET /api/employees/6/salary responded 200 in 2ms [Trace: mk4abq6d46]
2026-10-06 13:51:28.726 +05:30 [INF] [fqz6z8nosul] HTTP GET /api/notifications/unread-count responded 200 in 2ms [Trace: fqz6z8nosul]
2026-10-06 13:51:28.744 +05:30 [INF] [slq6jpo6vbs] HTTP GET /api/notifications responded 200 in 2ms [Trace: slq6jpo6vbs]
2026-10-06 13:51:32.061 +05:30 [INF] [7j34fmie37s] HTTP GET /api/employees/1/payslips responded 200 in 2ms [Trace: 7j34fmie37s]
2026-10-06 13:51:32.078 +05:30 [INF] [6vq859pihfq] HTTP GET /api/employees/1/payslips responded 200 in 2ms [Trace: 6vq859pihfq]
2026-10-06 13:51:38.386 +05:30 [INF] [kxk3t7950zj] LOGOUT. User 1
2026-10-06 13:51:38.389 +05:30 [INF] [kxk3t7950zj] HTTP POST /api/auth/logout responded 204 in 13ms [Trace: kxk3t7950zj]
