2026-09-28 09:46:29.334 +05:30 [INF] [] Now listening on: http://localhost:5000
2026-09-28 09:46:29.389 +05:30 [INF] [] Application started. Press Ctrl+C to shut down.
2026-09-28 09:46:29.390 +05:30 [INF] [] Hosting environment: Development
2026-09-28 09:46:29.391 +05:30 [INF] [] Content root path: C:\Users\sairajk\.gemini\antigravity\scratch\EMS\src\EMS.API
2026-09-28 09:46:34.658 +05:30 [WRN] [qcjw1eu6sbh] Compiling a query which loads related collections for more than one collection navigation, either via 'Include' or through projection, but no 'QuerySplittingBehavior' has been configured. By default, Entity Framework will use 'QuerySplittingBehavior.SingleQuery', which can potentially result in slow query performance. See https://go.microsoft.com/fwlink/?linkid=2134277 for more information. To identify the query that's triggering this warning call 'ConfigureWarnings(w => w.Throw(RelationalEventId.MultipleCollectionIncludeWarning))'.
2026-09-28 09:46:35.164 +05:30 [INF] [qcjw1eu6sbh] LOGIN_SUCCESS. User admin@company.com, EmployeeId: 1
2026-09-28 09:46:35.196 +05:30 [INF] [qcjw1eu6sbh] HTTP POST /api/auth/login responded 200 in 1076ms [Trace: qcjw1eu6sbh]
2026-09-28 09:46:35.376 +05:30 [INF] [x8cjjalmrzp] HTTP GET /api/notifications/unread-count responded 200 in 131ms [Trace: x8cjjalmrzp]
2026-09-28 09:46:35.408 +05:30 [INF] [c534fhtep79] HTTP GET /api/notifications/unread-count responded 200 in 15ms [Trace: c534fhtep79]
2026-09-28 09:46:35.416 +05:30 [INF] [gkhklo093be] HTTP GET /api/notifications responded 200 in 24ms [Trace: gkhklo093be]
2026-09-28 09:46:35.420 +05:30 [INF] [etu52anidmv] HTTP GET /api/employees responded 200 in 164ms [Trace: etu52anidmv]
2026-09-28 09:46:35.433 +05:30 [INF] [1gf0ggkkkoo] HTTP GET /api/notifications responded 200 in 2ms [Trace: 1gf0ggkkkoo]
2026-09-28 09:46:35.437 +05:30 [INF] [6l3m89z97hy] HTTP GET /api/employees responded 200 in 2ms [Trace: 6l3m89z97hy]
2026-09-28 09:46:35.469 +05:30 [INF] [2hy0kbsz5vx] HTTP GET /api/departments responded 200 in 33ms [Trace: 2hy0kbsz5vx]
2026-09-28 09:46:35.485 +05:30 [INF] [ub7o5o1wsc] HTTP GET /api/departments responded 200 in 2ms [Trace: ub7o5o1wsc]
2026-09-28 09:46:35.531 +05:30 [INF] [b8t4ohah15b] HTTP GET /api/leaves responded 200 in 47ms [Trace: b8t4ohah15b]
2026-09-28 09:46:35.556 +05:30 [INF] [yx0b4k61hen] HTTP GET /api/leaves responded 200 in 4ms [Trace: yx0b4k61hen]
2026-09-28 09:46:35.577 +05:30 [INF] [zdis8zyeb8] HTTP GET /api/attendance/today responded 200 in 24ms [Trace: zdis8zyeb8]
2026-09-28 09:46:35.589 +05:30 [INF] [4c196n6cxj5] HTTP GET /api/attendance/today responded 200 in 1ms [Trace: 4c196n6cxj5]
2026-09-28 09:46:40.824 +05:30 [INF] [93kj8fxucza] HTTP GET /api/departments responded 200 in 7ms [Trace: 93kj8fxucza]
2026-09-28 09:46:40.824 +05:30 [INF] [0rbuwkipd56] HTTP GET /api/employees responded 200 in 7ms [Trace: 0rbuwkipd56]
2026-09-28 09:46:40.839 +05:30 [INF] [b75myayispd] HTTP GET /api/departments responded 200 in 1ms [Trace: b75myayispd]
2026-09-28 09:46:40.841 +05:30 [INF] [llwhb5k6rh] HTTP GET /api/positions responded 200 in 24ms [Trace: llwhb5k6rh]
2026-09-28 09:46:40.850 +05:30 [INF] [fuouxrvvo9r] HTTP GET /api/employees responded 200 in 3ms [Trace: fuouxrvvo9r]
2026-09-28 09:46:40.859 +05:30 [INF] [0fusvgrqd1ys] HTTP GET /api/positions responded 200 in 1ms [Trace: 0fusvgrqd1ys]
2026-09-28 09:46:42.584 +05:30 [INF] [nm7zq4wdlp] HTTP GET /api/departments responded 200 in 4ms [Trace: nm7zq4wdlp]
2026-09-28 09:46:42.604 +05:30 [INF] [6h8y2pdxcv8] HTTP GET /api/departments responded 200 in 3ms [Trace: 6h8y2pdxcv8]
2026-09-28 09:46:43.134 +05:30 [INF] [aqngkmpkxt] HTTP GET /api/positions responded 200 in 2ms [Trace: aqngkmpkxt]
2026-09-28 09:46:43.147 +05:30 [INF] [mb3evun2gdj] HTTP GET /api/positions responded 200 in 1ms [Trace: mb3evun2gdj]
2026-09-28 09:46:44.207 +05:30 [INF] [luuabqs5p2s] HTTP GET /api/departments responded 200 in 3ms [Trace: luuabqs5p2s]
2026-09-28 09:46:44.228 +05:30 [INF] [edt337w9s1] HTTP GET /api/departments responded 200 in 2ms [Trace: edt337w9s1]
2026-09-28 09:46:49.671 +05:30 [INF] [jd1oxpykgmi] HTTP GET /api/employees responded 200 in 3ms [Trace: jd1oxpykgmi]
2026-09-28 09:46:49.689 +05:30 [INF] [v44b6mjjb4] HTTP GET /api/employees responded 200 in 1ms [Trace: v44b6mjjb4]
2026-09-28 09:46:49.707 +05:30 [INF] [4kzs7rgqb09] HTTP GET /api/employees/1/salary responded 200 in 39ms [Trace: 4kzs7rgqb09]
2026-09-28 09:46:49.722 +05:30 [INF] [k3m41y2mpy] HTTP GET /api/employees/1/salary responded 200 in 1ms [Trace: k3m41y2mpy]
2026-09-28 09:46:51.681 +05:30 [INF] [4ujrdh2ogn8] HTTP GET /api/employees/1/payslips responded 200 in 28ms [Trace: 4ujrdh2ogn8]
2026-09-28 09:46:51.699 +05:30 [INF] [nnp38j1o1j] HTTP GET /api/employees/1/payslips responded 200 in 2ms [Trace: nnp38j1o1j]
2026-09-28 09:46:52.464 +05:30 [INF] [la2nqujz28m] HTTP GET /api/auth/users responded 200 in 49ms [Trace: la2nqujz28m]
2026-09-28 09:46:52.491 +05:30 [INF] [a683q3lujth] HTTP GET /api/auth/users responded 200 in 4ms [Trace: a683q3lujth]
2026-09-28 09:46:54.004 +05:30 [INF] [mn3ykf8rq3s] HTTP GET /api/employees/1/salary responded 200 in 2ms [Trace: mn3ykf8rq3s]
2026-09-28 09:46:54.005 +05:30 [INF] [4fyj31060uc] HTTP GET /api/employees responded 200 in 2ms [Trace: 4fyj31060uc]
2026-09-28 09:46:54.016 +05:30 [INF] [syafdp4j5k] HTTP GET /api/employees/1/salary responded 200 in 1ms [Trace: syafdp4j5k]
2026-09-28 09:46:54.018 +05:30 [INF] [x3j4v8e1u9f] HTTP GET /api/employees responded 200 in 1ms [Trace: x3j4v8e1u9f]
2026-09-28 09:46:57.300 +05:30 [INF] [l8ofzt3gw2i] HTTP GET /api/positions responded 200 in 1ms [Trace: l8ofzt3gw2i]
2026-09-28 09:46:57.300 +05:30 [INF] [hp3h7p86lhc] HTTP GET /api/departments responded 200 in 1ms [Trace: hp3h7p86lhc]
2026-09-28 09:46:57.302 +05:30 [INF] [cu9kj92vid5] HTTP GET /api/employees responded 200 in 3ms [Trace: cu9kj92vid5]
2026-09-28 09:46:57.311 +05:30 [INF] [gk01tdaremq] HTTP GET /api/positions responded 200 in 1ms [Trace: gk01tdaremq]
2026-09-28 09:46:57.313 +05:30 [INF] [6yzy60ox76h] HTTP GET /api/departments responded 200 in 1ms [Trace: 6yzy60ox76h]
2026-09-28 09:46:57.320 +05:30 [INF] [w4lf7v0l75] HTTP GET /api/employees responded 200 in 1ms [Trace: w4lf7v0l75]
2026-09-28 09:47:05.249 +05:30 [INF] [ac8xlsp1l4s] HTTP GET /api/notifications/unread-count responded 200 in 3ms [Trace: ac8xlsp1l4s]
2026-09-28 09:47:05.269 +05:30 [INF] [aayewje56pd] HTTP GET /api/notifications responded 200 in 0ms [Trace: aayewje56pd]
2026-09-28 09:47:07.891 +05:30 [INF] [c1t7v7cbcnd] EMPLOYEE_CREATED. EmployeeId: 5, CreatedBy: 1
2026-09-28 09:47:07.923 +05:30 [INF] [c1t7v7cbcnd] HTTP POST /api/employees responded 201 in 205ms [Trace: c1t7v7cbcnd]
2026-09-28 09:47:07.946 +05:30 [INF] [7wgspwq9e5h] HTTP GET /api/employees responded 200 in 1ms [Trace: 7wgspwq9e5h]
2026-09-28 09:47:15.569 +05:30 [WRN] [mh2mgq3vbb] Compiling a query which loads related collections for more than one collection navigation, either via 'Include' or through projection, but no 'QuerySplittingBehavior' has been configured. By default, Entity Framework will use 'QuerySplittingBehavior.SingleQuery', which can potentially result in slow query performance. See https://go.microsoft.com/fwlink/?linkid=2134277 for more information. To identify the query that's triggering this warning call 'ConfigureWarnings(w => w.Throw(RelationalEventId.MultipleCollectionIncludeWarning))'.
2026-09-28 09:47:15.592 +05:30 [INF] [mh2mgq3vbb] LOGOUT. User 1
2026-09-28 09:47:15.594 +05:30 [INF] [mh2mgq3vbb] HTTP POST /api/auth/logout responded 204 in 48ms [Trace: mh2mgq3vbb]
2026-09-28 09:47:18.769 +05:30 [INF] [y36kk3my3je] LOGIN_SUCCESS. User manager@company.com, EmployeeId: 3
2026-09-28 09:47:18.771 +05:30 [INF] [y36kk3my3je] HTTP POST /api/auth/login responded 200 in 27ms [Trace: y36kk3my3je]
2026-09-28 09:47:18.856 +05:30 [INF] [lumunifk4j] HTTP GET /api/positions responded 200 in 57ms [Trace: lumunifk4j]
2026-09-28 09:47:18.856 +05:30 [INF] [saurf00mijd] HTTP GET /api/notifications/unread-count responded 200 in 56ms [Trace: saurf00mijd]
2026-09-28 09:47:18.856 +05:30 [INF] [h4l5jvy1z0s] HTTP GET /api/departments responded 200 in 57ms [Trace: h4l5jvy1z0s]
2026-09-28 09:47:18.867 +05:30 [INF] [h4huk12kjda] HTTP GET /api/employees responded 403 in 68ms [Trace: h4huk12kjda]
2026-09-28 09:47:18.885 +05:30 [INF] [yhxvdp3zzz] HTTP GET /api/positions responded 200 in 1ms [Trace: yhxvdp3zzz]
2026-09-28 09:47:18.885 +05:30 [INF] [wjpm15erhw] HTTP GET /api/notifications/unread-count responded 200 in 0ms [Trace: wjpm15erhw]
2026-09-28 09:47:18.887 +05:30 [INF] [v3wjg4s0q8j] HTTP GET /api/employees responded 403 in 0ms [Trace: v3wjg4s0q8j]
2026-09-28 09:47:18.888 +05:30 [INF] [c5z12aglyes] HTTP GET /api/notifications responded 200 in 2ms [Trace: c5z12aglyes]
2026-09-28 09:47:18.887 +05:30 [INF] [3qf5hqi28u2] HTTP GET /api/departments responded 200 in 0ms [Trace: 3qf5hqi28u2]
2026-09-28 09:47:18.910 +05:30 [INF] [yibx9t7la6d] HTTP GET /api/notifications responded 200 in 1ms [Trace: yibx9t7la6d]
2026-09-28 09:47:22.368 +05:30 [INF] [mikn99ak0z] HTTP GET /api/employees responded 403 in 0ms [Trace: mikn99ak0z]
2026-09-28 09:47:22.389 +05:30 [INF] [kugnxtckfsc] HTTP GET /api/employees responded 403 in 0ms [Trace: kugnxtckfsc]
2026-09-28 09:47:24.884 +05:30 [INF] [mxskt3a1bq] HTTP GET /api/departments responded 200 in 2ms [Trace: mxskt3a1bq]
2026-09-28 09:47:24.898 +05:30 [INF] [cs10467eyob] HTTP GET /api/departments responded 200 in 1ms [Trace: cs10467eyob]
2026-09-28 09:47:27.986 +05:30 [INF] [exv3uu28jnq] HTTP GET /api/positions responded 200 in 1ms [Trace: exv3uu28jnq]
2026-09-28 09:47:27.998 +05:30 [INF] [c2h54efaw9] HTTP GET /api/positions responded 200 in 1ms [Trace: c2h54efaw9]
2026-09-28 09:47:32.426 +05:30 [INF] [0sjv9jazg1a] HTTP GET /api/attendance/today responded 200 in 3ms [Trace: 0sjv9jazg1a]
2026-09-28 09:47:32.445 +05:30 [INF] [z56r9v12grn] HTTP GET /api/attendance/today responded 200 in 1ms [Trace: z56r9v12grn]
2026-09-28 09:47:32.468 +05:30 [INF] [adxtiv539n9] HTTP GET /api/attendance responded 200 in 24ms [Trace: adxtiv539n9]
2026-09-28 09:47:32.483 +05:30 [INF] [vccgww6j7j] HTTP GET /api/attendance responded 200 in 1ms [Trace: vccgww6j7j]
2026-09-28 09:47:34.736 +05:30 [INF] [pja38v7zij] CHECK_IN. EmployeeId: 3, Status: "Present"
2026-09-28 09:47:34.739 +05:30 [INF] [pja38v7zij] HTTP POST /api/attendance/check-in responded 200 in 40ms [Trace: pja38v7zij]
2026-09-28 09:47:34.757 +05:30 [INF] [nmnv9jyalw] HTTP GET /api/attendance/today responded 200 in 0ms [Trace: nmnv9jyalw]
2026-09-28 09:47:34.775 +05:30 [INF] [j4f2dsjepp] HTTP GET /api/attendance responded 200 in 2ms [Trace: j4f2dsjepp]
2026-09-28 09:47:48.813 +05:30 [INF] [svufdcgtl2c] HTTP GET /api/notifications/unread-count responded 200 in 0ms [Trace: svufdcgtl2c]
2026-09-28 09:47:48.825 +05:30 [INF] [rw2x1ts0ook] HTTP GET /api/notifications responded 200 in 1ms [Trace: rw2x1ts0ook]
2026-09-28 09:47:58.005 +05:30 [INF] [f3g2ha780ca] HTTP GET /api/notifications responded 200 in 1ms [Trace: f3g2ha780ca]
2026-09-28 09:47:58.016 +05:30 [INF] [w6hglssq08] HTTP GET /api/notifications responded 200 in 0ms [Trace: w6hglssq08]
2026-09-28 09:48:02.277 +05:30 [INF] [rq0nsci2e5j] HTTP PUT /api/notifications/4/read responded 204 in 10ms [Trace: rq0nsci2e5j]
2026-09-28 09:48:02.292 +05:30 [INF] [ygag1xonesp] HTTP GET /api/notifications responded 200 in 1ms [Trace: ygag1xonesp]
2026-09-28 09:48:03.462 +05:30 [INF] [cgizq6f9xx] HTTP PUT /api/notifications/2/read responded 204 in 3ms [Trace: cgizq6f9xx]
2026-09-28 09:48:03.476 +05:30 [INF] [pcswp3hacrj] HTTP GET /api/notifications responded 200 in 1ms [Trace: pcswp3hacrj]
2026-09-28 09:48:04.941 +05:30 [INF] [ulad71qydeb] HTTP PUT /api/notifications/4/read responded 204 in 1ms [Trace: ulad71qydeb]
2026-09-28 09:48:04.951 +05:30 [INF] [a2jyrfr45rl] HTTP GET /api/notifications responded 200 in 0ms [Trace: a2jyrfr45rl]
2026-09-28 09:48:05.528 +05:30 [INF] [delo0wnrsxl] HTTP PUT /api/notifications/5/read responded 204 in 1ms [Trace: delo0wnrsxl]
2026-09-28 09:48:05.540 +05:30 [INF] [24k706v24ml] HTTP GET /api/notifications responded 200 in 0ms [Trace: 24k706v24ml]
2026-09-28 09:48:07.823 +05:30 [INF] [pqwwjs3qq4g] HTTP PUT /api/notifications/4/read responded 204 in 2ms [Trace: pqwwjs3qq4g]
2026-09-28 09:48:07.834 +05:30 [INF] [4pmmf3jlx9e] HTTP GET /api/notifications/unread-count responded 200 in 0ms [Trace: 4pmmf3jlx9e]
2026-09-28 09:48:07.847 +05:30 [INF] [nfnbpabje8] HTTP GET /api/notifications responded 200 in 0ms [Trace: nfnbpabje8]
2026-09-28 09:48:11.451 +05:30 [INF] [gqmjwqbqhwb] HTTP GET /api/leaves/types responded 200 in 42ms [Trace: gqmjwqbqhwb]
2026-09-28 09:48:11.455 +05:30 [INF] [dd9si9y654l] HTTP GET /api/leaves responded 200 in 47ms [Trace: dd9si9y654l]
2026-09-28 09:48:11.465 +05:30 [INF] [6kxyfo28mnw] HTTP GET /api/leaves/types responded 200 in 0ms [Trace: 6kxyfo28mnw]
2026-09-28 09:48:11.468 +05:30 [INF] [2a02hvh86ea] HTTP GET /api/leaves responded 200 in 1ms [Trace: 2a02hvh86ea]
2026-09-28 09:48:12.622 +05:30 [INF] [qcwoaa4thrs] HTTP GET /api/employees responded 403 in 0ms [Trace: qcwoaa4thrs]
2026-09-28 09:48:12.633 +05:30 [INF] [fhotkebpnvs] HTTP GET /api/employees responded 403 in 0ms [Trace: fhotkebpnvs]
2026-09-28 09:48:12.655 +05:30 [INF] [ubn8y73vnds] HTTP GET /api/projects responded 200 in 33ms [Trace: ubn8y73vnds]
2026-09-28 09:48:12.668 +05:30 [INF] [41sxctmllt8] HTTP GET /api/projects responded 200 in 1ms [Trace: 41sxctmllt8]
2026-09-28 09:48:13.982 +05:30 [INF] [gxdrlhbjtr] HTTP GET /api/employees/3/payslips responded 200 in 1ms [Trace: gxdrlhbjtr]
2026-09-28 09:48:13.995 +05:30 [INF] [8o1u8aysmbp] HTTP GET /api/employees/3/payslips responded 200 in 0ms [Trace: 8o1u8aysmbp]
2026-09-28 09:48:18.814 +05:30 [INF] [218hj7ydln9] HTTP GET /api/notifications/unread-count responded 200 in 1ms [Trace: 218hj7ydln9]
2026-09-28 09:48:18.827 +05:30 [INF] [bj8qzz0q7tc] HTTP GET /api/notifications responded 200 in 0ms [Trace: bj8qzz0q7tc]
2026-09-28 09:51:44.170 +05:30 [INF] [] Now listening on: http://localhost:5000
2026-09-28 09:51:44.214 +05:30 [INF] [] Application started. Press Ctrl+C to shut down.
2026-09-28 09:51:44.215 +05:30 [INF] [] Hosting environment: Development
2026-09-28 09:51:44.216 +05:30 [INF] [] Content root path: C:\Users\sairajk\.gemini\antigravity\scratch\EMS\src\EMS.API
2026-09-28 09:52:26.214 +05:30 [INF] [m4yuiilq8n] HTTP GET /api/notifications/unread-count responded 200 in 204ms [Trace: m4yuiilq8n]
2026-09-28 09:52:26.366 +05:30 [INF] [h5yo8p34ui] HTTP GET /api/notifications responded 200 in 124ms [Trace: h5yo8p34ui]
2026-09-28 09:59:20.591 +05:30 [INF] [] Now listening on: http://localhost:5000
2026-09-28 09:59:20.634 +05:30 [INF] [] Application started. Press Ctrl+C to shut down.
2026-09-28 09:59:20.635 +05:30 [INF] [] Hosting environment: Development
2026-09-28 09:59:20.636 +05:30 [INF] [] Content root path: C:\Users\sairajk\.gemini\antigravity\scratch\EMS\src\EMS.API
2026-09-28 09:59:26.565 +05:30 [INF] [mfftpcsvcz] HTTP GET /api/notifications/unread-count responded 200 in 562ms [Trace: mfftpcsvcz]
2026-09-28 09:59:26.704 +05:30 [INF] [zbghgb7ptmc] HTTP GET /api/notifications responded 200 in 105ms [Trace: zbghgb7ptmc]
2026-09-28 10:03:58.914 +05:30 [ERR] [] Failed executing DbCommand (1ms) [Parameters=[], CommandType='"Text"', CommandTimeout='30']
CREATE TABLE "LeaveTypes" (
    "Id" INTEGER NOT NULL CONSTRAINT "PK_LeaveTypes" PRIMARY KEY AUTOINCREMENT,
    "Name" TEXT NOT NULL,
    "DefaultDaysPerYear" INTEGER NOT NULL
);
2026-09-28 10:05:05.003 +05:30 [ERR] [] Failed executing DbCommand (1ms) [Parameters=[], CommandType='"Text"', CommandTimeout='30']
CREATE TABLE "LeaveTypes" (
    "Id" INTEGER NOT NULL CONSTRAINT "PK_LeaveTypes" PRIMARY KEY AUTOINCREMENT,
    "Name" TEXT NOT NULL,
    "DefaultDaysPerYear" INTEGER NOT NULL
);
2026-09-28 10:20:01.865 +05:30 [ERR] [] An error occurred using the connection to database 'EMS_DB1' on server 'tcp://localhost:5432'.
2026-09-28 10:25:30.993 +05:30 [ERR] [] Failed executing DbCommand (10ms) [Parameters=[], CommandType='"Text"', CommandTimeout='30']
SELECT "MigrationId", "ProductVersion"
FROM "__EFMigrationsHistory"
ORDER BY "MigrationId";
2026-09-28 10:26:11.103 +05:30 [ERR] [] Failed executing DbCommand (10ms) [Parameters=[], CommandType='"Text"', CommandTimeout='30']
SELECT "MigrationId", "ProductVersion"
FROM "__EFMigrationsHistory"
ORDER BY "MigrationId";
2026-09-28 10:26:34.500 +05:30 [ERR] [] Failed executing DbCommand (9ms) [Parameters=[], CommandType='"Text"', CommandTimeout='30']
SELECT "MigrationId", "ProductVersion"
FROM "__EFMigrationsHistory"
ORDER BY "MigrationId";
2026-09-28 10:26:53.133 +05:30 [ERR] [] Failed executing DbCommand (10ms) [Parameters=[], CommandType='"Text"', CommandTimeout='30']
SELECT "MigrationId", "ProductVersion"
FROM "__EFMigrationsHistory"
ORDER BY "MigrationId";
2026-09-28 10:27:01.295 +05:30 [ERR] [] Failed executing DbCommand (10ms) [Parameters=[], CommandType='"Text"', CommandTimeout='30']
SELECT "MigrationId", "ProductVersion"
FROM "__EFMigrationsHistory"
ORDER BY "MigrationId";
2026-09-28 10:28:16.072 +05:30 [INF] [] Seeding initial EMS data: Roles, Permissions, Admin, Sample Data...
2026-09-28 10:28:16.389 +05:30 [INF] [] EMS Initial seed completed successfully.
2026-09-28 10:28:16.537 +05:30 [INF] [] Now listening on: http://localhost:5000
2026-09-28 10:28:16.565 +05:30 [INF] [] Application started. Press Ctrl+C to shut down.
2026-09-28 10:28:16.565 +05:30 [INF] [] Hosting environment: Development
2026-09-28 10:28:16.566 +05:30 [INF] [] Content root path: C:\Users\sairajk\.gemini\antigravity\scratch\EMS\src\EMS.API
2026-09-28 10:28:19.931 +05:30 [INF] [358jy39sv0p] HTTP GET /api/notifications/unread-count responded 401 in 114ms [Trace: 358jy39sv0p]
2026-09-28 10:28:19.931 +05:30 [INF] [vz4agx4706] HTTP GET /api/auth/me responded 401 in 48ms [Trace: vz4agx4706]
2026-09-28 10:28:19.966 +05:30 [INF] [yctqb60j7a] HTTP GET /api/auth/me responded 401 in 9ms [Trace: yctqb60j7a]
2026-09-28 10:28:20.192 +05:30 [WRN] [36671e8e753f42918ffa7068d325aafe] Compiling a query which loads related collections for more than one collection navigation, either via 'Include' or through projection, but no 'QuerySplittingBehavior' has been configured. By default, Entity Framework will use 'QuerySplittingBehavior.SingleQuery', which can potentially result in slow query performance. See https://go.microsoft.com/fwlink/?linkid=2134277 for more information. To identify the query that's triggering this warning call 'ConfigureWarnings(w => w.Throw(RelationalEventId.MultipleCollectionIncludeWarning))'.
2026-09-28 10:28:20.235 +05:30 [WRN] [36671e8e753f42918ffa7068d325aafe] TOKEN_REFRESH_FAILED. Non-existent refresh token
2026-09-28 10:29:25.210 +05:30 [INF] [qk5bo5412w] HTTP GET /api/auth/me responded 401 in 35ms [Trace: qk5bo5412w]
2026-09-28 10:29:25.309 +05:30 [INF] [exaup213q4k] HTTP GET /api/employees responded 401 in 34ms [Trace: exaup213q4k]
2026-09-28 10:29:25.308 +05:30 [INF] [bcmgdt19mvo] HTTP GET /api/positions responded 401 in 99ms [Trace: bcmgdt19mvo]
2026-09-28 10:29:25.309 +05:30 [INF] [8hw1hm7h2ym] HTTP GET /api/departments responded 401 in 99ms [Trace: 8hw1hm7h2ym]
2026-09-28 10:29:25.274 +05:30 [INF] [fl7l3l2mwt8] HTTP GET /api/notifications/unread-count responded 401 in 0ms [Trace: fl7l3l2mwt8]
2026-09-28 10:29:25.544 +05:30 [WRN] [v78irkjwzg] Compiling a query which loads related collections for more than one collection navigation, either via 'Include' or through projection, but no 'QuerySplittingBehavior' has been configured. By default, Entity Framework will use 'QuerySplittingBehavior.SingleQuery', which can potentially result in slow query performance. See https://go.microsoft.com/fwlink/?linkid=2134277 for more information. To identify the query that's triggering this warning call 'ConfigureWarnings(w => w.Throw(RelationalEventId.MultipleCollectionIncludeWarning))'.
2026-09-28 10:29:25.658 +05:30 [INF] [v78irkjwzg] LOGIN_SUCCESS. User hr@company.com, EmployeeId: 2
2026-09-28 10:29:25.679 +05:30 [INF] [v78irkjwzg] HTTP POST /api/auth/login responded 200 in 373ms [Trace: v78irkjwzg]
2026-09-28 10:29:25.849 +05:30 [INF] [33hbjd02du2] HTTP GET /api/notifications/unread-count responded 200 in 67ms [Trace: 33hbjd02du2]
2026-09-28 10:29:25.859 +05:30 [INF] [3moii2yxuji] HTTP GET /api/employees responded 200 in 77ms [Trace: 3moii2yxuji]
2026-09-28 10:29:25.868 +05:30 [INF] [ltt28l479na] HTTP GET /api/notifications/unread-count responded 200 in 5ms [Trace: ltt28l479na]
2026-09-28 10:29:25.879 +05:30 [INF] [pq1g6phip8] HTTP GET /api/employees responded 200 in 4ms [Trace: pq1g6phip8]
2026-09-28 10:29:25.881 +05:30 [INF] [0a9pydsv1hvs] HTTP GET /api/notifications responded 200 in 16ms [Trace: 0a9pydsv1hvs]
2026-09-28 10:29:25.895 +05:30 [INF] [u4xxghiao3e] HTTP GET /api/notifications responded 200 in 2ms [Trace: u4xxghiao3e]
2026-09-28 10:29:25.911 +05:30 [INF] [ep3az9ck3k] HTTP GET /api/departments responded 200 in 33ms [Trace: ep3az9ck3k]
2026-09-28 10:29:25.936 +05:30 [INF] [r77yyx0dcn] HTTP GET /api/departments responded 200 in 3ms [Trace: r77yyx0dcn]
2026-09-28 10:29:26.000 +05:30 [INF] [kqwla3tsn1] HTTP GET /api/leaves responded 200 in 44ms [Trace: kqwla3tsn1]
2026-09-28 10:29:26.032 +05:30 [INF] [uiky8ctqk0e] HTTP GET /api/leaves responded 200 in 14ms [Trace: uiky8ctqk0e]
2026-09-28 10:29:26.042 +05:30 [INF] [prdmlc118f] HTTP GET /api/attendance/today responded 200 in 19ms [Trace: prdmlc118f]
2026-09-28 10:29:26.056 +05:30 [INF] [sbgp74aijy] HTTP GET /api/attendance/today responded 200 in 2ms [Trace: sbgp74aijy]
2026-09-28 10:29:42.268 +05:30 [INF] [6y7cpv1h1gs] HTTP GET /api/departments responded 200 in 8ms [Trace: 6y7cpv1h1gs]
2026-09-28 10:29:42.269 +05:30 [INF] [346zjtdesvz] HTTP GET /api/employees responded 200 in 8ms [Trace: 346zjtdesvz]
2026-09-28 10:29:42.281 +05:30 [INF] [7s8plasx83y] HTTP GET /api/positions responded 200 in 21ms [Trace: 7s8plasx83y]
2026-09-28 10:29:42.282 +05:30 [INF] [2jxxif3x05d] HTTP GET /api/departments responded 200 in 2ms [Trace: 2jxxif3x05d]
2026-09-28 10:29:42.290 +05:30 [INF] [mkn2vp8e0x] HTTP GET /api/employees responded 200 in 4ms [Trace: mkn2vp8e0x]
2026-09-28 10:29:42.298 +05:30 [INF] [7vdebtehq04] HTTP GET /api/positions responded 200 in 2ms [Trace: 7vdebtehq04]
2026-09-28 10:29:44.212 +05:30 [INF] [sfs8vvo646s] HTTP GET /api/departments responded 200 in 3ms [Trace: sfs8vvo646s]
2026-09-28 10:29:44.229 +05:30 [INF] [j8pdp0fejzo] HTTP GET /api/departments responded 200 in 2ms [Trace: j8pdp0fejzo]
2026-09-28 10:29:47.703 +05:30 [INF] [viobjco9zu] HTTP GET /api/departments responded 200 in 3ms [Trace: viobjco9zu]
2026-09-28 10:29:47.703 +05:30 [INF] [be2yza8jm9] HTTP GET /api/positions responded 200 in 3ms [Trace: be2yza8jm9]
2026-09-28 10:29:47.722 +05:30 [INF] [mmlr8ayz0eh] HTTP GET /api/departments responded 200 in 2ms [Trace: mmlr8ayz0eh]
2026-09-28 10:29:47.724 +05:30 [INF] [sjb6fwozw9] HTTP GET /api/positions responded 200 in 1ms [Trace: sjb6fwozw9]
2026-09-28 10:29:47.742 +05:30 [INF] [6v2ftr04477] HTTP GET /api/employees responded 200 in 41ms [Trace: 6v2ftr04477]
2026-09-28 10:29:47.755 +05:30 [INF] [nu2rdfiz8b] HTTP GET /api/employees responded 200 in 3ms [Trace: nu2rdfiz8b]
2026-09-28 10:29:55.784 +05:30 [INF] [ubo9l7yu6x] HTTP GET /api/notifications/unread-count responded 200 in 3ms [Trace: ubo9l7yu6x]
2026-09-28 10:29:55.793 +05:30 [INF] [op74mvtmwsk] HTTP GET /api/notifications responded 200 in 1ms [Trace: op74mvtmwsk]
2026-09-28 10:29:58.229 +05:30 [INF] [jvqps28vx5p] EMPLOYEE_CREATED. EmployeeId: 5, CreatedBy: 2
2026-09-28 10:29:58.252 +05:30 [INF] [jvqps28vx5p] HTTP POST /api/employees responded 201 in 150ms [Trace: jvqps28vx5p]
2026-09-28 10:29:58.286 +05:30 [INF] [nghkm1mdnx] HTTP GET /api/employees responded 200 in 4ms [Trace: nghkm1mdnx]
2026-09-28 10:30:17.155 +05:30 [INF] [8gonadr0ooh] HTTP GET /api/employees/1 responded 200 in 16ms [Trace: 8gonadr0ooh]
2026-09-28 10:30:17.177 +05:30 [INF] [nib4y4krdyq] HTTP GET /api/employees/1 responded 200 in 3ms [Trace: nib4y4krdyq]
2026-09-28 10:30:17.195 +05:30 [INF] [kdlzqpx55b] HTTP GET /api/employees/1/salary responded 200 in 21ms [Trace: kdlzqpx55b]
2026-09-28 10:30:17.214 +05:30 [INF] [jo2hz7smcn] HTTP GET /api/employees/1/salary responded 200 in 3ms [Trace: jo2hz7smcn]
2026-09-28 10:30:17.233 +05:30 [INF] [z5el2o1cta] HTTP GET /api/employees/1/payslips responded 200 in 21ms [Trace: z5el2o1cta]
2026-09-28 10:30:17.251 +05:30 [INF] [jrm0tvhtars] HTTP GET /api/employees/1/payslips responded 200 in 3ms [Trace: jrm0tvhtars]
2026-09-28 10:30:17.283 +05:30 [INF] [j8koqdh66mf] HTTP GET /api/attendance responded 200 in 33ms [Trace: j8koqdh66mf]
2026-09-28 10:30:17.309 +05:30 [INF] [90q6paxkd8i] HTTP GET /api/attendance responded 200 in 4ms [Trace: 90q6paxkd8i]
2026-09-28 10:30:17.336 +05:30 [INF] [bzl7wqvvs4] HTTP GET /api/leaves responded 200 in 29ms [Trace: bzl7wqvvs4]
2026-09-28 10:30:17.358 +05:30 [INF] [7nd97yss4pw] HTTP GET /api/leaves responded 200 in 3ms [Trace: 7nd97yss4pw]
2026-09-28 10:30:21.914 +05:30 [INF] [hdcv79j47zg] HTTP GET /api/attendance/today responded 200 in 2ms [Trace: hdcv79j47zg]
2026-09-28 10:30:21.932 +05:30 [INF] [kq94y5hgxp8] HTTP GET /api/attendance/today responded 200 in 2ms [Trace: kq94y5hgxp8]
2026-09-28 10:30:21.950 +05:30 [INF] [l78uz52e0c] HTTP GET /api/attendance responded 200 in 20ms [Trace: l78uz52e0c]
2026-09-28 10:30:21.967 +05:30 [INF] [lcjzb0s6yo9] HTTP GET /api/attendance responded 200 in 2ms [Trace: lcjzb0s6yo9]
2026-09-28 10:30:24.210 +05:30 [INF] [hdaheq4td5] CHECK_IN. EmployeeId: 2, Status: "Present"
2026-09-28 10:30:24.213 +05:30 [INF] [hdaheq4td5] HTTP POST /api/attendance/check-in responded 200 in 55ms [Trace: hdaheq4td5]
2026-09-28 10:30:24.233 +05:30 [INF] [g9ss5j3lnwv] HTTP GET /api/attendance/today responded 200 in 2ms [Trace: g9ss5j3lnwv]
2026-09-28 10:30:24.249 +05:30 [INF] [zgzvp40v5sd] HTTP GET /api/attendance responded 200 in 1ms [Trace: zgzvp40v5sd]
2026-09-28 10:30:25.803 +05:30 [INF] [61lcq5tf3lh] HTTP GET /api/notifications/unread-count responded 200 in 3ms [Trace: 61lcq5tf3lh]
2026-09-28 10:30:25.815 +05:30 [INF] [k1mheaspcz] HTTP GET /api/notifications responded 200 in 0ms [Trace: k1mheaspcz]
2026-09-28 10:30:27.553 +05:30 [INF] [4wg56ahd10r] HTTP GET /api/leaves/types responded 200 in 16ms [Trace: 4wg56ahd10r]
2026-09-28 10:30:27.557 +05:30 [INF] [giakmb83fr] HTTP GET /api/leaves responded 200 in 19ms [Trace: giakmb83fr]
2026-09-28 10:30:27.568 +05:30 [INF] [ax1o6jxqp3] HTTP GET /api/leaves/types responded 200 in 1ms [Trace: ax1o6jxqp3]
2026-09-28 10:30:27.568 +05:30 [INF] [ryy2oihsdu] HTTP GET /api/leaves responded 200 in 1ms [Trace: ryy2oihsdu]
2026-09-28 10:30:31.420 +05:30 [INF] [17sejkvn6d5] HTTP GET /api/employees responded 200 in 2ms [Trace: 17sejkvn6d5]
2026-09-28 10:30:31.439 +05:30 [INF] [jy44lmxt7a] HTTP GET /api/employees responded 200 in 2ms [Trace: jy44lmxt7a]
2026-09-28 10:30:31.453 +05:30 [INF] [02mkacdt7jik] HTTP GET /api/projects responded 200 in 35ms [Trace: 02mkacdt7jik]
2026-09-28 10:30:31.469 +05:30 [INF] [stfnua2kjjb] HTTP GET /api/projects responded 200 in 2ms [Trace: stfnua2kjjb]
2026-09-28 10:30:43.916 +05:30 [INF] [a63b6tx5d1q] HTTP GET /api/employees/1/salary responded 200 in 10ms [Trace: a63b6tx5d1q]
2026-09-28 10:30:43.917 +05:30 [INF] [t9a583ycmd] HTTP GET /api/employees responded 200 in 11ms [Trace: t9a583ycmd]
2026-09-28 10:30:43.928 +05:30 [INF] [2a4j9s9ctxz] HTTP GET /api/employees/1/salary responded 200 in 1ms [Trace: 2a4j9s9ctxz]
2026-09-28 10:30:43.929 +05:30 [INF] [j8jr91vlcyn] HTTP GET /api/employees responded 200 in 2ms [Trace: j8jr91vlcyn]
2026-09-28 10:30:49.959 +05:30 [INF] [qfekkfqhjmh] PAYSLIP_GENERATED. EmployeeId: 1, Month: 9, Year: 2026
2026-09-28 10:30:49.964 +05:30 [INF] [qfekkfqhjmh] HTTP POST /api/employees/1/payslips/generate responded 201 in 68ms [Trace: qfekkfqhjmh]
2026-09-28 10:30:55.788 +05:30 [INF] [til83w91lz] HTTP GET /api/notifications/unread-count responded 200 in 2ms [Trace: til83w91lz]
2026-09-28 10:30:55.808 +05:30 [INF] [yjiq7nio9lb] HTTP GET /api/notifications responded 200 in 1ms [Trace: yjiq7nio9lb]
2026-09-28 10:30:57.712 +05:30 [INF] [3g0ok7qralz] HTTP GET /api/employees/2/payslips responded 200 in 2ms [Trace: 3g0ok7qralz]
2026-09-28 10:30:57.735 +05:30 [INF] [fy7yx6jg49] HTTP GET /api/employees/2/payslips responded 200 in 2ms [Trace: fy7yx6jg49]
2026-09-28 10:30:59.158 +05:30 [INF] [ywoi1vkvj5r] HTTP GET /api/employees/1/salary responded 200 in 2ms [Trace: ywoi1vkvj5r]
2026-09-28 10:30:59.159 +05:30 [INF] [1cwnb3v3qg] HTTP GET /api/employees responded 200 in 3ms [Trace: 1cwnb3v3qg]
2026-09-28 10:30:59.172 +05:30 [INF] [ewhm8z9s4in] HTTP GET /api/employees/1/salary responded 200 in 1ms [Trace: ewhm8z9s4in]
2026-09-28 10:30:59.173 +05:30 [INF] [0kb4xnhmd4b] HTTP GET /api/employees responded 200 in 2ms [Trace: 0kb4xnhmd4b]
2026-09-28 10:31:04.602 +05:30 [INF] [e5mydl6qpb] HTTP GET /api/employees/5/salary responded 200 in 4ms [Trace: e5mydl6qpb]
2026-09-28 10:31:07.322 +05:30 [INF] [0ssowdt4vdia] PAYSLIP_GENERATED. EmployeeId: 5, Month: 9, Year: 2026
2026-09-28 10:31:07.324 +05:30 [INF] [0ssowdt4vdia] HTTP POST /api/employees/5/payslips/generate responded 201 in 20ms [Trace: 0ssowdt4vdia]
2026-09-28 10:31:11.261 +05:30 [INF] [gu4ordbuug5] HTTP GET /api/audit-logs responded 200 in 55ms [Trace: gu4ordbuug5]
2026-09-28 10:31:11.295 +05:30 [INF] [1iijjr7mii] HTTP GET /api/audit-logs responded 200 in 4ms [Trace: 1iijjr7mii]
2026-09-28 10:31:25.702 +05:30 [INF] [ev7jy9dkd4] HTTP GET /api/reports/employees-by-department responded 200 in 145ms [Trace: ev7jy9dkd4]
2026-09-28 10:31:25.703 +05:30 [INF] [fummkv9vi4j] HTTP GET /api/reports/project-allocation responded 200 in 73ms [Trace: fummkv9vi4j]
2026-09-28 10:31:25.705 +05:30 [INF] [51wwtgbwk7b] HTTP GET /api/reports/leave-utilization responded 200 in 148ms [Trace: 51wwtgbwk7b]
2026-09-28 10:31:25.712 +05:30 [INF] [viqr1bvk5p] HTTP GET /api/reports/payroll-summary responded 200 in 84ms [Trace: viqr1bvk5p]
2026-09-28 10:31:25.719 +05:30 [INF] [feit6lqmugv] HTTP GET /api/reports/employees-by-department responded 200 in 1ms [Trace: feit6lqmugv]
2026-09-28 10:31:25.719 +05:30 [INF] [8gqpwwo9m0i] HTTP GET /api/reports/project-allocation responded 200 in 1ms [Trace: 8gqpwwo9m0i]
2026-09-28 10:31:25.725 +05:30 [INF] [hyxlp1w9737] HTTP GET /api/reports/leave-utilization responded 200 in 3ms [Trace: hyxlp1w9737]
2026-09-28 10:31:25.728 +05:30 [INF] [yjfjcmcflh9] HTTP GET /api/reports/payroll-summary responded 200 in 1ms [Trace: yjfjcmcflh9]
2026-09-28 10:31:25.796 +05:30 [INF] [abi8roiwo5h] HTTP GET /api/notifications/unread-count responded 200 in 1ms [Trace: abi8roiwo5h]
2026-09-28 10:31:25.820 +05:30 [INF] [mepetbset88] HTTP GET /api/notifications responded 200 in 2ms [Trace: mepetbset88]
2026-09-28 10:31:29.491 +05:30 [INF] [n7eqlhpb2d] HTTP GET /api/employees responded 200 in 3ms [Trace: n7eqlhpb2d]
2026-09-28 10:31:29.513 +05:30 [INF] [kfhxls7jb2d] HTTP GET /api/employees responded 200 in 2ms [Trace: kfhxls7jb2d]
2026-09-28 10:31:29.513 +05:30 [INF] [kq3g1qv5c7h] HTTP GET /api/departments responded 200 in 1ms [Trace: kq3g1qv5c7h]
2026-09-28 10:31:29.535 +05:30 [INF] [ekx8wvcvadf] HTTP GET /api/departments responded 200 in 1ms [Trace: ekx8wvcvadf]
2026-09-28 10:31:29.535 +05:30 [INF] [lgrps19qzq] HTTP GET /api/leaves responded 200 in 1ms [Trace: lgrps19qzq]
2026-09-28 10:31:29.553 +05:30 [INF] [p20rs2orj5] HTTP GET /api/attendance/today responded 200 in 1ms [Trace: p20rs2orj5]
2026-09-28 10:31:29.554 +05:30 [INF] [ao7f68u9i3t] HTTP GET /api/leaves responded 200 in 1ms [Trace: ao7f68u9i3t]
2026-09-28 10:31:29.567 +05:30 [INF] [oljjlj7w5a] HTTP GET /api/attendance/today responded 200 in 1ms [Trace: oljjlj7w5a]
2026-09-28 10:31:38.011 +05:30 [INF] [rtcfdc17l7g] HTTP GET /api/positions responded 200 in 1ms [Trace: rtcfdc17l7g]
2026-09-28 10:31:38.011 +05:30 [INF] [7rnjrfrlmhq] HTTP GET /api/departments responded 200 in 1ms [Trace: 7rnjrfrlmhq]
2026-09-28 10:31:38.012 +05:30 [INF] [gauee28wlv] HTTP GET /api/employees responded 200 in 1ms [Trace: gauee28wlv]
2026-09-28 10:31:38.020 +05:30 [INF] [rj4zbe3d1vg] HTTP GET /api/positions responded 200 in 0ms [Trace: rj4zbe3d1vg]
2026-09-28 10:31:38.022 +05:30 [INF] [awfnn8lce9a] HTTP GET /api/departments responded 200 in 1ms [Trace: awfnn8lce9a]
2026-09-28 10:31:38.025 +05:30 [INF] [ehflhjmyalw] HTTP GET /api/employees responded 200 in 1ms [Trace: ehflhjmyalw]
2026-09-28 10:31:39.557 +05:30 [INF] [2dvzjduy8cc] HTTP GET /api/employees responded 200 in 3ms [Trace: 2dvzjduy8cc]
2026-09-28 10:31:39.576 +05:30 [INF] [zbm51oi1dnm] HTTP GET /api/departments responded 200 in 2ms [Trace: zbm51oi1dnm]
2026-09-28 10:31:39.577 +05:30 [INF] [0opedyek99o] HTTP GET /api/employees responded 200 in 2ms [Trace: 0opedyek99o]
2026-09-28 10:31:39.591 +05:30 [INF] [l407efkydx9] HTTP GET /api/leaves responded 200 in 2ms [Trace: l407efkydx9]
2026-09-28 10:31:39.592 +05:30 [INF] [34xzk5kg32] HTTP GET /api/departments responded 200 in 1ms [Trace: 34xzk5kg32]
2026-09-28 10:31:39.601 +05:30 [INF] [0tit3mmojvon] HTTP GET /api/attendance/today responded 200 in 1ms [Trace: 0tit3mmojvon]
2026-09-28 10:31:39.603 +05:30 [INF] [ivzw92shxtq] HTTP GET /api/leaves responded 200 in 1ms [Trace: ivzw92shxtq]
2026-09-28 10:31:39.613 +05:30 [INF] [rkqu5btsxhb] HTTP GET /api/attendance/today responded 200 in 1ms [Trace: rkqu5btsxhb]
2026-09-28 10:31:41.999 +05:30 [INF] [c16o2kq333] LOGOUT. User 2
2026-09-28 10:31:42.000 +05:30 [INF] [c16o2kq333] HTTP POST /api/auth/logout responded 204 in 46ms [Trace: c16o2kq333]
2026-09-28 10:31:46.089 +05:30 [INF] [xkwtp43os5] LOGIN_SUCCESS. User manager@company.com, EmployeeId: 3
2026-09-28 10:31:46.090 +05:30 [INF] [xkwtp43os5] HTTP POST /api/auth/login responded 200 in 19ms [Trace: xkwtp43os5]
2026-09-28 10:31:46.121 +05:30 [INF] [jm8cv6psqtm] HTTP GET /api/notifications/unread-count responded 200 in 1ms [Trace: jm8cv6psqtm]
2026-09-28 10:31:46.122 +05:30 [INF] [ddvnege1k5n] HTTP GET /api/employees responded 403 in 2ms [Trace: ddvnege1k5n]
2026-09-28 10:31:46.137 +05:30 [INF] [1pv71inn4rs] HTTP GET /api/employees responded 403 in 0ms [Trace: 1pv71inn4rs]
2026-09-28 10:31:46.138 +05:30 [INF] [v0ajobcdn8] HTTP GET /api/notifications/unread-count responded 200 in 1ms [Trace: v0ajobcdn8]
2026-09-28 10:31:46.138 +05:30 [INF] [vox0oef4iy] HTTP GET /api/notifications responded 200 in 0ms [Trace: vox0oef4iy]
2026-09-28 10:31:46.153 +05:30 [INF] [8339au4qd6i] HTTP GET /api/notifications responded 200 in 1ms [Trace: 8339au4qd6i]
2026-09-28 10:31:48.998 +05:30 [INF] [vi5r68abez] HTTP GET /api/reports/payroll-summary responded 403 in 0ms [Trace: vi5r68abez]
2026-09-28 10:31:48.999 +05:30 [INF] [tr4ly7b20pb] HTTP GET /api/reports/employees-by-department responded 200 in 2ms [Trace: tr4ly7b20pb]
2026-09-28 10:31:49.000 +05:30 [INF] [5e6reob7wmw] HTTP GET /api/reports/project-allocation responded 200 in 2ms [Trace: 5e6reob7wmw]
2026-09-28 10:31:49.010 +05:30 [INF] [xxgieavwwx] HTTP GET /api/reports/leave-utilization responded 200 in 13ms [Trace: xxgieavwwx]
2026-09-28 10:31:49.022 +05:30 [INF] [174hhbq55ri] HTTP GET /api/reports/payroll-summary responded 403 in 0ms [Trace: 174hhbq55ri]
2026-09-28 10:31:49.032 +05:30 [INF] [6izaahmup1] HTTP GET /api/reports/project-allocation responded 200 in 1ms [Trace: 6izaahmup1]
2026-09-28 10:31:49.032 +05:30 [INF] [yuvio0bwkw9] HTTP GET /api/reports/employees-by-department responded 200 in 1ms [Trace: yuvio0bwkw9]
2026-09-28 10:31:49.036 +05:30 [INF] [yt4yigxmrvr] HTTP GET /api/reports/leave-utilization responded 200 in 2ms [Trace: yt4yigxmrvr]
2026-09-28 10:31:50.171 +05:30 [INF] [w3pnznqbnh] HTTP GET /api/employees/3/payslips responded 200 in 2ms [Trace: w3pnznqbnh]
2026-09-28 10:31:50.188 +05:30 [INF] [zgwqox2nse] HTTP GET /api/employees/3/payslips responded 200 in 2ms [Trace: zgwqox2nse]
2026-09-28 10:31:51.679 +05:30 [INF] [cwfoc3szo29] HTTP GET /api/employees responded 403 in 0ms [Trace: cwfoc3szo29]
2026-09-28 10:31:51.683 +05:30 [INF] [d9xmxnd8n8] HTTP GET /api/projects responded 200 in 4ms [Trace: d9xmxnd8n8]
2026-09-28 10:31:51.693 +05:30 [INF] [vwv5t4m0t8o] HTTP GET /api/employees responded 403 in 0ms [Trace: vwv5t4m0t8o]
2026-09-28 10:31:51.703 +05:30 [INF] [3gviltemc4k] HTTP GET /api/projects responded 200 in 2ms [Trace: 3gviltemc4k]
2026-09-28 10:32:02.030 +05:30 [INF] [4dl65ouc7jt] HTTP GET /api/leaves responded 200 in 2ms [Trace: 4dl65ouc7jt]
2026-09-28 10:32:02.031 +05:30 [INF] [1ldpqt2l165] HTTP GET /api/leaves/types responded 200 in 3ms [Trace: 1ldpqt2l165]
2026-09-28 10:32:02.046 +05:30 [INF] [vzta8bb21l] HTTP GET /api/leaves responded 200 in 1ms [Trace: vzta8bb21l]
2026-09-28 10:32:02.048 +05:30 [INF] [6jtahzefvig] HTTP GET /api/leaves/types responded 200 in 1ms [Trace: 6jtahzefvig]
2026-09-28 10:32:03.502 +05:30 [INF] [hjekjajxi08] HTTP GET /api/attendance/today responded 200 in 1ms [Trace: hjekjajxi08]
2026-09-28 10:32:03.522 +05:30 [INF] [0sihv7842w] HTTP GET /api/attendance/today responded 200 in 2ms [Trace: 0sihv7842w]
2026-09-28 10:32:03.523 +05:30 [INF] [i4tt8j64bgm] HTTP GET /api/attendance responded 200 in 2ms [Trace: i4tt8j64bgm]
2026-09-28 10:32:03.547 +05:30 [INF] [ewp5nu9aq4] HTTP GET /api/attendance responded 200 in 2ms [Trace: ewp5nu9aq4]
2026-09-28 10:32:06.594 +05:30 [INF] [zvzxa7ohzq] CHECK_IN. EmployeeId: 3, Status: "Present"
2026-09-28 10:32:06.599 +05:30 [INF] [zvzxa7ohzq] HTTP POST /api/attendance/check-in responded 200 in 11ms [Trace: zvzxa7ohzq]
2026-09-28 10:32:06.622 +05:30 [INF] [snaooyw2f5] HTTP GET /api/attendance/today responded 200 in 1ms [Trace: snaooyw2f5]
2026-09-28 10:32:06.640 +05:30 [INF] [gs53mxqlcpd] HTTP GET /api/attendance responded 200 in 2ms [Trace: gs53mxqlcpd]
2026-09-28 10:32:14.062 +05:30 [INF] [rwy3qn9pur] HTTP GET /api/positions responded 200 in 1ms [Trace: rwy3qn9pur]
2026-09-28 10:32:14.086 +05:30 [INF] [l65jk0z6lum] HTTP GET /api/positions responded 200 in 1ms [Trace: l65jk0z6lum]
2026-09-28 10:32:16.136 +05:30 [INF] [l5aadlwc60d] HTTP GET /api/notifications/unread-count responded 200 in 2ms [Trace: l5aadlwc60d]
2026-09-28 10:32:16.147 +05:30 [INF] [gy142bargfg] HTTP GET /api/notifications responded 200 in 0ms [Trace: gy142bargfg]
2026-09-28 10:32:19.733 +05:30 [INF] [98qs76m72xs] HTTP GET /api/departments responded 200 in 2ms [Trace: 98qs76m72xs]
2026-09-28 10:32:19.752 +05:30 [INF] [yty0ztrhjdp] HTTP GET /api/departments responded 200 in 1ms [Trace: yty0ztrhjdp]
2026-09-28 10:32:23.946 +05:30 [INF] [og5r89m48p] HTTP GET /api/employees responded 403 in 0ms [Trace: og5r89m48p]
2026-09-28 10:32:23.949 +05:30 [INF] [bghqeavzn9] HTTP GET /api/positions responded 200 in 3ms [Trace: bghqeavzn9]
2026-09-28 10:32:23.973 +05:30 [INF] [062vrhoeyk4a] HTTP GET /api/departments responded 200 in 27ms [Trace: 062vrhoeyk4a]
2026-09-28 10:32:23.983 +05:30 [INF] [825m0s176yq] HTTP GET /api/positions responded 200 in 1ms [Trace: 825m0s176yq]
2026-09-28 10:32:24.043 +05:30 [INF] [j0gf4hjxoj] HTTP GET /api/departments responded 200 in 60ms [Trace: j0gf4hjxoj]
2026-09-28 10:32:24.043 +05:30 [INF] [hzgyl7ndzs] HTTP GET /api/employees responded 403 in 58ms [Trace: hzgyl7ndzs]
2026-09-28 10:32:27.813 +05:30 [INF] [t9umzpvwfdl] HTTP GET /api/employees responded 403 in 0ms [Trace: t9umzpvwfdl]
2026-09-28 10:32:29.939 +05:30 [INF] [mii2tji1e3o] HTTP GET /api/employees responded 403 in 0ms [Trace: mii2tji1e3o]
2026-09-28 10:32:31.414 +05:30 [INF] [kklmwxztbk] HTTP GET /api/employees responded 403 in 0ms [Trace: kklmwxztbk]
2026-09-28 10:32:32.790 +05:30 [INF] [dd97boc37b5] HTTP GET /api/employees responded 403 in 0ms [Trace: dd97boc37b5]
2026-09-28 10:32:38.460 +05:30 [INF] [rfhx87pwgfa] HTTP GET /api/employees responded 403 in 0ms [Trace: rfhx87pwgfa]
2026-09-28 10:32:38.567 +05:30 [INF] [290ze6djgfm] HTTP GET /api/employees responded 403 in 0ms [Trace: 290ze6djgfm]
2026-09-28 10:32:38.777 +05:30 [INF] [fepmji0azek] HTTP GET /api/employees responded 403 in 0ms [Trace: fepmji0azek]
2026-09-28 10:32:38.841 +05:30 [INF] [3fmrg6eoim4] HTTP GET /api/employees responded 403 in 0ms [Trace: 3fmrg6eoim4]
2026-09-28 10:32:38.974 +05:30 [INF] [6mt5g66lq3s] HTTP GET /api/employees responded 403 in 0ms [Trace: 6mt5g66lq3s]
2026-09-28 10:32:39.105 +05:30 [INF] [1qv1nc49tq8] HTTP GET /api/employees responded 403 in 0ms [Trace: 1qv1nc49tq8]
2026-09-28 10:32:45.593 +05:30 [INF] [zgxrecy42ib] HTTP GET /api/employees responded 403 in 0ms [Trace: zgxrecy42ib]
2026-09-28 10:32:46.134 +05:30 [INF] [rbtc3vzx7lk] HTTP GET /api/notifications/unread-count responded 200 in 2ms [Trace: rbtc3vzx7lk]
2026-09-28 10:32:46.147 +05:30 [INF] [gm2g5ksgtil] HTTP GET /api/notifications responded 200 in 1ms [Trace: gm2g5ksgtil]
2026-09-28 10:32:47.676 +05:30 [INF] [iggl1jzri3] HTTP GET /api/employees responded 403 in 0ms [Trace: iggl1jzri3]
2026-09-28 10:32:49.536 +05:30 [INF] [a0ts5ohamdn] HTTP GET /api/employees responded 403 in 0ms [Trace: a0ts5ohamdn]
2026-09-28 10:32:52.436 +05:30 [INF] [wuyu3av2at] HTTP GET /api/employees responded 403 in 0ms [Trace: wuyu3av2at]
2026-09-28 10:32:54.334 +05:30 [INF] [8g0p0tac1vb] HTTP GET /api/employees responded 403 in 0ms [Trace: 8g0p0tac1vb]
2026-09-28 10:32:55.623 +05:30 [INF] [a2u42fu5x3b] HTTP GET /api/employees responded 403 in 1ms [Trace: a2u42fu5x3b]
2026-09-28 10:32:57.150 +05:30 [INF] [g10gtkvpikg] HTTP GET /api/employees responded 403 in 0ms [Trace: g10gtkvpikg]
2026-09-28 10:32:57.160 +05:30 [INF] [ad94gphc0m] HTTP GET /api/employees responded 403 in 0ms [Trace: ad94gphc0m]
2026-09-28 10:33:11.307 +05:30 [INF] [3d9thayb3yy] HTTP GET /api/employees responded 403 in 1ms [Trace: 3d9thayb3yy]
2026-09-28 10:33:11.343 +05:30 [INF] [f6au2e35k7p] HTTP GET /api/positions responded 200 in 36ms [Trace: f6au2e35k7p]
2026-09-28 10:33:11.345 +05:30 [INF] [tdufktz4cf] HTTP GET /api/departments responded 200 in 39ms [Trace: tdufktz4cf]
2026-09-28 10:33:11.363 +05:30 [INF] [wbfe3xtvfi] HTTP GET /api/employees responded 403 in 7ms [Trace: wbfe3xtvfi]
2026-09-28 10:33:11.364 +05:30 [INF] [16am691d1bf] HTTP GET /api/positions responded 200 in 0ms [Trace: 16am691d1bf]
2026-09-28 10:33:11.377 +05:30 [INF] [23jmgro2jc5] HTTP GET /api/departments responded 200 in 2ms [Trace: 23jmgro2jc5]
2026-09-28 10:33:11.936 +05:30 [INF] [8z7wy3202tu] HTTP GET /api/departments responded 200 in 2ms [Trace: 8z7wy3202tu]
2026-09-28 10:33:11.950 +05:30 [INF] [pjo4gti5hfo] HTTP GET /api/departments responded 200 in 2ms [Trace: pjo4gti5hfo]
2026-09-28 10:33:16.120 +05:30 [INF] [0wdqhb7i1e3] HTTP GET /api/notifications/unread-count responded 200 in 1ms [Trace: 0wdqhb7i1e3]
2026-09-28 10:33:16.130 +05:30 [INF] [n56nriqjell] HTTP GET /api/notifications responded 200 in 0ms [Trace: n56nriqjell]
2026-09-28 10:33:17.587 +05:30 [INF] [ts4m0wd534e] HTTP GET /api/positions responded 200 in 1ms [Trace: ts4m0wd534e]
2026-09-28 10:33:17.600 +05:30 [INF] [bus1zqptjnj] HTTP GET /api/positions responded 200 in 0ms [Trace: bus1zqptjnj]
2026-09-28 10:33:19.158 +05:30 [INF] [bmo05mrh7nl] HTTP GET /api/leaves responded 200 in 2ms [Trace: bmo05mrh7nl]
2026-09-28 10:33:19.158 +05:30 [INF] [kucid1bsogd] HTTP GET /api/leaves/types responded 200 in 3ms [Trace: kucid1bsogd]
2026-09-28 10:33:19.169 +05:30 [INF] [e186awn391i] HTTP GET /api/leaves responded 200 in 1ms [Trace: e186awn391i]
2026-09-28 10:33:19.170 +05:30 [INF] [rt1rjco2d1] HTTP GET /api/leaves/types responded 200 in 0ms [Trace: rt1rjco2d1]
2026-09-28 10:33:21.436 +05:30 [INF] [hxk97b1h5n] HTTP GET /api/attendance/today responded 200 in 2ms [Trace: hxk97b1h5n]
2026-09-28 10:33:21.452 +05:30 [INF] [e5fpua5z956] HTTP GET /api/attendance/today responded 200 in 2ms [Trace: e5fpua5z956]
2026-09-28 10:33:21.453 +05:30 [INF] [q0ngqqmr2x] HTTP GET /api/attendance responded 200 in 2ms [Trace: q0ngqqmr2x]
2026-09-28 10:33:21.471 +05:30 [INF] [cn7c49gbyr] HTTP GET /api/attendance responded 200 in 2ms [Trace: cn7c49gbyr]
2026-09-28 10:33:22.952 +05:30 [INF] [w5e2s19w6s8] HTTP GET /api/employees responded 403 in 0ms [Trace: w5e2s19w6s8]
2026-09-28 10:33:22.954 +05:30 [INF] [6cpiichcmd8] HTTP GET /api/projects responded 200 in 2ms [Trace: 6cpiichcmd8]
2026-09-28 10:33:22.965 +05:30 [INF] [vudp6fx88k] HTTP GET /api/employees responded 403 in 0ms [Trace: vudp6fx88k]
2026-09-28 10:33:22.969 +05:30 [INF] [pq9ruxztaqm] HTTP GET /api/projects responded 200 in 1ms [Trace: pq9ruxztaqm]
2026-09-28 10:33:24.916 +05:30 [INF] [wgjy6x8zz9s] HTTP GET /api/employees/3/payslips responded 200 in 1ms [Trace: wgjy6x8zz9s]
2026-09-28 10:33:24.934 +05:30 [INF] [iemptol2moo] HTTP GET /api/employees/3/payslips responded 200 in 1ms [Trace: iemptol2moo]
2026-09-28 10:33:26.406 +05:30 [INF] [zszsuci0cd] HTTP GET /api/reports/payroll-summary responded 403 in 0ms [Trace: zszsuci0cd]
2026-09-28 10:33:26.448 +05:30 [INF] [n6eyadeijn] HTTP GET /api/reports/employees-by-department responded 200 in 42ms [Trace: n6eyadeijn]
2026-09-28 10:33:26.447 +05:30 [INF] [lbdmyuniu4l] HTTP GET /api/reports/project-allocation responded 200 in 41ms [Trace: lbdmyuniu4l]
2026-09-28 10:33:26.461 +05:30 [INF] [mjlgh84olbh] HTTP GET /api/reports/leave-utilization responded 200 in 55ms [Trace: mjlgh84olbh]
2026-09-28 10:33:26.473 +05:30 [INF] [vyriqx3obhk] HTTP GET /api/reports/payroll-summary responded 403 in 0ms [Trace: vyriqx3obhk]
2026-09-28 10:33:26.477 +05:30 [INF] [xiszzao7agb] HTTP GET /api/reports/employees-by-department responded 200 in 1ms [Trace: xiszzao7agb]
2026-09-28 10:33:26.482 +05:30 [INF] [btrabexdeh] HTTP GET /api/reports/project-allocation responded 200 in 1ms [Trace: btrabexdeh]
2026-09-28 10:33:26.485 +05:30 [INF] [4b8bpvkadp7] HTTP GET /api/reports/leave-utilization responded 200 in 2ms [Trace: 4b8bpvkadp7]
2026-09-28 10:33:27.227 +05:30 [INF] [9hvvjjti3vs] HTTP GET /api/employees responded 403 in 0ms [Trace: 9hvvjjti3vs]
2026-09-28 10:33:27.229 +05:30 [INF] [fj4rbbbmy6v] HTTP GET /api/projects responded 200 in 2ms [Trace: fj4rbbbmy6v]
2026-09-28 10:33:27.243 +05:30 [INF] [ghf69n25leh] HTTP GET /api/employees responded 403 in 0ms [Trace: ghf69n25leh]
2026-09-28 10:33:27.245 +05:30 [INF] [pvlhtxvyi3] HTTP GET /api/projects responded 200 in 1ms [Trace: pvlhtxvyi3]
2026-09-28 10:33:27.772 +05:30 [INF] [04ets9wg3qot] HTTP GET /api/employees/3/payslips responded 200 in 2ms [Trace: 04ets9wg3qot]
2026-09-28 10:33:27.792 +05:30 [INF] [c593as02qy4] HTTP GET /api/employees/3/payslips responded 200 in 3ms [Trace: c593as02qy4]
2026-09-28 10:33:32.414 +05:30 [INF] [5cqy1nqnveb] LOGOUT. User 3
2026-09-28 10:33:32.417 +05:30 [INF] [5cqy1nqnveb] HTTP POST /api/auth/logout responded 204 in 13ms [Trace: 5cqy1nqnveb]
2026-09-28 10:33:35.197 +05:30 [INF] [dih5dgek98w] LOGIN_SUCCESS. User employee@company.com, EmployeeId: 4
2026-09-28 10:33:35.198 +05:30 [INF] [dih5dgek98w] HTTP POST /api/auth/login responded 200 in 23ms [Trace: dih5dgek98w]
2026-09-28 10:33:35.229 +05:30 [INF] [unyt7yrm4h] HTTP GET /api/notifications/unread-count responded 200 in 1ms [Trace: unyt7yrm4h]
2026-09-28 10:33:35.229 +05:30 [INF] [jp6jwavgnwk] HTTP GET /api/employees/4/payslips responded 200 in 1ms [Trace: jp6jwavgnwk]
2026-09-28 10:33:35.244 +05:30 [INF] [per31v6uszp] HTTP GET /api/notifications/unread-count responded 200 in 1ms [Trace: per31v6uszp]
2026-09-28 10:33:35.246 +05:30 [INF] [70n8r5wpne] HTTP GET /api/employees/4/payslips responded 200 in 0ms [Trace: 70n8r5wpne]
2026-09-28 10:33:35.246 +05:30 [INF] [mzfrp8yc6bb] HTTP GET /api/notifications responded 200 in 3ms [Trace: mzfrp8yc6bb]
2026-09-28 10:33:35.261 +05:30 [INF] [udvp2u5b1vt] HTTP GET /api/notifications responded 200 in 1ms [Trace: udvp2u5b1vt]
2026-09-28 10:33:37.486 +05:30 [INF] [wp5t3286l8c] HTTP GET /api/attendance/today responded 200 in 1ms [Trace: wp5t3286l8c]
2026-09-28 10:33:37.507 +05:30 [INF] [g2oh2z88tx7] HTTP GET /api/attendance/today responded 200 in 2ms [Trace: g2oh2z88tx7]
2026-09-28 10:33:37.507 +05:30 [INF] [kb668d4oqil] HTTP GET /api/attendance responded 200 in 2ms [Trace: kb668d4oqil]
2026-09-28 10:33:37.524 +05:30 [INF] [70k3q9njyt] HTTP GET /api/attendance responded 200 in 1ms [Trace: 70k3q9njyt]
2026-09-28 10:33:44.943 +05:30 [INF] [x7glp8cg5tb] HTTP PUT /api/notifications/1/read responded 204 in 11ms [Trace: x7glp8cg5tb]
2026-09-28 10:33:44.956 +05:30 [INF] [2a4skyvrq4k] HTTP GET /api/notifications/unread-count responded 200 in 1ms [Trace: 2a4skyvrq4k]
2026-09-28 10:33:44.971 +05:30 [INF] [yes3a9pplwk] HTTP GET /api/notifications responded 200 in 1ms [Trace: yes3a9pplwk]
2026-09-28 10:33:46.542 +05:30 [INF] [hazfenee6jj] HTTP PUT /api/notifications/1/read responded 204 in 5ms [Trace: hazfenee6jj]
2026-09-28 10:33:46.553 +05:30 [INF] [wdcyt4g2ocr] HTTP GET /api/notifications/unread-count responded 200 in 1ms [Trace: wdcyt4g2ocr]
2026-09-28 10:33:46.562 +05:30 [INF] [jajb7hksxan] HTTP GET /api/notifications responded 200 in 1ms [Trace: jajb7hksxan]
2026-09-28 10:33:48.850 +05:30 [INF] [zpcvnows8uf] HTTP GET /api/employees/4/payslips responded 200 in 1ms [Trace: zpcvnows8uf]
2026-09-28 10:33:48.863 +05:30 [INF] [5qlsgr2ie0o] HTTP GET /api/employees/4/payslips responded 200 in 2ms [Trace: 5qlsgr2ie0o]
2026-09-28 10:33:49.764 +05:30 [INF] [y240uq85s4m] HTTP GET /api/employees responded 403 in 0ms [Trace: y240uq85s4m]
2026-09-28 10:33:49.765 +05:30 [INF] [8wyv48ovj19] HTTP GET /api/projects responded 200 in 2ms [Trace: 8wyv48ovj19]
2026-09-28 10:33:49.778 +05:30 [INF] [zesyjhjramb] HTTP GET /api/employees responded 403 in 0ms [Trace: zesyjhjramb]
2026-09-28 10:33:49.783 +05:30 [INF] [y9pryjdlnkk] HTTP GET /api/projects responded 200 in 1ms [Trace: y9pryjdlnkk]
2026-09-28 10:33:51.163 +05:30 [INF] [2jl0b9yk36] HTTP GET /api/leaves/types responded 200 in 0ms [Trace: 2jl0b9yk36]
2026-09-28 10:33:51.166 +05:30 [INF] [frlahmonniw] HTTP GET /api/leaves responded 200 in 3ms [Trace: frlahmonniw]
2026-09-28 10:33:51.179 +05:30 [INF] [8lv6tpikzgw] HTTP GET /api/leaves/types responded 200 in 1ms [Trace: 8lv6tpikzgw]
2026-09-28 10:33:51.180 +05:30 [INF] [ibfbmshlcl] HTTP GET /api/leaves responded 200 in 1ms [Trace: ibfbmshlcl]
2026-09-28 10:33:51.833 +05:30 [INF] [9fbd94t9oje] HTTP GET /api/attendance/today responded 200 in 1ms [Trace: 9fbd94t9oje]
2026-09-28 10:33:51.842 +05:30 [INF] [2c6p0jcgo4q] HTTP GET /api/attendance/today responded 200 in 1ms [Trace: 2c6p0jcgo4q]
2026-09-28 10:33:51.843 +05:30 [INF] [lfdiwiwgfd] HTTP GET /api/attendance responded 200 in 1ms [Trace: lfdiwiwgfd]
2026-09-28 10:33:51.853 +05:30 [INF] [swx58e57f7] HTTP GET /api/attendance responded 200 in 1ms [Trace: swx58e57f7]
2026-09-28 10:33:54.674 +05:30 [INF] [1ncmq4w25q1] HTTP GET /api/notifications responded 200 in 2ms [Trace: 1ncmq4w25q1]
2026-09-28 10:33:54.692 +05:30 [INF] [eyst9aon9ko] HTTP GET /api/notifications responded 200 in 1ms [Trace: eyst9aon9ko]
2026-09-28 10:33:55.945 +05:30 [INF] [5ldp41t0ch8] HTTP PUT /api/notifications/1/read responded 204 in 4ms [Trace: 5ldp41t0ch8]
2026-09-28 10:33:55.968 +05:30 [INF] [ln6mc2ll4d] HTTP GET /api/notifications responded 200 in 1ms [Trace: ln6mc2ll4d]
2026-09-28 10:33:56.553 +05:30 [INF] [6xpseto6gto] HTTP GET /api/attendance/today responded 200 in 1ms [Trace: 6xpseto6gto]
2026-09-28 10:33:56.565 +05:30 [INF] [vmzqplxv5e] HTTP GET /api/attendance/today responded 200 in 1ms [Trace: vmzqplxv5e]
2026-09-28 10:33:57.660 +05:30 [INF] [0pfydz4lwcd] HTTP GET /api/employees responded 403 in 0ms [Trace: 0pfydz4lwcd]
2026-09-28 10:33:57.661 +05:30 [INF] [rfv306vqw9o] HTTP GET /api/positions responded 200 in 1ms [Trace: rfv306vqw9o]
2026-09-28 10:33:57.661 +05:30 [INF] [ws19v1k3dkh] HTTP GET /api/departments responded 200 in 1ms [Trace: ws19v1k3dkh]
2026-09-28 10:33:57.676 +05:30 [INF] [k5jrc3ob7nq] HTTP GET /api/employees responded 403 in 0ms [Trace: k5jrc3ob7nq]
2026-09-28 10:33:57.678 +05:30 [INF] [us0qy6slx8q] HTTP GET /api/positions responded 200 in 0ms [Trace: us0qy6slx8q]
2026-09-28 10:33:57.679 +05:30 [INF] [7a2f5h9v51p] HTTP GET /api/departments responded 200 in 1ms [Trace: 7a2f5h9v51p]
2026-09-28 10:33:58.479 +05:30 [INF] [o4mk7yovi6] HTTP GET /api/departments responded 200 in 2ms [Trace: o4mk7yovi6]
2026-09-28 10:33:58.494 +05:30 [INF] [b1g4r3x7l3] HTTP GET /api/departments responded 200 in 2ms [Trace: b1g4r3x7l3]
2026-09-28 10:34:00.504 +05:30 [INF] [qabl2t4vswn] HTTP GET /api/positions responded 200 in 1ms [Trace: qabl2t4vswn]
2026-09-28 10:34:00.518 +05:30 [INF] [tskd5dpke6s] HTTP GET /api/positions responded 200 in 1ms [Trace: tskd5dpke6s]
2026-09-28 10:34:02.166 +05:30 [INF] [c0vgtgc1plp] HTTP GET /api/attendance/today responded 200 in 4ms [Trace: c0vgtgc1plp]
2026-09-28 10:34:02.180 +05:30 [INF] [te3legzzukj] HTTP GET /api/attendance/today responded 200 in 1ms [Trace: te3legzzukj]
2026-09-28 10:34:04.210 +05:30 [INF] [65perxhsi07] HTTP GET /api/employees responded 403 in 0ms [Trace: 65perxhsi07]
2026-09-28 10:34:04.212 +05:30 [INF] [alcc5e6j2x7] HTTP GET /api/projects responded 200 in 2ms [Trace: alcc5e6j2x7]
2026-09-28 10:34:04.223 +05:30 [INF] [cjxmedq6xsn] HTTP GET /api/employees responded 403 in 0ms [Trace: cjxmedq6xsn]
2026-09-28 10:34:04.226 +05:30 [INF] [0gyss7a3bh7n] HTTP GET /api/projects responded 200 in 2ms [Trace: 0gyss7a3bh7n]
2026-09-28 10:34:05.239 +05:30 [INF] [qf1zqto90na] HTTP GET /api/notifications/unread-count responded 200 in 3ms [Trace: qf1zqto90na]
2026-09-28 10:34:05.268 +05:30 [INF] [eu4ito74a9i] HTTP GET /api/notifications responded 200 in 1ms [Trace: eu4ito74a9i]
2026-09-28 10:34:11.820 +05:30 [INF] [hbqre9qei9u] LOGOUT. User 4
2026-09-28 10:34:11.822 +05:30 [INF] [hbqre9qei9u] HTTP POST /api/auth/logout responded 204 in 9ms [Trace: hbqre9qei9u]
2026-09-28 10:43:53.763 +05:30 [INF] [] Now listening on: http://localhost:5000
2026-09-28 10:43:53.812 +05:30 [INF] [] Application started. Press Ctrl+C to shut down.
2026-09-28 10:43:53.814 +05:30 [INF] [] Hosting environment: Development
2026-09-28 10:43:53.815 +05:30 [INF] [] Content root path: C:\Users\sairajk\.gemini\antigravity\scratch\EMS\src\EMS.API
2026-09-28 10:44:06.446 +05:30 [WRN] [rhjiz3t0ia] Compiling a query which loads related collections for more than one collection navigation, either via 'Include' or through projection, but no 'QuerySplittingBehavior' has been configured. By default, Entity Framework will use 'QuerySplittingBehavior.SingleQuery', which can potentially result in slow query performance. See https://go.microsoft.com/fwlink/?linkid=2134277 for more information. To identify the query that's triggering this warning call 'ConfigureWarnings(w => w.Throw(RelationalEventId.MultipleCollectionIncludeWarning))'.
2026-09-28 10:44:06.657 +05:30 [WRN] [rhjiz3t0ia] LOGIN_FAILED. Incorrect password for user: sairajkadlag53@gmail.com, count: 1
2026-09-28 10:44:16.850 +05:30 [WRN] [s6tc465fl4n] LOGIN_FAILED. Incorrect password for user: sairajkadlag53@gmail.com, count: 2
2026-09-28 10:44:27.806 +05:30 [INF] [nfe29v6qrns] LOGIN_SUCCESS. User manager@company.com, EmployeeId: 3
2026-09-28 10:44:27.819 +05:30 [INF] [nfe29v6qrns] HTTP POST /api/auth/login responded 200 in 89ms [Trace: nfe29v6qrns]
2026-09-28 10:44:27.948 +05:30 [INF] [hfflab7co1w] HTTP GET /api/employees responded 403 in 83ms [Trace: hfflab7co1w]
2026-09-28 10:44:27.988 +05:30 [INF] [9p4nlpt2fg] HTTP GET /api/employees responded 403 in 5ms [Trace: 9p4nlpt2fg]
2026-09-28 10:44:28.004 +05:30 [INF] [0z44108ifxzf] HTTP GET /api/notifications/unread-count responded 200 in 138ms [Trace: 0z44108ifxzf]
2026-09-28 10:44:28.020 +05:30 [INF] [f74kunkp7hm] HTTP GET /api/notifications/unread-count responded 200 in 2ms [Trace: f74kunkp7hm]
2026-09-28 10:44:28.022 +05:30 [INF] [7hs878be95k] HTTP GET /api/projects responded 200 in 157ms [Trace: 7hs878be95k]
2026-09-28 10:44:28.042 +05:30 [INF] [hpqebdc0j6d] HTTP GET /api/notifications responded 200 in 23ms [Trace: hpqebdc0j6d]
2026-09-28 10:44:28.043 +05:30 [INF] [sl8vli8gcfk] HTTP GET /api/projects responded 200 in 2ms [Trace: sl8vli8gcfk]
2026-09-28 10:44:28.059 +05:30 [INF] [khf9xhakgpe] HTTP GET /api/notifications responded 200 in 2ms [Trace: khf9xhakgpe]
2026-09-28 10:44:51.748 +05:30 [INF] [owimlw7ila] HTTP POST /api/projects/2/employees responded 403 in 61ms [Trace: owimlw7ila]
2026-09-28 10:44:56.643 +05:30 [INF] [a3gkjjgk88k] HTTP GET /api/employees responded 403 in 0ms [Trace: a3gkjjgk88k]
2026-09-28 10:44:56.697 +05:30 [INF] [p16jqhl2fhe] HTTP GET /api/employees responded 403 in 0ms [Trace: p16jqhl2fhe]
2026-09-28 10:44:56.702 +05:30 [INF] [xzow5witv7] HTTP GET /api/positions responded 200 in 59ms [Trace: xzow5witv7]
2026-09-28 10:44:56.717 +05:30 [INF] [hhy6f7cm3hc] HTTP GET /api/departments responded 200 in 36ms [Trace: hhy6f7cm3hc]
2026-09-28 10:44:56.718 +05:30 [INF] [y1uh0laxivc] HTTP GET /api/positions responded 200 in 1ms [Trace: y1uh0laxivc]
2026-09-28 10:44:56.732 +05:30 [INF] [5x6rf1idgyj] HTTP GET /api/departments responded 200 in 2ms [Trace: 5x6rf1idgyj]
2026-09-28 10:44:57.871 +05:30 [INF] [ss9leiii119] HTTP GET /api/notifications/unread-count responded 200 in 3ms [Trace: ss9leiii119]
2026-09-28 10:44:57.886 +05:30 [INF] [glqlrwrywed] HTTP GET /api/notifications responded 200 in 2ms [Trace: glqlrwrywed]
2026-09-28 10:45:27.866 +05:30 [INF] [7zd12fxj0x] HTTP GET /api/notifications/unread-count responded 200 in 2ms [Trace: 7zd12fxj0x]
2026-09-28 10:45:27.883 +05:30 [INF] [z55pugbujnm] HTTP GET /api/notifications responded 200 in 2ms [Trace: z55pugbujnm]
2026-09-28 10:48:41.079 +05:30 [INF] [] Now listening on: http://localhost:5000
2026-09-28 10:48:41.137 +05:30 [INF] [] Application started. Press Ctrl+C to shut down.
2026-09-28 10:48:41.139 +05:30 [INF] [] Hosting environment: Development
2026-09-28 10:48:41.140 +05:30 [INF] [] Content root path: C:\Users\sairajk\.gemini\antigravity\scratch\EMS\src\EMS.API
2026-09-28 10:48:46.474 +05:30 [ERR] [iwuqr1tz74g] UNHANDLED_EXCEPTION. CorrelationId: iwuqr1tz74g
System.OperationCanceledException: The operation was canceled.
   at System.Threading.CancellationToken.ThrowOperationCanceledException()
   at System.Threading.CancellationToken.ThrowIfCancellationRequested()
   at Npgsql.NpgsqlCommand.ExecuteReader(Boolean async, CommandBehavior behavior, CancellationToken cancellationToken)
   at Npgsql.NpgsqlCommand.ExecuteReader(Boolean async, CommandBehavior behavior, CancellationToken cancellationToken)
   at Npgsql.NpgsqlCommand.ExecuteDbDataReaderAsync(CommandBehavior behavior, CancellationToken cancellationToken)
   at Microsoft.EntityFrameworkCore.Storage.RelationalCommand.ExecuteReaderAsync(RelationalCommandParameterObject parameterObject, CancellationToken cancellationToken)
   at Microsoft.EntityFrameworkCore.Storage.RelationalCommand.ExecuteReaderAsync(RelationalCommandParameterObject parameterObject, CancellationToken cancellationToken)
   at Microsoft.EntityFrameworkCore.Query.Internal.SingleQueryingEnumerable`1.AsyncEnumerator.InitializeReaderAsync(AsyncEnumerator enumerator, CancellationToken cancellationToken)
   at Npgsql.EntityFrameworkCore.PostgreSQL.Storage.Internal.NpgsqlExecutionStrategy.ExecuteAsync[TState,TResult](TState state, Func`4 operation, Func`4 verifySucceeded, CancellationToken cancellationToken)
   at Microsoft.EntityFrameworkCore.Query.Internal.SingleQueryingEnumerable`1.AsyncEnumerator.MoveNextAsync()
   at Microsoft.EntityFrameworkCore.Query.ShapedQueryCompilingExpressionVisitor.SingleAsync[TSource](IAsyncEnumerable`1 asyncEnumerable, CancellationToken cancellationToken)
   at Microsoft.EntityFrameworkCore.Query.ShapedQueryCompilingExpressionVisitor.SingleAsync[TSource](IAsyncEnumerable`1 asyncEnumerable, CancellationToken cancellationToken)
   at EMS.Infrastructure.Repositories.NotificationRepository.GetUnreadCountAsync(Int32 userId, CancellationToken ct) in C:\Users\sairajk\.gemini\antigravity\scratch\EMS\src\EMS.Infrastructure\Repositories\FeatureRepositories.cs:line 352
   at EMS.Application.Services.NotificationService.GetUnreadCountAsync(Int32 userId, CancellationToken ct) in C:\Users\sairajk\.gemini\antigravity\scratch\EMS\src\EMS.Application\Services\AuditAndNotificationService.cs:line 118
   at EMS.API.Controllers.NotificationsController.GetUnreadCount(CancellationToken ct) in C:\Users\sairajk\.gemini\antigravity\scratch\EMS\src\EMS.API\Controllers\FeatureControllers.cs:line 291
   at Microsoft.AspNetCore.Mvc.Infrastructure.ActionMethodExecutor.TaskOfIActionResultExecutor.Execute(ActionContext actionContext, IActionResultTypeMapper mapper, ObjectMethodExecutor executor, Object controller, Object[] arguments)
   at Microsoft.AspNetCore.Mvc.Infrastructure.ControllerActionInvoker.<InvokeActionMethodAsync>g__Awaited|12_0(ControllerActionInvoker invoker, ValueTask`1 actionResultValueTask)
   at Microsoft.AspNetCore.Mvc.Infrastructure.ControllerActionInvoker.<InvokeNextActionFilterAsync>g__Awaited|10_0(ControllerActionInvoker invoker, Task lastTask, State next, Scope scope, Object state, Boolean isCompleted)
   at Microsoft.AspNetCore.Mvc.Infrastructure.ControllerActionInvoker.Rethrow(ActionExecutedContextSealed context)
   at Microsoft.AspNetCore.Mvc.Infrastructure.ControllerActionInvoker.Next(State& next, Scope& scope, Object& state, Boolean& isCompleted)
   at Microsoft.AspNetCore.Mvc.Infrastructure.ControllerActionInvoker.InvokeInnerFilterAsync()
--- End of stack trace from previous location ---
   at Microsoft.AspNetCore.Mvc.Infrastructure.ResourceInvoker.<InvokeFilterPipelineAsync>g__Awaited|20_0(ResourceInvoker invoker, Task lastTask, State next, Scope scope, Object state, Boolean isCompleted)
   at Microsoft.AspNetCore.Mvc.Infrastructure.ResourceInvoker.<InvokeAsync>g__Awaited|17_0(ResourceInvoker invoker, Task task, IDisposable scope)
   at Microsoft.AspNetCore.Mvc.Infrastructure.ResourceInvoker.<InvokeAsync>g__Awaited|17_0(ResourceInvoker invoker, Task task, IDisposable scope)
   at Microsoft.AspNetCore.Authorization.AuthorizationMiddleware.Invoke(HttpContext context)
   at Microsoft.AspNetCore.Authentication.AuthenticationMiddleware.Invoke(HttpContext context)
   at Swashbuckle.AspNetCore.SwaggerUI.SwaggerUIMiddleware.Invoke(HttpContext httpContext)
   at Swashbuckle.AspNetCore.Swagger.SwaggerMiddleware.Invoke(HttpContext httpContext, ISwaggerProvider swaggerProvider)
   at EMS.API.Middleware.RequestLoggingMiddleware.InvokeAsync(HttpContext context) in C:\Users\sairajk\.gemini\antigravity\scratch\EMS\src\EMS.API\Middleware\MiddlewaresAndFilters.cs:line 109
   at EMS.API.Middleware.ExceptionHandlingMiddleware.InvokeAsync(HttpContext context) in C:\Users\sairajk\.gemini\antigravity\scratch\EMS\src\EMS.API\Middleware\MiddlewaresAndFilters.cs:line 51
2026-09-28 10:48:46.632 +05:30 [WRN] [uq4p7sdxfqe] Compiling a query which loads related collections for more than one collection navigation, either via 'Include' or through projection, but no 'QuerySplittingBehavior' has been configured. By default, Entity Framework will use 'QuerySplittingBehavior.SingleQuery', which can potentially result in slow query performance. See https://go.microsoft.com/fwlink/?linkid=2134277 for more information. To identify the query that's triggering this warning call 'ConfigureWarnings(w => w.Throw(RelationalEventId.MultipleCollectionIncludeWarning))'.
2026-09-28 10:48:46.839 +05:30 [INF] [uq4p7sdxfqe] HTTP GET /api/auth/me responded 200 in 368ms [Trace: uq4p7sdxfqe]
2026-09-28 10:48:46.883 +05:30 [INF] [zgy0ivqr2x] HTTP GET /api/auth/me responded 200 in 16ms [Trace: zgy0ivqr2x]
2026-09-28 10:48:46.953 +05:30 [INF] [yue3v7azl5q] HTTP GET /api/employees responded 403 in 45ms [Trace: yue3v7azl5q]
2026-09-28 10:48:46.958 +05:30 [INF] [cybdpg4wldi] HTTP GET /api/notifications/unread-count responded 200 in 48ms [Trace: cybdpg4wldi]
2026-09-28 10:48:46.971 +05:30 [INF] [7c1w8p38g5p] HTTP GET /api/positions responded 200 in 63ms [Trace: 7c1w8p38g5p]
2026-09-28 10:48:47.029 +05:30 [INF] [na2a666z2vp] HTTP GET /api/employees responded 403 in 26ms [Trace: na2a666z2vp]
2026-09-28 10:48:47.032 +05:30 [INF] [9z146wb2wxj] HTTP GET /api/notifications/unread-count responded 200 in 34ms [Trace: 9z146wb2wxj]
2026-09-28 10:48:47.043 +05:30 [INF] [zvyqiz4hx2a] HTTP GET /api/positions responded 200 in 2ms [Trace: zvyqiz4hx2a]
2026-09-28 10:48:47.057 +05:30 [INF] [asgeku8815] HTTP GET /api/departments responded 200 in 150ms [Trace: asgeku8815]
2026-09-28 10:48:47.059 +05:30 [INF] [dbsqmpicg1w] HTTP GET /api/notifications responded 200 in 29ms [Trace: dbsqmpicg1w]
2026-09-28 10:48:47.070 +05:30 [INF] [qkp5yd636q] HTTP GET /api/departments responded 200 in 3ms [Trace: qkp5yd636q]
2026-09-28 10:48:47.103 +05:30 [INF] [5uryf6k679s] HTTP GET /api/notifications responded 200 in 34ms [Trace: 5uryf6k679s]
2026-09-28 10:48:50.934 +05:30 [INF] [anfa80488qb] HTTP GET /api/employees responded 403 in 1ms [Trace: anfa80488qb]
2026-09-28 10:48:52.185 +05:30 [INF] [igw6j4cor1s] HTTP GET /api/employees responded 403 in 16ms [Trace: igw6j4cor1s]
2026-09-28 10:48:54.165 +05:30 [INF] [eiem5afppio] HTTP GET /api/employees responded 403 in 0ms [Trace: eiem5afppio]
2026-09-28 10:48:54.179 +05:30 [INF] [jp4ptjp45j8] HTTP GET /api/employees responded 403 in 0ms [Trace: jp4ptjp45j8]
2026-09-28 10:48:54.900 +05:30 [INF] [bv63wvw3kpq] HTTP GET /api/employees responded 403 in 0ms [Trace: bv63wvw3kpq]
2026-09-28 10:48:54.903 +05:30 [INF] [34a5j99pnos] HTTP GET /api/positions responded 200 in 4ms [Trace: 34a5j99pnos]
2026-09-28 10:48:54.905 +05:30 [INF] [7qmp665nr53] HTTP GET /api/departments responded 200 in 6ms [Trace: 7qmp665nr53]
2026-09-28 10:48:54.910 +05:30 [INF] [2gatz5716cc] HTTP GET /api/employees responded 403 in 0ms [Trace: 2gatz5716cc]
2026-09-28 10:48:54.913 +05:30 [INF] [k8jvznk3ex] HTTP GET /api/positions responded 200 in 1ms [Trace: k8jvznk3ex]
2026-09-28 10:48:54.915 +05:30 [INF] [sdo82o4tkmq] HTTP GET /api/departments responded 200 in 2ms [Trace: sdo82o4tkmq]
2026-09-28 10:48:55.504 +05:30 [INF] [55pgvet1r1] HTTP GET /api/departments responded 200 in 3ms [Trace: 55pgvet1r1]
2026-09-28 10:48:55.517 +05:30 [INF] [7qe9a3kaxll] HTTP GET /api/departments responded 200 in 2ms [Trace: 7qe9a3kaxll]
2026-09-28 10:48:56.196 +05:30 [INF] [r9ymtmzq7t] HTTP GET /api/employees responded 403 in 0ms [Trace: r9ymtmzq7t]
2026-09-28 10:48:56.197 +05:30 [INF] [dd7x3iu53c9] HTTP GET /api/positions responded 200 in 1ms [Trace: dd7x3iu53c9]
2026-09-28 10:48:56.197 +05:30 [INF] [8z6j4lqfg2k] HTTP GET /api/departments responded 200 in 2ms [Trace: 8z6j4lqfg2k]
2026-09-28 10:48:56.206 +05:30 [INF] [0ylrdhvp3bp] HTTP GET /api/employees responded 403 in 0ms [Trace: 0ylrdhvp3bp]
2026-09-28 10:48:56.207 +05:30 [INF] [i4smo7eaiik] HTTP GET /api/positions responded 200 in 1ms [Trace: i4smo7eaiik]
2026-09-28 10:48:56.211 +05:30 [INF] [yjdtzro0wak] HTTP GET /api/departments responded 200 in 1ms [Trace: yjdtzro0wak]
2026-09-28 10:48:57.940 +05:30 [INF] [7iw9avbkk8b] HTTP GET /api/employees responded 403 in 0ms [Trace: 7iw9avbkk8b]
2026-09-28 10:48:59.105 +05:30 [INF] [43lw7sv2lxp] HTTP GET /api/employees responded 403 in 0ms [Trace: 43lw7sv2lxp]
2026-09-28 10:49:00.797 +05:30 [WRN] [iy3pdlbqv4k] Compiling a query which loads related collections for more than one collection navigation, either via 'Include' or through projection, but no 'QuerySplittingBehavior' has been configured. By default, Entity Framework will use 'QuerySplittingBehavior.SingleQuery', which can potentially result in slow query performance. See https://go.microsoft.com/fwlink/?linkid=2134277 for more information. To identify the query that's triggering this warning call 'ConfigureWarnings(w => w.Throw(RelationalEventId.MultipleCollectionIncludeWarning))'.
2026-09-28 10:49:00.991 +05:30 [INF] [iy3pdlbqv4k] LOGOUT. User 3
2026-09-28 10:49:00.992 +05:30 [INF] [iy3pdlbqv4k] HTTP POST /api/auth/logout responded 204 in 232ms [Trace: iy3pdlbqv4k]
2026-09-28 10:49:03.280 +05:30 [WRN] [sekgfkz8uff] Compiling a query which loads related collections for more than one collection navigation, either via 'Include' or through projection, but no 'QuerySplittingBehavior' has been configured. By default, Entity Framework will use 'QuerySplittingBehavior.SingleQuery', which can potentially result in slow query performance. See https://go.microsoft.com/fwlink/?linkid=2134277 for more information. To identify the query that's triggering this warning call 'ConfigureWarnings(w => w.Throw(RelationalEventId.MultipleCollectionIncludeWarning))'.
2026-09-28 10:49:03.358 +05:30 [INF] [sekgfkz8uff] LOGIN_SUCCESS. User admin@company.com, EmployeeId: 1
2026-09-28 10:49:03.363 +05:30 [INF] [sekgfkz8uff] HTTP POST /api/auth/login responded 200 in 112ms [Trace: sekgfkz8uff]
2026-09-28 10:49:03.412 +05:30 [INF] [4ldzhjfd8e8] HTTP GET /api/notifications/unread-count responded 200 in 1ms [Trace: 4ldzhjfd8e8]
2026-09-28 10:49:03.413 +05:30 [INF] [yb40iyfkjy] HTTP GET /api/departments responded 200 in 2ms [Trace: yb40iyfkjy]
2026-09-28 10:49:03.413 +05:30 [INF] [5lofogu2zym] HTTP GET /api/positions responded 200 in 2ms [Trace: 5lofogu2zym]
2026-09-28 10:49:03.428 +05:30 [INF] [ver1y29o48] HTTP GET /api/notifications/unread-count responded 200 in 1ms [Trace: ver1y29o48]
2026-09-28 10:49:03.430 +05:30 [INF] [l2hdzcay5n] HTTP GET /api/departments responded 200 in 1ms [Trace: l2hdzcay5n]
2026-09-28 10:49:03.430 +05:30 [INF] [9ddm4gi0evj] HTTP GET /api/notifications responded 200 in 3ms [Trace: 9ddm4gi0evj]
2026-09-28 10:49:03.434 +05:30 [INF] [4mqrv1wn1zb] HTTP GET /api/positions responded 200 in 1ms [Trace: 4mqrv1wn1zb]
2026-09-28 10:49:03.447 +05:30 [INF] [wys3fwfh3qg] HTTP GET /api/notifications responded 200 in 1ms [Trace: wys3fwfh3qg]
2026-09-28 10:49:03.463 +05:30 [INF] [t3yse08jedm] HTTP GET /api/employees responded 200 in 52ms [Trace: t3yse08jedm]
2026-09-28 10:49:03.481 +05:30 [INF] [cwbpvbq19td] HTTP GET /api/employees responded 200 in 3ms [Trace: cwbpvbq19td]
2026-09-28 10:49:08.362 +05:30 [INF] [00la6t6mie6y] HTTP GET /api/employees responded 200 in 23ms [Trace: 00la6t6mie6y]
2026-09-28 10:49:09.746 +05:30 [INF] [mnx8v3s6u8] HTTP GET /api/employees responded 200 in 2ms [Trace: mnx8v3s6u8]
2026-09-28 10:49:11.484 +05:30 [INF] [95djwuj2q0q] HTTP GET /api/employees responded 200 in 3ms [Trace: 95djwuj2q0q]
2026-09-28 10:49:15.520 +05:30 [INF] [ls4bu79zonk] HTTP PUT /api/notifications/3/read responded 204 in 20ms [Trace: ls4bu79zonk]
2026-09-28 10:49:15.534 +05:30 [INF] [wja0wm5juy] HTTP GET /api/notifications/unread-count responded 200 in 1ms [Trace: wja0wm5juy]
2026-09-28 10:49:15.550 +05:30 [INF] [7co9xpdj95y] HTTP GET /api/notifications responded 200 in 3ms [Trace: 7co9xpdj95y]
2026-09-28 10:49:16.436 +05:30 [INF] [dnopkuk840t] HTTP PUT /api/notifications/3/read responded 204 in 2ms [Trace: dnopkuk840t]
2026-09-28 10:49:16.449 +05:30 [INF] [g853drasqpk] HTTP GET /api/notifications/unread-count responded 200 in 1ms [Trace: g853drasqpk]
2026-09-28 10:49:16.460 +05:30 [INF] [e3pqp5dkvb8] HTTP GET /api/notifications responded 200 in 1ms [Trace: e3pqp5dkvb8]
2026-09-28 10:49:20.969 +05:30 [INF] [ifd4l40uwf] HTTP GET /api/employees/1/payslips responded 200 in 29ms [Trace: ifd4l40uwf]
2026-09-28 10:49:20.986 +05:30 [INF] [074dgxl9e78q] HTTP GET /api/employees/1/payslips responded 200 in 2ms [Trace: 074dgxl9e78q]
2026-09-28 10:49:35.241 +05:30 [INF] [vuasacntl49] HTTP GET /api/notifications/unread-count responded 200 in 1ms [Trace: vuasacntl49]
2026-09-28 10:49:35.253 +05:30 [INF] [b61bi5eqoa] HTTP GET /api/notifications responded 200 in 1ms [Trace: b61bi5eqoa]
2026-09-28 10:49:43.489 +05:30 [INF] [9f2prmrq4pp] HTTP GET /api/employees responded 200 in 8ms [Trace: 9f2prmrq4pp]
2026-09-28 10:49:43.508 +05:30 [INF] [gbbzax54kbq] HTTP GET /api/employees responded 200 in 2ms [Trace: gbbzax54kbq]
2026-09-28 10:49:43.518 +05:30 [INF] [4c38o0n6mm] HTTP GET /api/employees/1/salary responded 200 in 37ms [Trace: 4c38o0n6mm]
2026-09-28 10:49:43.531 +05:30 [INF] [wa1im9l2wse] HTTP GET /api/employees/1/salary responded 200 in 2ms [Trace: wa1im9l2wse]
2026-09-28 10:49:44.249 +05:30 [INF] [2p7wybs3qvx] HTTP GET /api/positions responded 200 in 2ms [Trace: 2p7wybs3qvx]
2026-09-28 10:49:44.250 +05:30 [INF] [pqy2c1fbsml] HTTP GET /api/departments responded 200 in 2ms [Trace: pqy2c1fbsml]
2026-09-28 10:49:44.263 +05:30 [INF] [c5nang32ajp] HTTP GET /api/positions responded 200 in 1ms [Trace: c5nang32ajp]
2026-09-28 10:49:44.264 +05:30 [INF] [gasjed6i2aj] HTTP GET /api/departments responded 200 in 1ms [Trace: gasjed6i2aj]
2026-09-28 10:49:44.282 +05:30 [INF] [90a8zud1f5] HTTP GET /api/employees responded 200 in 35ms [Trace: 90a8zud1f5]
2026-09-28 10:49:44.294 +05:30 [INF] [qmn6iswel4k] HTTP GET /api/employees responded 200 in 3ms [Trace: qmn6iswel4k]
2026-09-28 10:49:48.429 +05:30 [INF] [68smjn9llft] LOGOUT. User 1
2026-09-28 10:49:48.430 +05:30 [INF] [68smjn9llft] HTTP POST /api/auth/logout responded 204 in 8ms [Trace: 68smjn9llft]
2026-09-28 10:49:51.640 +05:30 [INF] [emlb3arozk5] LOGIN_SUCCESS. User manager@company.com, EmployeeId: 3
2026-09-28 10:49:51.641 +05:30 [INF] [emlb3arozk5] HTTP POST /api/auth/login responded 200 in 19ms [Trace: emlb3arozk5]
2026-09-28 10:49:51.668 +05:30 [INF] [e9751b65ots] HTTP GET /api/employees responded 403 in 0ms [Trace: e9751b65ots]
2026-09-28 10:49:51.669 +05:30 [INF] [pz7emvmhsoa] HTTP GET /api/notifications/unread-count responded 200 in 1ms [Trace: pz7emvmhsoa]
2026-09-28 10:49:51.669 +05:30 [INF] [z7o4s0k88lj] HTTP GET /api/positions responded 200 in 1ms [Trace: z7o4s0k88lj]
2026-09-28 10:49:51.674 +05:30 [INF] [xyfaz4ftkx] HTTP GET /api/departments responded 200 in 6ms [Trace: xyfaz4ftkx]
2026-09-28 10:49:51.684 +05:30 [INF] [ai52i3id18b] HTTP GET /api/employees responded 403 in 0ms [Trace: ai52i3id18b]
2026-09-28 10:49:51.691 +05:30 [INF] [h1ld577uls] HTTP GET /api/notifications/unread-count responded 200 in 2ms [Trace: h1ld577uls]
2026-09-28 10:49:51.691 +05:30 [INF] [j4n8xqps73m] HTTP GET /api/notifications responded 200 in 1ms [Trace: j4n8xqps73m]
2026-09-28 10:49:51.692 +05:30 [INF] [lzqf4szyl3] HTTP GET /api/positions responded 200 in 1ms [Trace: lzqf4szyl3]
2026-09-28 10:49:51.695 +05:30 [INF] [fcjtwnfug1f] HTTP GET /api/departments responded 200 in 1ms [Trace: fcjtwnfug1f]
2026-09-28 10:49:51.707 +05:30 [INF] [vbqtu7i3g7e] HTTP GET /api/notifications responded 200 in 1ms [Trace: vbqtu7i3g7e]
2026-09-28 10:49:55.270 +05:30 [INF] [5upxwmzzv49] HTTP GET /api/departments responded 200 in 1ms [Trace: 5upxwmzzv49]
2026-09-28 10:49:55.280 +05:30 [INF] [s8iwrpex3pi] HTTP GET /api/departments responded 200 in 1ms [Trace: s8iwrpex3pi]
2026-09-28 10:49:56.393 +05:30 [INF] [vi56gbur8p] HTTP GET /api/positions responded 200 in 1ms [Trace: vi56gbur8p]
2026-09-28 10:49:56.402 +05:30 [INF] [ip3bfmtq0dg] HTTP GET /api/positions responded 200 in 1ms [Trace: ip3bfmtq0dg]
2026-09-28 10:49:57.547 +05:30 [INF] [c73gi0bj8is] HTTP GET /api/departments responded 200 in 2ms [Trace: c73gi0bj8is]
2026-09-28 10:49:57.564 +05:30 [INF] [lqgnie6glbh] HTTP GET /api/departments responded 200 in 2ms [Trace: lqgnie6glbh]
2026-09-28 10:49:59.666 +05:30 [INF] [waxne7kfzr] HTTP GET /api/employees responded 403 in 0ms [Trace: waxne7kfzr]
2026-09-28 10:49:59.680 +05:30 [INF] [itg6nylnrvg] HTTP GET /api/employees responded 403 in 0ms [Trace: itg6nylnrvg]
2026-09-28 10:49:59.703 +05:30 [INF] [tik4n4bfa2o] HTTP GET /api/projects responded 200 in 38ms [Trace: tik4n4bfa2o]
2026-09-28 10:49:59.719 +05:30 [INF] [x4hzy4v6jir] HTTP GET /api/projects responded 200 in 2ms [Trace: x4hzy4v6jir]
2026-09-28 10:50:20.401 +05:30 [INF] [mxhbborqka] HTTP GET /api/employees responded 403 in 0ms [Trace: mxhbborqka]
2026-09-28 10:50:20.464 +05:30 [INF] [3v3wn8qbhyj] HTTP GET /api/departments responded 200 in 89ms [Trace: 3v3wn8qbhyj]
2026-09-28 10:50:20.464 +05:30 [INF] [7q1pxw5c76] HTTP GET /api/positions responded 200 in 63ms [Trace: 7q1pxw5c76]
2026-09-28 10:50:20.483 +05:30 [INF] [axl7mr315oa] HTTP GET /api/employees responded 403 in 0ms [Trace: axl7mr315oa]
2026-09-28 10:50:20.487 +05:30 [INF] [47fph619ajd] HTTP GET /api/departments responded 200 in 1ms [Trace: 47fph619ajd]
2026-09-28 10:50:20.488 +05:30 [INF] [yd2uywa913] HTTP GET /api/positions responded 200 in 1ms [Trace: yd2uywa913]
2026-09-28 10:50:21.444 +05:30 [INF] [rhxqwaxvj1c] HTTP GET /api/notifications/unread-count responded 200 in 1ms [Trace: rhxqwaxvj1c]
2026-09-28 10:50:21.455 +05:30 [INF] [vibk8fdo4pf] HTTP GET /api/notifications responded 200 in 1ms [Trace: vibk8fdo4pf]
2026-09-28 10:50:23.301 +05:30 [INF] [z0c16ejrgps] HTTP GET /api/employees responded 403 in 0ms [Trace: z0c16ejrgps]
2026-09-28 10:53:49.340 +05:30 [INF] [] Now listening on: http://localhost:5000
2026-09-28 10:53:49.388 +05:30 [INF] [] Application started. Press Ctrl+C to shut down.
2026-09-28 10:53:49.389 +05:30 [INF] [] Hosting environment: Development
2026-09-28 10:53:49.390 +05:30 [INF] [] Content root path: C:\Users\sairajk\.gemini\antigravity\scratch\EMS\src\EMS.API
2026-09-28 10:53:50.228 +05:30 [WRN] [rhdzuqyr4w] Compiling a query which loads related collections for more than one collection navigation, either via 'Include' or through projection, but no 'QuerySplittingBehavior' has been configured. By default, Entity Framework will use 'QuerySplittingBehavior.SingleQuery', which can potentially result in slow query performance. See https://go.microsoft.com/fwlink/?linkid=2134277 for more information. To identify the query that's triggering this warning call 'ConfigureWarnings(w => w.Throw(RelationalEventId.MultipleCollectionIncludeWarning))'.
2026-09-28 10:53:50.346 +05:30 [WRN] [rhdzuqyr4w] LOGIN_FAILED. Incorrect password for user: sairajkadlag53@gmail.com, count: 3
2026-09-28 10:53:55.825 +05:30 [WRN] [kwiyrmu3nso] LOGIN_FAILED. Incorrect password for user: sairajkadlag53@gmail.com, count: 4
2026-09-28 10:58:57.241 +05:30 [INF] [] Now listening on: http://localhost:5000
2026-09-28 10:58:57.290 +05:30 [INF] [] Application started. Press Ctrl+C to shut down.
2026-09-28 10:58:57.291 +05:30 [INF] [] Hosting environment: Development
2026-09-28 10:58:57.293 +05:30 [INF] [] Content root path: C:\Users\sairajk\.gemini\antigravity\scratch\EMS\src\EMS.API
2026-09-28 10:59:01.577 +05:30 [WRN] [j1442p4b9fq] Compiling a query which loads related collections for more than one collection navigation, either via 'Include' or through projection, but no 'QuerySplittingBehavior' has been configured. By default, Entity Framework will use 'QuerySplittingBehavior.SingleQuery', which can potentially result in slow query performance. See https://go.microsoft.com/fwlink/?linkid=2134277 for more information. To identify the query that's triggering this warning call 'ConfigureWarnings(w => w.Throw(RelationalEventId.MultipleCollectionIncludeWarning))'.
2026-09-28 10:59:02.001 +05:30 [INF] [j1442p4b9fq] LOGIN_SUCCESS. User manager@company.com, EmployeeId: 3
2026-09-28 10:59:02.031 +05:30 [INF] [j1442p4b9fq] HTTP POST /api/auth/login responded 200 in 691ms [Trace: j1442p4b9fq]
2026-09-28 10:59:02.115 +05:30 [INF] [9991aokbfr8] HTTP GET /api/employees responded 403 in 46ms [Trace: 9991aokbfr8]
2026-09-28 10:59:02.136 +05:30 [INF] [r61c4agyi1a] HTTP GET /api/employees responded 403 in 8ms [Trace: r61c4agyi1a]
2026-09-28 10:59:02.174 +05:30 [INF] [tdnwo2xxxup] HTTP GET /api/positions responded 200 in 105ms [Trace: tdnwo2xxxup]
2026-09-28 10:59:02.251 +05:30 [INF] [fokggx978yp] HTTP GET /api/departments responded 200 in 181ms [Trace: fokggx978yp]
2026-09-28 10:59:02.268 +05:30 [INF] [p6sv117h9cp] HTTP GET /api/notifications/unread-count responded 200 in 198ms [Trace: p6sv117h9cp]
2026-09-28 10:59:02.274 +05:30 [INF] [k6b5m4bmoj] HTTP GET /api/departments responded 200 in 7ms [Trace: k6b5m4bmoj]
2026-09-28 10:59:02.276 +05:30 [INF] [ydgnp81048] HTTP GET /api/positions responded 200 in 43ms [Trace: ydgnp81048]
2026-09-28 10:59:02.286 +05:30 [INF] [z3p5k57cul] HTTP GET /api/notifications/unread-count responded 200 in 2ms [Trace: z3p5k57cul]
2026-09-28 10:59:02.308 +05:30 [INF] [oy6au82odqh] HTTP GET /api/notifications responded 200 in 23ms [Trace: oy6au82odqh]
2026-09-28 10:59:02.324 +05:30 [INF] [udflml1ri2] HTTP GET /api/notifications responded 200 in 3ms [Trace: udflml1ri2]
2026-09-28 10:59:05.305 +05:30 [INF] [w5epyjnjdn] HTTP GET /api/employees responded 403 in 1ms [Trace: w5epyjnjdn]
2026-09-28 10:59:06.589 +05:30 [INF] [o8xnevnj7us] HTTP GET /api/employees responded 403 in 0ms [Trace: o8xnevnj7us]
2026-09-28 10:59:32.596 +05:30 [INF] [evesbyy286r] HTTP GET /api/notifications/unread-count responded 200 in 7ms [Trace: evesbyy286r]
2026-09-28 10:59:32.624 +05:30 [INF] [s6rs29ap4v] HTTP GET /api/notifications responded 200 in 2ms [Trace: s6rs29ap4v]
2026-09-28 11:00:02.082 +05:30 [INF] [w38lxstege] HTTP GET /api/notifications/unread-count responded 200 in 3ms [Trace: w38lxstege]
2026-09-28 11:00:02.097 +05:30 [INF] [d6l4mhhrmvw] HTTP GET /api/notifications responded 200 in 2ms [Trace: d6l4mhhrmvw]
2026-09-28 11:00:32.598 +05:30 [INF] [0cngubae4hkv] HTTP GET /api/notifications/unread-count responded 200 in 9ms [Trace: 0cngubae4hkv]
2026-09-28 11:00:32.618 +05:30 [INF] [6hx97q1sp] HTTP GET /api/notifications responded 200 in 6ms [Trace: 6hx97q1sp]
2026-09-28 11:00:49.948 +05:30 [INF] [] Now listening on: http://localhost:5000
2026-09-28 11:00:49.996 +05:30 [INF] [] Application started. Press Ctrl+C to shut down.
2026-09-28 11:00:49.998 +05:30 [INF] [] Hosting environment: Development
2026-09-28 11:00:49.999 +05:30 [INF] [] Content root path: C:\Users\sairajk\.gemini\antigravity\scratch\EMS\src\EMS.API
2026-09-28 11:00:53.291 +05:30 [WRN] [up0wp88q62] Compiling a query which loads related collections for more than one collection navigation, either via 'Include' or through projection, but no 'QuerySplittingBehavior' has been configured. By default, Entity Framework will use 'QuerySplittingBehavior.SingleQuery', which can potentially result in slow query performance. See https://go.microsoft.com/fwlink/?linkid=2134277 for more information. To identify the query that's triggering this warning call 'ConfigureWarnings(w => w.Throw(RelationalEventId.MultipleCollectionIncludeWarning))'.
2026-09-28 11:00:53.506 +05:30 [INF] [up0wp88q62] HTTP GET /api/auth/me responded 200 in 502ms [Trace: up0wp88q62]
2026-09-28 11:00:53.549 +05:30 [INF] [5r2vmgx3g3h] HTTP GET /api/employees responded 403 in 9ms [Trace: 5r2vmgx3g3h]
2026-09-28 11:00:53.562 +05:30 [INF] [5hmeuh6k47] HTTP GET /api/employees responded 403 in 0ms [Trace: 5hmeuh6k47]
2026-09-28 11:00:53.581 +05:30 [INF] [29cuz2kru5d] HTTP GET /api/auth/me responded 200 in 54ms [Trace: 29cuz2kru5d]
2026-09-28 11:00:53.588 +05:30 [INF] [43yelrzfpdi] HTTP GET /api/positions responded 200 in 51ms [Trace: 43yelrzfpdi]
2026-09-28 11:00:53.631 +05:30 [INF] [kkjwgptvf] HTTP GET /api/notifications/unread-count responded 200 in 90ms [Trace: kkjwgptvf]
2026-09-28 11:00:53.633 +05:30 [INF] [wisf8z5li0l] HTTP GET /api/positions responded 200 in 35ms [Trace: wisf8z5li0l]
2026-09-28 11:00:53.642 +05:30 [INF] [4916kq4prev] HTTP GET /api/notifications/unread-count responded 200 in 2ms [Trace: 4916kq4prev]
2026-09-28 11:00:53.663 +05:30 [INF] [fqedtxtgrkt] HTTP GET /api/departments responded 200 in 126ms [Trace: fqedtxtgrkt]
2026-09-28 11:00:53.663 +05:30 [INF] [bi74ffm92p4] HTTP GET /api/notifications responded 200 in 22ms [Trace: bi74ffm92p4]
2026-09-28 11:00:53.676 +05:30 [INF] [4b8bs2lcqir] HTTP GET /api/departments responded 200 in 3ms [Trace: 4b8bs2lcqir]
2026-09-28 11:00:53.676 +05:30 [INF] [m9xmnvpnuo] HTTP GET /api/notifications responded 200 in 2ms [Trace: m9xmnvpnuo]
2026-09-28 11:00:55.664 +05:30 [INF] [mnsjfvtz7we] HTTP GET /api/employees responded 403 in 1ms [Trace: mnsjfvtz7we]
2026-09-28 11:00:56.583 +05:30 [INF] [qj0rnn383lg] HTTP GET /api/employees responded 403 in 0ms [Trace: qj0rnn383lg]
2026-09-28 11:00:57.811 +05:30 [INF] [4fneq2d40lq] HTTP GET /api/employees responded 403 in 0ms [Trace: 4fneq2d40lq]
2026-09-28 11:00:57.823 +05:30 [INF] [kjmi0tlr4b] HTTP GET /api/employees responded 403 in 0ms [Trace: kjmi0tlr4b]
2026-09-28 11:01:00.859 +05:30 [INF] [2nlbufq4rnd] HTTP GET /api/employees responded 403 in 0ms [Trace: 2nlbufq4rnd]
2026-09-28 11:01:00.863 +05:30 [INF] [zouljxhwjdq] HTTP GET /api/positions responded 200 in 4ms [Trace: zouljxhwjdq]
2026-09-28 11:01:00.879 +05:30 [INF] [p6ksm3x34ab] HTTP GET /api/departments responded 200 in 20ms [Trace: p6ksm3x34ab]
2026-09-28 11:01:00.879 +05:30 [INF] [92y128y6w9] HTTP GET /api/employees responded 403 in 0ms [Trace: 92y128y6w9]
2026-09-28 11:01:00.890 +05:30 [INF] [bu7wbcm6g3] HTTP GET /api/positions responded 200 in 2ms [Trace: bu7wbcm6g3]
2026-09-28 11:01:00.892 +05:30 [INF] [tr3asmevw6] HTTP GET /api/departments responded 200 in 3ms [Trace: tr3asmevw6]
2026-09-28 11:01:01.934 +05:30 [INF] [j4495ptcojp] HTTP GET /api/departments responded 200 in 2ms [Trace: j4495ptcojp]
2026-09-28 11:01:01.945 +05:30 [INF] [jh19ddp6aag] HTTP GET /api/departments responded 200 in 2ms [Trace: jh19ddp6aag]
2026-09-28 11:01:02.321 +05:30 [INF] [9rw4bn10wlv] HTTP GET /api/employees responded 403 in 0ms [Trace: 9rw4bn10wlv]
2026-09-28 11:01:02.322 +05:30 [INF] [70zgw8siuvo] HTTP GET /api/positions responded 200 in 2ms [Trace: 70zgw8siuvo]
2026-09-28 11:01:02.322 +05:30 [INF] [olxq5epjq1] HTTP GET /api/departments responded 200 in 2ms [Trace: olxq5epjq1]
2026-09-28 11:01:02.331 +05:30 [INF] [k6wo2eb1hb7] HTTP GET /api/employees responded 403 in 0ms [Trace: k6wo2eb1hb7]
2026-09-28 11:01:02.333 +05:30 [INF] [jksqosh50ne] HTTP GET /api/positions responded 200 in 1ms [Trace: jksqosh50ne]
2026-09-28 11:01:02.334 +05:30 [INF] [krg98my6ww7] HTTP GET /api/departments responded 200 in 1ms [Trace: krg98my6ww7]
2026-09-28 11:01:02.813 +05:30 [INF] [90mxa1pody9] HTTP GET /api/departments responded 200 in 2ms [Trace: 90mxa1pody9]
2026-09-28 11:01:02.824 +05:30 [INF] [hb4vgi39agq] HTTP GET /api/departments responded 200 in 2ms [Trace: hb4vgi39agq]
2026-09-28 11:01:03.154 +05:30 [INF] [5mivizkq6lk] HTTP GET /api/employees responded 403 in 0ms [Trace: 5mivizkq6lk]
2026-09-28 11:01:03.155 +05:30 [INF] [kk4ygwzs7q] HTTP GET /api/positions responded 200 in 1ms [Trace: kk4ygwzs7q]
2026-09-28 11:01:03.155 +05:30 [INF] [zb8l9m6v5c] HTTP GET /api/departments responded 200 in 2ms [Trace: zb8l9m6v5c]
2026-09-28 11:01:03.164 +05:30 [INF] [qx52qh06h5i] HTTP GET /api/employees responded 403 in 0ms [Trace: qx52qh06h5i]
2026-09-28 11:01:03.165 +05:30 [INF] [067zj194sv08] HTTP GET /api/positions responded 200 in 1ms [Trace: 067zj194sv08]
2026-09-28 11:01:03.169 +05:30 [INF] [mxrj6107bla] HTTP GET /api/departments responded 200 in 1ms [Trace: mxrj6107bla]
2026-09-28 11:01:04.974 +05:30 [INF] [i0t5pls4bsn] HTTP GET /api/employees responded 403 in 0ms [Trace: i0t5pls4bsn]
2026-09-28 11:01:05.004 +05:30 [INF] [qaags5rru3h] HTTP GET /api/employees responded 403 in 0ms [Trace: qaags5rru3h]
2026-09-28 11:01:05.173 +05:30 [INF] [c2k0amejxud] HTTP GET /api/employees responded 403 in 0ms [Trace: c2k0amejxud]
2026-09-28 11:01:07.049 +05:30 [INF] [f35uwoi7q9t] HTTP GET /api/employees responded 403 in 0ms [Trace: f35uwoi7q9t]
2026-09-28 11:01:07.548 +05:30 [INF] [mg8iq0gmi29] HTTP GET /api/employees responded 403 in 0ms [Trace: mg8iq0gmi29]
2026-09-28 11:01:07.581 +05:30 [INF] [y1qqatfbl1] HTTP GET /api/employees responded 403 in 0ms [Trace: y1qqatfbl1]
2026-09-28 11:01:10.007 +05:30 [WRN] [srs5pphcjub] Compiling a query which loads related collections for more than one collection navigation, either via 'Include' or through projection, but no 'QuerySplittingBehavior' has been configured. By default, Entity Framework will use 'QuerySplittingBehavior.SingleQuery', which can potentially result in slow query performance. See https://go.microsoft.com/fwlink/?linkid=2134277 for more information. To identify the query that's triggering this warning call 'ConfigureWarnings(w => w.Throw(RelationalEventId.MultipleCollectionIncludeWarning))'.
2026-09-28 11:01:10.190 +05:30 [INF] [srs5pphcjub] LOGOUT. User 3
2026-09-28 11:01:10.192 +05:30 [INF] [srs5pphcjub] HTTP POST /api/auth/logout responded 204 in 220ms [Trace: srs5pphcjub]
2026-09-28 11:01:12.185 +05:30 [WRN] [f92is7kov88] Compiling a query which loads related collections for more than one collection navigation, either via 'Include' or through projection, but no 'QuerySplittingBehavior' has been configured. By default, Entity Framework will use 'QuerySplittingBehavior.SingleQuery', which can potentially result in slow query performance. See https://go.microsoft.com/fwlink/?linkid=2134277 for more information. To identify the query that's triggering this warning call 'ConfigureWarnings(w => w.Throw(RelationalEventId.MultipleCollectionIncludeWarning))'.
2026-09-28 11:01:12.255 +05:30 [INF] [f92is7kov88] LOGIN_SUCCESS. User admin@company.com, EmployeeId: 1
2026-09-28 11:01:12.261 +05:30 [INF] [f92is7kov88] HTTP POST /api/auth/login responded 200 in 95ms [Trace: f92is7kov88]
2026-09-28 11:01:12.294 +05:30 [INF] [zvec6ks6ujr] HTTP GET /api/positions responded 200 in 1ms [Trace: zvec6ks6ujr]
2026-09-28 11:01:12.294 +05:30 [INF] [iedvld1cy8] HTTP GET /api/notifications/unread-count responded 200 in 1ms [Trace: iedvld1cy8]
2026-09-28 11:01:12.295 +05:30 [INF] [3ntjvq35u74] HTTP GET /api/departments responded 200 in 1ms [Trace: 3ntjvq35u74]
2026-09-28 11:01:12.309 +05:30 [INF] [w8g7tnw1csi] HTTP GET /api/positions responded 200 in 1ms [Trace: w8g7tnw1csi]
2026-09-28 11:01:12.309 +05:30 [INF] [8j70nlwe1z] HTTP GET /api/notifications/unread-count responded 200 in 1ms [Trace: 8j70nlwe1z]
2026-09-28 11:01:12.312 +05:30 [INF] [wurnad1f26] HTTP GET /api/notifications responded 200 in 3ms [Trace: wurnad1f26]
2026-09-28 11:01:12.319 +05:30 [INF] [2stxj2ofxwe] HTTP GET /api/departments responded 200 in 6ms [Trace: 2stxj2ofxwe]
2026-09-28 11:01:12.332 +05:30 [INF] [nhx137v3s7q] HTTP GET /api/notifications responded 200 in 1ms [Trace: nhx137v3s7q]
2026-09-28 11:01:12.348 +05:30 [INF] [xf3vprssmb8] HTTP GET /api/employees responded 200 in 55ms [Trace: xf3vprssmb8]
2026-09-28 11:01:12.364 +05:30 [INF] [eeh738se936] HTTP GET /api/employees responded 200 in 3ms [Trace: eeh738se936]
2026-09-28 11:01:19.272 +05:30 [INF] [s8m23jqt21] HTTP GET /api/employees responded 200 in 17ms [Trace: s8m23jqt21]
2026-09-28 11:01:30.363 +05:30 [INF] [v7s3eei9m5n] LOGOUT. User 1
2026-09-28 11:01:30.364 +05:30 [INF] [v7s3eei9m5n] HTTP POST /api/auth/logout responded 204 in 8ms [Trace: v7s3eei9m5n]
2026-09-28 11:01:32.947 +05:30 [INF] [1xl2r5e0b85] LOGIN_SUCCESS. User employee@company.com, EmployeeId: 4
2026-09-28 11:01:32.948 +05:30 [INF] [1xl2r5e0b85] HTTP POST /api/auth/login responded 200 in 19ms [Trace: 1xl2r5e0b85]
2026-09-28 11:01:32.973 +05:30 [INF] [pdy86i4r9wl] HTTP GET /api/notifications/unread-count responded 200 in 1ms [Trace: pdy86i4r9wl]
2026-09-28 11:01:32.987 +05:30 [INF] [mg555pgm9r] HTTP GET /api/notifications/unread-count responded 200 in 1ms [Trace: mg555pgm9r]
2026-09-28 11:01:32.987 +05:30 [INF] [08vu82ht0jx6] HTTP GET /api/notifications responded 200 in 1ms [Trace: 08vu82ht0jx6]
2026-09-28 11:01:33.003 +05:30 [INF] [002ftdw8npapp] HTTP GET /api/notifications responded 200 in 1ms [Trace: 002ftdw8npapp]
2026-09-28 11:01:34.730 +05:30 [INF] [dkqlfny82l] HTTP GET /api/employees responded 403 in 0ms [Trace: dkqlfny82l]
2026-09-28 11:01:34.797 +05:30 [INF] [lyx6t41d8p8] HTTP GET /api/departments responded 200 in 67ms [Trace: lyx6t41d8p8]
2026-09-28 11:01:34.797 +05:30 [INF] [h7efvryvpbc] HTTP GET /api/positions responded 200 in 67ms [Trace: h7efvryvpbc]
2026-09-28 11:01:34.809 +05:30 [INF] [cadjbdkgyis] HTTP GET /api/employees responded 403 in 0ms [Trace: cadjbdkgyis]
2026-09-28 11:01:34.815 +05:30 [INF] [pyj6vcp05oo] HTTP GET /api/departments responded 200 in 1ms [Trace: pyj6vcp05oo]
2026-09-28 11:01:34.817 +05:30 [INF] [91ktqw6hz8] HTTP GET /api/positions responded 200 in 1ms [Trace: 91ktqw6hz8]
2026-09-28 11:01:35.393 +05:30 [INF] [xzbqlemdmn] HTTP GET /api/attendance/today responded 200 in 23ms [Trace: xzbqlemdmn]
2026-09-28 11:01:35.406 +05:30 [INF] [9fghcfomj25] HTTP GET /api/attendance/today responded 200 in 2ms [Trace: 9fghcfomj25]
2026-09-28 11:01:36.972 +05:30 [INF] [7778v8o97ih] HTTP GET /api/employees responded 403 in 0ms [Trace: 7778v8o97ih]
2026-09-28 11:01:36.973 +05:30 [INF] [wxu1a8kd6q] HTTP GET /api/positions responded 200 in 1ms [Trace: wxu1a8kd6q]
2026-09-28 11:01:36.974 +05:30 [INF] [xnoj0n92ris] HTTP GET /api/departments responded 200 in 1ms [Trace: xnoj0n92ris]
2026-09-28 11:01:36.982 +05:30 [INF] [xnjks48kow] HTTP GET /api/employees responded 403 in 0ms [Trace: xnjks48kow]
2026-09-28 11:01:36.985 +05:30 [INF] [05n503qejuog] HTTP GET /api/positions responded 200 in 1ms [Trace: 05n503qejuog]
2026-09-28 11:01:36.986 +05:30 [INF] [v9d80pxlpgf] HTTP GET /api/departments responded 200 in 1ms [Trace: v9d80pxlpgf]
2026-09-28 11:01:39.631 +05:30 [INF] [5npfmwauij] HTTP GET /api/employees responded 403 in 0ms [Trace: 5npfmwauij]
2026-09-28 11:01:42.502 +05:30 [INF] [mxqqx96oeh] LOGOUT. User 4
2026-09-28 11:01:42.504 +05:30 [INF] [mxqqx96oeh] HTTP POST /api/auth/logout responded 204 in 6ms [Trace: mxqqx96oeh]
2026-09-28 11:01:44.451 +05:30 [INF] [ioiz3f852j] LOGIN_SUCCESS. User manager@company.com, EmployeeId: 3
2026-09-28 11:01:44.453 +05:30 [INF] [ioiz3f852j] HTTP POST /api/auth/login responded 200 in 17ms [Trace: ioiz3f852j]
2026-09-28 11:01:44.478 +05:30 [INF] [xicx5ptwlbm] HTTP GET /api/employees responded 403 in 0ms [Trace: xicx5ptwlbm]
2026-09-28 11:01:44.483 +05:30 [INF] [ll8bj8t61jm] HTTP GET /api/notifications/unread-count responded 200 in 4ms [Trace: ll8bj8t61jm]
2026-09-28 11:01:44.483 +05:30 [INF] [0lnrec2aivzk] HTTP GET /api/positions responded 200 in 4ms [Trace: 0lnrec2aivzk]
2026-09-28 11:01:44.485 +05:30 [INF] [isrwljz2etb] HTTP GET /api/departments responded 200 in 7ms [Trace: isrwljz2etb]
2026-09-28 11:01:44.494 +05:30 [INF] [fy91hsqiwga] HTTP GET /api/employees responded 403 in 0ms [Trace: fy91hsqiwga]
2026-09-28 11:01:44.499 +05:30 [INF] [wsulk6r3y8f] HTTP GET /api/notifications/unread-count responded 200 in 1ms [Trace: wsulk6r3y8f]
2026-09-28 11:01:44.500 +05:30 [INF] [xyfjel9sg7] HTTP GET /api/notifications responded 200 in 1ms [Trace: xyfjel9sg7]
2026-09-28 11:01:44.504 +05:30 [INF] [50mpwx5r2ed] HTTP GET /api/positions responded 200 in 1ms [Trace: 50mpwx5r2ed]
2026-09-28 11:01:44.507 +05:30 [INF] [udthhuywawh] HTTP GET /api/departments responded 200 in 1ms [Trace: udthhuywawh]
2026-09-28 11:01:44.516 +05:30 [INF] [n41yvtxujp] HTTP GET /api/notifications responded 200 in 1ms [Trace: n41yvtxujp]
2026-09-28 11:01:45.712 +05:30 [INF] [c0cf91rslr] HTTP GET /api/departments responded 200 in 1ms [Trace: c0cf91rslr]
2026-09-28 11:01:45.722 +05:30 [INF] [dwxw6pll82] HTTP GET /api/departments responded 200 in 1ms [Trace: dwxw6pll82]
2026-09-28 11:01:46.560 +05:30 [INF] [auk2emxgcxt] HTTP GET /api/positions responded 200 in 1ms [Trace: auk2emxgcxt]
2026-09-28 11:01:46.570 +05:30 [INF] [30upr9dul6s] HTTP GET /api/positions responded 200 in 1ms [Trace: 30upr9dul6s]
2026-09-28 11:01:47.608 +05:30 [INF] [fojdnaubcfq] HTTP GET /api/employees responded 403 in 0ms [Trace: fojdnaubcfq]
2026-09-28 11:01:47.609 +05:30 [INF] [f5tyj3avma] HTTP GET /api/positions responded 200 in 1ms [Trace: f5tyj3avma]
2026-09-28 11:01:47.609 +05:30 [INF] [hyrqi74r634] HTTP GET /api/departments responded 200 in 1ms [Trace: hyrqi74r634]
2026-09-28 11:01:47.618 +05:30 [INF] [q6b5lzsdaqs] HTTP GET /api/employees responded 403 in 0ms [Trace: q6b5lzsdaqs]
2026-09-28 11:01:47.619 +05:30 [INF] [ay68ly91n6] HTTP GET /api/positions responded 200 in 1ms [Trace: ay68ly91n6]
2026-09-28 11:01:47.622 +05:30 [INF] [j33bxlk12n] HTTP GET /api/departments responded 200 in 1ms [Trace: j33bxlk12n]
2026-09-28 11:01:48.541 +05:30 [INF] [epr09bnh46] HTTP GET /api/employees responded 403 in 0ms [Trace: epr09bnh46]
2026-09-28 11:01:48.551 +05:30 [INF] [h5fo4xr2vsn] HTTP GET /api/employees responded 403 in 0ms [Trace: h5fo4xr2vsn]
2026-09-28 11:01:50.160 +05:30 [INF] [us2ch5kqzok] HTTP GET /api/employees responded 403 in 0ms [Trace: us2ch5kqzok]
2026-09-28 11:01:50.171 +05:30 [INF] [zg66wpvsds8] HTTP GET /api/employees responded 403 in 0ms [Trace: zg66wpvsds8]
2026-09-28 11:01:50.197 +05:30 [INF] [vudunwm7a4] HTTP GET /api/projects responded 200 in 36ms [Trace: vudunwm7a4]
2026-09-28 11:01:50.210 +05:30 [INF] [5g9hi93mr25] HTTP GET /api/projects responded 200 in 2ms [Trace: 5g9hi93mr25]
2026-09-28 11:01:51.080 +05:30 [INF] [1z6q0fi0mbl] HTTP GET /api/leaves/types responded 200 in 13ms [Trace: 1z6q0fi0mbl]
2026-09-28 11:01:51.094 +05:30 [INF] [ibamjs5k94h] HTTP GET /api/leaves/types responded 200 in 1ms [Trace: ibamjs5k94h]
2026-09-28 11:01:51.097 +05:30 [INF] [4ac8w5zpbqt] HTTP GET /api/leaves responded 200 in 30ms [Trace: 4ac8w5zpbqt]
2026-09-28 11:01:51.111 +05:30 [INF] [ceyh5fy83rn] HTTP GET /api/leaves responded 200 in 2ms [Trace: ceyh5fy83rn]
2026-09-28 11:01:51.876 +05:30 [INF] [orcvdylxnh] HTTP GET /api/employees responded 403 in 0ms [Trace: orcvdylxnh]
2026-09-28 11:01:51.879 +05:30 [INF] [7brf1obxnm8] HTTP GET /api/projects responded 200 in 3ms [Trace: 7brf1obxnm8]
2026-09-28 11:01:51.891 +05:30 [INF] [vsjxvqf62es] HTTP GET /api/employees responded 403 in 0ms [Trace: vsjxvqf62es]
2026-09-28 11:01:51.895 +05:30 [INF] [znwf3xct1j] HTTP GET /api/projects responded 200 in 2ms [Trace: znwf3xct1j]
2026-09-28 11:01:56.875 +05:30 [INF] [e402p57w5x8] HTTP GET /api/employees responded 403 in 0ms [Trace: e402p57w5x8]
2026-09-28 11:01:56.876 +05:30 [INF] [55wcsrpoklr] HTTP GET /api/positions responded 200 in 1ms [Trace: 55wcsrpoklr]
2026-09-28 11:01:56.877 +05:30 [INF] [bqhl1t8kagn] HTTP GET /api/departments responded 200 in 1ms [Trace: bqhl1t8kagn]
2026-09-28 11:01:56.886 +05:30 [INF] [57t4ir88w44] HTTP GET /api/employees responded 403 in 0ms [Trace: 57t4ir88w44]
2026-09-28 11:01:56.887 +05:30 [INF] [zvu9wgv4mke] HTTP GET /api/positions responded 200 in 1ms [Trace: zvu9wgv4mke]
2026-09-28 11:01:56.891 +05:30 [INF] [p9hm98j53k] HTTP GET /api/departments responded 200 in 2ms [Trace: p9hm98j53k]
2026-09-28 11:01:57.413 +05:30 [INF] [koueldkirg] HTTP GET /api/departments responded 200 in 28ms [Trace: koueldkirg]
2026-09-28 11:01:57.423 +05:30 [INF] [ukxvmg1qal] HTTP GET /api/departments responded 200 in 1ms [Trace: ukxvmg1qal]
2026-09-28 11:01:58.019 +05:30 [INF] [6maznrwgnx] HTTP GET /api/employees responded 403 in 0ms [Trace: 6maznrwgnx]
2026-09-28 11:01:58.020 +05:30 [INF] [823uauz0fol] HTTP GET /api/positions responded 200 in 1ms [Trace: 823uauz0fol]
2026-09-28 11:01:58.020 +05:30 [INF] [9a9oa1le1hl] HTTP GET /api/departments responded 200 in 1ms [Trace: 9a9oa1le1hl]
2026-09-28 11:01:58.028 +05:30 [INF] [3km4uocpku6] HTTP GET /api/employees responded 403 in 0ms [Trace: 3km4uocpku6]
2026-09-28 11:01:58.030 +05:30 [INF] [jy2sixx8gkk] HTTP GET /api/positions responded 200 in 0ms [Trace: jy2sixx8gkk]
2026-09-28 11:01:58.032 +05:30 [INF] [41gljjegiew] HTTP GET /api/departments responded 200 in 1ms [Trace: 41gljjegiew]
2026-09-28 11:02:07.743 +05:30 [INF] [mwwxt9jzv3r] HTTP GET /api/employees responded 403 in 0ms [Trace: mwwxt9jzv3r]
2026-09-28 11:02:07.752 +05:30 [INF] [w3vc53y61e] HTTP GET /api/employees responded 403 in 0ms [Trace: w3vc53y61e]
2026-09-28 11:02:08.257 +05:30 [INF] [4dy8v9oh6m9] HTTP GET /api/employees responded 403 in 0ms [Trace: 4dy8v9oh6m9]
2026-09-28 11:02:08.258 +05:30 [INF] [lcdcgwig2ee] HTTP GET /api/positions responded 200 in 1ms [Trace: lcdcgwig2ee]
2026-09-28 11:02:08.258 +05:30 [INF] [ftjxq5vo7k7] HTTP GET /api/departments responded 200 in 1ms [Trace: ftjxq5vo7k7]
2026-09-28 11:02:08.268 +05:30 [INF] [a06wilbcl1] HTTP GET /api/employees responded 403 in 0ms [Trace: a06wilbcl1]
2026-09-28 11:02:08.269 +05:30 [INF] [0o531ape0ycm] HTTP GET /api/positions responded 200 in 0ms [Trace: 0o531ape0ycm]
2026-09-28 11:02:08.271 +05:30 [INF] [6xlnyb9ndtg] HTTP GET /api/departments responded 200 in 1ms [Trace: 6xlnyb9ndtg]
2026-09-28 11:02:14.589 +05:30 [INF] [iu7j421mctj] HTTP GET /api/notifications/unread-count responded 200 in 2ms [Trace: iu7j421mctj]
2026-09-28 11:02:14.603 +05:30 [INF] [be083ywjlgh] HTTP GET /api/notifications responded 200 in 1ms [Trace: be083ywjlgh]
2026-09-28 11:02:44.578 +05:30 [INF] [0n1fslskqztc] HTTP GET /api/notifications/unread-count responded 200 in 2ms [Trace: 0n1fslskqztc]
2026-09-28 11:02:44.591 +05:30 [INF] [qqrw3xi5jo] HTTP GET /api/notifications responded 200 in 1ms [Trace: qqrw3xi5jo]
2026-09-28 11:03:14.618 +05:30 [INF] [6u2s3lqf5rf] HTTP GET /api/notifications/unread-count responded 200 in 26ms [Trace: 6u2s3lqf5rf]
2026-09-28 11:03:14.634 +05:30 [INF] [h1k2x4jf8kw] HTTP GET /api/notifications responded 200 in 1ms [Trace: h1k2x4jf8kw]
2026-09-28 11:03:44.591 +05:30 [INF] [2qo8abdfyp4] HTTP GET /api/notifications/unread-count responded 200 in 4ms [Trace: 2qo8abdfyp4]
2026-09-28 11:03:44.607 +05:30 [INF] [zt480fd6ei] HTTP GET /api/notifications responded 200 in 1ms [Trace: zt480fd6ei]
2026-09-28 11:04:14.595 +05:30 [INF] [nlvfhxz9hr] HTTP GET /api/notifications/unread-count responded 200 in 5ms [Trace: nlvfhxz9hr]
2026-09-28 11:04:14.611 +05:30 [INF] [1oblcviqldv] HTTP GET /api/notifications responded 200 in 1ms [Trace: 1oblcviqldv]
2026-09-28 11:07:53.509 +05:30 [INF] [] Now listening on: http://localhost:5000
2026-09-28 11:07:53.558 +05:30 [INF] [] Application started. Press Ctrl+C to shut down.
2026-09-28 11:07:53.560 +05:30 [INF] [] Hosting environment: Development
2026-09-28 11:07:53.561 +05:30 [INF] [] Content root path: C:\Users\sairajk\.gemini\antigravity\scratch\EMS\src\EMS.API
2026-09-28 11:07:58.894 +05:30 [INF] [at5fqwloxep] HTTP GET /api/employees responded 403 in 169ms [Trace: at5fqwloxep]
2026-09-28 11:07:58.933 +05:30 [INF] [vzp5tgf02v] HTTP GET /api/employees responded 403 in 8ms [Trace: vzp5tgf02v]
2026-09-28 11:07:58.994 +05:30 [INF] [gz8mdwzaar] HTTP GET /api/positions responded 200 in 269ms [Trace: gz8mdwzaar]
2026-09-28 11:07:58.994 +05:30 [INF] [7lkzniuxphv] HTTP GET /api/notifications/unread-count responded 200 in 270ms [Trace: 7lkzniuxphv]
2026-09-28 11:07:59.043 +05:30 [INF] [jnkdshzptw] HTTP GET /api/positions responded 200 in 37ms [Trace: jnkdshzptw]
2026-09-28 11:07:59.044 +05:30 [INF] [rhp8pmoai4] HTTP GET /api/notifications/unread-count responded 200 in 36ms [Trace: rhp8pmoai4]
2026-09-28 11:07:59.045 +05:30 [INF] [hc3vt8xwqug] HTTP GET /api/departments responded 200 in 321ms [Trace: hc3vt8xwqug]
2026-09-28 11:07:59.057 +05:30 [INF] [nzm9nsp1zwc] HTTP GET /api/notifications responded 200 in 47ms [Trace: nzm9nsp1zwc]
2026-09-28 11:07:59.063 +05:30 [INF] [ietiqhuvjt] HTTP GET /api/departments responded 200 in 3ms [Trace: ietiqhuvjt]
2026-09-28 11:07:59.071 +05:30 [INF] [cczwy261m7h] HTTP GET /api/notifications responded 200 in 3ms [Trace: cczwy261m7h]
2026-09-28 11:08:05.436 +05:30 [WRN] [qxaikzh1dic] Compiling a query which loads related collections for more than one collection navigation, either via 'Include' or through projection, but no 'QuerySplittingBehavior' has been configured. By default, Entity Framework will use 'QuerySplittingBehavior.SingleQuery', which can potentially result in slow query performance. See https://go.microsoft.com/fwlink/?linkid=2134277 for more information. To identify the query that's triggering this warning call 'ConfigureWarnings(w => w.Throw(RelationalEventId.MultipleCollectionIncludeWarning))'.
2026-09-28 11:08:05.595 +05:30 [INF] [qxaikzh1dic] HTTP GET /api/auth/me responded 200 in 200ms [Trace: qxaikzh1dic]
2026-09-28 11:08:05.616 +05:30 [INF] [0talczb6nbvg] HTTP GET /api/auth/me responded 200 in 5ms [Trace: 0talczb6nbvg]
2026-09-28 11:08:05.622 +05:30 [INF] [9amdgkg774e] HTTP GET /api/employees responded 403 in 1ms [Trace: 9amdgkg774e]
2026-09-28 11:08:05.643 +05:30 [INF] [92oevxpy1p7] HTTP GET /api/positions responded 200 in 22ms [Trace: 92oevxpy1p7]
2026-09-28 11:08:05.642 +05:30 [INF] [n876pjbug9] HTTP GET /api/notifications/unread-count responded 200 in 21ms [Trace: n876pjbug9]
2026-09-28 11:08:05.652 +05:30 [INF] [3eyfp3kia7g] HTTP GET /api/employees responded 403 in 0ms [Trace: 3eyfp3kia7g]
2026-09-28 11:08:05.656 +05:30 [INF] [llllatybt1] HTTP GET /api/positions responded 200 in 2ms [Trace: llllatybt1]
2026-09-28 11:08:05.660 +05:30 [INF] [xv1x5e93eya] HTTP GET /api/notifications/unread-count responded 200 in 2ms [Trace: xv1x5e93eya]
2026-09-28 11:08:05.675 +05:30 [INF] [kivd0godw2o] HTTP GET /api/departments responded 200 in 54ms [Trace: kivd0godw2o]
2026-09-28 11:08:05.686 +05:30 [INF] [6lmhure80nd] HTTP GET /api/departments responded 200 in 2ms [Trace: 6lmhure80nd]
2026-09-28 11:08:05.804 +05:30 [INF] [mzk7tsd4k4] HTTP GET /api/notifications responded 200 in 145ms [Trace: mzk7tsd4k4]
2026-09-28 11:08:05.817 +05:30 [INF] [tmbgoz7e8k] HTTP GET /api/notifications responded 200 in 3ms [Trace: tmbgoz7e8k]
2026-09-28 11:08:08.054 +05:30 [INF] [jh29a2zvy5a] HTTP GET /api/employees responded 403 in 0ms [Trace: jh29a2zvy5a]
2026-09-28 11:08:10.155 +05:30 [WRN] [lw9hexcovo] Compiling a query which loads related collections for more than one collection navigation, either via 'Include' or through projection, but no 'QuerySplittingBehavior' has been configured. By default, Entity Framework will use 'QuerySplittingBehavior.SingleQuery', which can potentially result in slow query performance. See https://go.microsoft.com/fwlink/?linkid=2134277 for more information. To identify the query that's triggering this warning call 'ConfigureWarnings(w => w.Throw(RelationalEventId.MultipleCollectionIncludeWarning))'.
2026-09-28 11:08:10.338 +05:30 [INF] [lw9hexcovo] LOGOUT. User 3
2026-09-28 11:08:10.340 +05:30 [INF] [lw9hexcovo] HTTP POST /api/auth/logout responded 204 in 215ms [Trace: lw9hexcovo]
2026-09-28 11:08:12.582 +05:30 [WRN] [qvpa1d7f83g] Compiling a query which loads related collections for more than one collection navigation, either via 'Include' or through projection, but no 'QuerySplittingBehavior' has been configured. By default, Entity Framework will use 'QuerySplittingBehavior.SingleQuery', which can potentially result in slow query performance. See https://go.microsoft.com/fwlink/?linkid=2134277 for more information. To identify the query that's triggering this warning call 'ConfigureWarnings(w => w.Throw(RelationalEventId.MultipleCollectionIncludeWarning))'.
2026-09-28 11:08:12.648 +05:30 [INF] [qvpa1d7f83g] LOGIN_SUCCESS. User manager@company.com, EmployeeId: 3
2026-09-28 11:08:12.652 +05:30 [INF] [qvpa1d7f83g] HTTP POST /api/auth/login responded 200 in 88ms [Trace: qvpa1d7f83g]
2026-09-28 11:08:12.682 +05:30 [INF] [qpc4yrby2r7] HTTP GET /api/employees responded 403 in 1ms [Trace: qpc4yrby2r7]
2026-09-28 11:08:12.683 +05:30 [INF] [sfrrl85udcn] HTTP GET /api/notifications/unread-count responded 200 in 1ms [Trace: sfrrl85udcn]
2026-09-28 11:08:12.683 +05:30 [INF] [nei5o420wi] HTTP GET /api/positions responded 200 in 2ms [Trace: nei5o420wi]
2026-09-28 11:08:12.685 +05:30 [INF] [fz22w5kggz8] HTTP GET /api/departments responded 200 in 3ms [Trace: fz22w5kggz8]
2026-09-28 11:08:12.699 +05:30 [INF] [piflw5sf11i] HTTP GET /api/employees responded 403 in 0ms [Trace: piflw5sf11i]
2026-09-28 11:08:12.700 +05:30 [INF] [w5y3xl64bz] HTTP GET /api/notifications responded 200 in 1ms [Trace: w5y3xl64bz]
2026-09-28 11:08:12.700 +05:30 [INF] [p74431roq] HTTP GET /api/notifications/unread-count responded 200 in 1ms [Trace: p74431roq]
2026-09-28 11:08:12.702 +05:30 [INF] [kzylo686ghl] HTTP GET /api/positions responded 200 in 1ms [Trace: kzylo686ghl]
2026-09-28 11:08:12.702 +05:30 [INF] [tgtbt7yvcc9] HTTP GET /api/departments responded 200 in 1ms [Trace: tgtbt7yvcc9]
2026-09-28 11:08:12.717 +05:30 [INF] [lvv5go4gk68] HTTP GET /api/notifications responded 200 in 1ms [Trace: lvv5go4gk68]
2026-09-28 11:08:15.154 +05:30 [INF] [ajcy3gjd1go] LOGOUT. User 3
2026-09-28 11:08:15.156 +05:30 [INF] [ajcy3gjd1go] HTTP POST /api/auth/logout responded 204 in 10ms [Trace: ajcy3gjd1go]
2026-09-28 11:08:17.188 +05:30 [INF] [vmoaexqs4yn] LOGIN_SUCCESS. User hr@company.com, EmployeeId: 2
2026-09-28 11:08:17.189 +05:30 [INF] [vmoaexqs4yn] HTTP POST /api/auth/login responded 200 in 18ms [Trace: vmoaexqs4yn]
2026-09-28 11:08:17.218 +05:30 [INF] [x9y7520rx6c] HTTP GET /api/notifications/unread-count responded 200 in 1ms [Trace: x9y7520rx6c]
2026-09-28 11:08:17.218 +05:30 [INF] [w6swctkli39] HTTP GET /api/positions responded 200 in 1ms [Trace: w6swctkli39]
2026-09-28 11:08:17.219 +05:30 [INF] [8m9o60f0v47] HTTP GET /api/departments responded 200 in 1ms [Trace: 8m9o60f0v47]
2026-09-28 11:08:17.233 +05:30 [INF] [818abs4q6ax] HTTP GET /api/notifications/unread-count responded 200 in 1ms [Trace: 818abs4q6ax]
2026-09-28 11:08:17.234 +05:30 [INF] [l3r83369ua] HTTP GET /api/positions responded 200 in 0ms [Trace: l3r83369ua]
2026-09-28 11:08:17.233 +05:30 [INF] [hwtkk09yim9] HTTP GET /api/notifications responded 200 in 1ms [Trace: hwtkk09yim9]
2026-09-28 11:08:17.238 +05:30 [INF] [c3rrjlthui] HTTP GET /api/departments responded 200 in 1ms [Trace: c3rrjlthui]
2026-09-28 11:08:17.253 +05:30 [INF] [j8tp47qqm5d] HTTP GET /api/notifications responded 200 in 1ms [Trace: j8tp47qqm5d]
2026-09-28 11:08:17.264 +05:30 [INF] [czr978ey41] HTTP GET /api/employees responded 200 in 47ms [Trace: czr978ey41]
2026-09-28 11:08:17.281 +05:30 [INF] [f59lrn89y7w] HTTP GET /api/employees responded 200 in 3ms [Trace: f59lrn89y7w]
2026-09-28 11:08:21.786 +05:30 [INF] [j12rgc64va] LOGOUT. User 2
2026-09-28 11:08:21.787 +05:30 [INF] [j12rgc64va] HTTP POST /api/auth/logout responded 204 in 8ms [Trace: j12rgc64va]
2026-09-28 11:08:23.974 +05:30 [INF] [06ogxerk7jd3] LOGIN_SUCCESS. User employee@company.com, EmployeeId: 4
2026-09-28 11:08:23.977 +05:30 [INF] [06ogxerk7jd3] HTTP POST /api/auth/login responded 200 in 18ms [Trace: 06ogxerk7jd3]
2026-09-28 11:08:24.004 +05:30 [INF] [t1nkl01773] HTTP GET /api/notifications/unread-count responded 200 in 1ms [Trace: t1nkl01773]
2026-09-28 11:08:24.017 +05:30 [INF] [l47k4t9ak8] HTTP GET /api/notifications/unread-count responded 200 in 1ms [Trace: l47k4t9ak8]
2026-09-28 11:08:24.020 +05:30 [INF] [999b2ae99xs] HTTP GET /api/notifications responded 200 in 3ms [Trace: 999b2ae99xs]
2026-09-28 11:08:24.035 +05:30 [INF] [4bsl5r7ctz9] HTTP GET /api/notifications responded 200 in 2ms [Trace: 4bsl5r7ctz9]
2026-09-28 11:08:25.243 +05:30 [INF] [8edk4wlwzq] HTTP GET /api/departments responded 200 in 1ms [Trace: 8edk4wlwzq]
2026-09-28 11:08:25.259 +05:30 [INF] [ainwbmk34ro] HTTP GET /api/departments responded 200 in 1ms [Trace: ainwbmk34ro]
2026-09-28 11:08:25.900 +05:30 [INF] [1dz24a5o77b] HTTP GET /api/employees responded 403 in 0ms [Trace: 1dz24a5o77b]
2026-09-28 11:08:25.901 +05:30 [INF] [o8q3a7cfmd] HTTP GET /api/positions responded 200 in 1ms [Trace: o8q3a7cfmd]
2026-09-28 11:08:25.902 +05:30 [INF] [dpbtyohvs7v] HTTP GET /api/departments responded 200 in 1ms [Trace: dpbtyohvs7v]
2026-09-28 11:08:25.912 +05:30 [INF] [6u3ufqesudh] HTTP GET /api/employees responded 403 in 0ms [Trace: 6u3ufqesudh]
2026-09-28 11:08:25.914 +05:30 [INF] [dpfzma0w4sn] HTTP GET /api/departments responded 200 in 1ms [Trace: dpfzma0w4sn]
2026-09-28 11:08:25.915 +05:30 [INF] [9aoordpl16] HTTP GET /api/positions responded 200 in 1ms [Trace: 9aoordpl16]
2026-09-28 11:08:26.636 +05:30 [INF] [0ltnmde00waa] HTTP GET /api/positions responded 200 in 1ms [Trace: 0ltnmde00waa]
2026-09-28 11:08:26.645 +05:30 [INF] [wvm5r6kqn7] HTTP GET /api/positions responded 200 in 1ms [Trace: wvm5r6kqn7]
2026-09-28 11:08:27.863 +05:30 [INF] [fnjsp145rb5] HTTP GET /api/leaves/types responded 200 in 12ms [Trace: fnjsp145rb5]
2026-09-28 11:08:27.878 +05:30 [INF] [iz7ywkj6fmj] HTTP GET /api/leaves/types responded 200 in 1ms [Trace: iz7ywkj6fmj]
2026-09-28 11:08:27.882 +05:30 [INF] [j2fw45qqpm] HTTP GET /api/leaves responded 200 in 31ms [Trace: j2fw45qqpm]
2026-09-28 11:08:27.897 +05:30 [INF] [j04orlq8058] HTTP GET /api/leaves responded 200 in 2ms [Trace: j04orlq8058]
2026-09-28 11:08:28.710 +05:30 [INF] [lnc7xy06h7r] HTTP GET /api/attendance/today responded 200 in 22ms [Trace: lnc7xy06h7r]
2026-09-28 11:08:28.727 +05:30 [INF] [rimltkjla1] HTTP GET /api/attendance/today responded 200 in 1ms [Trace: rimltkjla1]
2026-09-28 11:08:28.751 +05:30 [INF] [tun14cjv5y] HTTP GET /api/attendance responded 200 in 25ms [Trace: tun14cjv5y]
2026-09-28 11:08:28.767 +05:30 [INF] [0yhevta4yr1b] HTTP GET /api/attendance responded 200 in 1ms [Trace: 0yhevta4yr1b]
2026-09-28 11:08:29.642 +05:30 [INF] [jglj0bowvb] HTTP GET /api/leaves/types responded 200 in 1ms [Trace: jglj0bowvb]
2026-09-28 11:08:29.643 +05:30 [INF] [txbqdmij7gr] HTTP GET /api/leaves responded 200 in 1ms [Trace: txbqdmij7gr]
2026-09-28 11:08:29.652 +05:30 [INF] [l1lp06kunva] HTTP GET /api/leaves/types responded 200 in 1ms [Trace: l1lp06kunva]
2026-09-28 11:08:29.657 +05:30 [INF] [qzr9julqdfa] HTTP GET /api/leaves responded 200 in 2ms [Trace: qzr9julqdfa]
2026-09-28 11:08:30.136 +05:30 [INF] [vmlr0x40g2] HTTP GET /api/employees responded 403 in 0ms [Trace: vmlr0x40g2]
2026-09-28 11:08:30.150 +05:30 [INF] [e0jb2fzswpg] HTTP GET /api/employees responded 403 in 0ms [Trace: e0jb2fzswpg]
2026-09-28 11:08:30.173 +05:30 [INF] [kmmmxnzkaxg] HTTP GET /api/projects responded 200 in 36ms [Trace: kmmmxnzkaxg]
2026-09-28 11:08:30.188 +05:30 [INF] [8u7e0p3ht9r] HTTP GET /api/projects responded 200 in 2ms [Trace: 8u7e0p3ht9r]
2026-09-28 11:38:44.746 +05:30 [INF] [] Now listening on: http://localhost:5000
2026-09-28 11:38:44.795 +05:30 [INF] [] Application started. Press Ctrl+C to shut down.
2026-09-28 11:38:44.796 +05:30 [INF] [] Hosting environment: Development
2026-09-28 11:38:44.796 +05:30 [INF] [] Content root path: C:\Users\sairajk\.gemini\antigravity\scratch\EMS\src\EMS.API
2026-09-28 11:38:48.893 +05:30 [INF] [pz468u7elxc] HTTP GET /api/auth/me responded 401 in 122ms [Trace: pz468u7elxc]
2026-09-28 11:38:48.893 +05:30 [INF] [xsucov5a59] HTTP GET /api/notifications/unread-count responded 401 in 166ms [Trace: xsucov5a59]
2026-09-28 11:38:48.933 +05:30 [INF] [m709dzhahv] HTTP GET /api/auth/me responded 401 in 9ms [Trace: m709dzhahv]
2026-09-28 11:38:49.095 +05:30 [WRN] [6f22f09b59e0406eb9d58b726cbb30ad] Compiling a query which loads related collections for more than one collection navigation, either via 'Include' or through projection, but no 'QuerySplittingBehavior' has been configured. By default, Entity Framework will use 'QuerySplittingBehavior.SingleQuery', which can potentially result in slow query performance. See https://go.microsoft.com/fwlink/?linkid=2134277 for more information. To identify the query that's triggering this warning call 'ConfigureWarnings(w => w.Throw(RelationalEventId.MultipleCollectionIncludeWarning))'.
2026-09-28 11:38:49.500 +05:30 [INF] [6f22f09b59e0406eb9d58b726cbb30ad] TOKEN_REFRESHED. User: 4
2026-09-28 11:38:49.532 +05:30 [INF] [6f22f09b59e0406eb9d58b726cbb30ad] HTTP POST /api/auth/refresh responded 200 in 602ms [Trace: 6f22f09b59e0406eb9d58b726cbb30ad]
2026-09-28 11:38:49.621 +05:30 [WRN] [pz468u7elxc] Compiling a query which loads related collections for more than one collection navigation, either via 'Include' or through projection, but no 'QuerySplittingBehavior' has been configured. By default, Entity Framework will use 'QuerySplittingBehavior.SingleQuery', which can potentially result in slow query performance. See https://go.microsoft.com/fwlink/?linkid=2134277 for more information. To identify the query that's triggering this warning call 'ConfigureWarnings(w => w.Throw(RelationalEventId.MultipleCollectionIncludeWarning))'.
2026-09-28 11:38:49.674 +05:30 [INF] [pz468u7elxc] HTTP GET /api/auth/me responded 200 in 111ms [Trace: pz468u7elxc]
2026-09-28 11:38:49.705 +05:30 [INF] [m709dzhahv] HTTP GET /api/auth/me responded 200 in 6ms [Trace: m709dzhahv]
2026-09-28 11:38:49.719 +05:30 [INF] [84dwf1ye4nk] HTTP GET /api/employees responded 403 in 7ms [Trace: 84dwf1ye4nk]
2026-09-28 11:38:49.736 +05:30 [INF] [f7nowqqdbh] HTTP GET /api/employees responded 403 in 0ms [Trace: f7nowqqdbh]
2026-09-28 11:38:49.761 +05:30 [INF] [bxfyhb9usq8] HTTP GET /api/notifications/unread-count responded 200 in 48ms [Trace: bxfyhb9usq8]
2026-09-28 11:38:49.781 +05:30 [INF] [g6p18zkn4j] HTTP GET /api/notifications/unread-count responded 200 in 2ms [Trace: g6p18zkn4j]
2026-09-28 11:38:49.783 +05:30 [INF] [dk93l7uzsgn] HTTP GET /api/projects responded 200 in 71ms [Trace: dk93l7uzsgn]
2026-09-28 11:38:49.804 +05:30 [INF] [4gspcrjyppc] HTTP GET /api/notifications responded 200 in 24ms [Trace: 4gspcrjyppc]
2026-09-28 11:38:49.804 +05:30 [INF] [hrdborkjqh] HTTP GET /api/projects responded 200 in 2ms [Trace: hrdborkjqh]
2026-09-28 11:38:49.820 +05:30 [INF] [51upihue7dm] HTTP GET /api/notifications responded 200 in 2ms [Trace: 51upihue7dm]
2026-09-28 11:38:51.838 +05:30 [INF] [kubpam26e5q] LOGOUT. User 4
2026-09-28 11:38:51.840 +05:30 [INF] [kubpam26e5q] HTTP POST /api/auth/logout responded 204 in 20ms [Trace: kubpam26e5q]
2026-09-28 11:39:03.471 +05:30 [WRN] [cx6t2devzhu] Compiling a query which loads related collections for more than one collection navigation, either via 'Include' or through projection, but no 'QuerySplittingBehavior' has been configured. By default, Entity Framework will use 'QuerySplittingBehavior.SingleQuery', which can potentially result in slow query performance. See https://go.microsoft.com/fwlink/?linkid=2134277 for more information. To identify the query that's triggering this warning call 'ConfigureWarnings(w => w.Throw(RelationalEventId.MultipleCollectionIncludeWarning))'.
2026-09-28 11:39:03.528 +05:30 [INF] [cx6t2devzhu] LOGIN_SUCCESS. User admin@company.com, EmployeeId: 1
2026-09-28 11:39:03.530 +05:30 [INF] [cx6t2devzhu] HTTP POST /api/auth/login responded 200 in 89ms [Trace: cx6t2devzhu]
2026-09-28 11:39:03.557 +05:30 [INF] [q481xa0wgqa] HTTP GET /api/notifications/unread-count responded 200 in 2ms [Trace: q481xa0wgqa]
2026-09-28 11:39:03.562 +05:30 [INF] [j125hh5s5q] HTTP GET /api/projects responded 200 in 6ms [Trace: j125hh5s5q]
2026-09-28 11:39:03.626 +05:30 [INF] [pn9vpv68r7] HTTP GET /api/projects responded 200 in 46ms [Trace: pn9vpv68r7]
2026-09-28 11:39:03.662 +05:30 [INF] [vwi0o72zl2] HTTP GET /api/notifications responded 200 in 85ms [Trace: vwi0o72zl2]
2026-09-28 11:39:03.668 +05:30 [INF] [sk6yhw15swp] HTTP GET /api/employees responded 200 in 112ms [Trace: sk6yhw15swp]
2026-09-28 11:39:03.687 +05:30 [INF] [lcn84h26npe] HTTP GET /api/employees responded 200 in 4ms [Trace: lcn84h26npe]
2026-09-28 11:39:03.766 +05:30 [INF] [ltmh43t7ged] HTTP GET /api/notifications/unread-count responded 200 in 189ms [Trace: ltmh43t7ged]
2026-09-28 11:39:03.788 +05:30 [INF] [k1e0vpeuli] HTTP GET /api/notifications responded 200 in 3ms [Trace: k1e0vpeuli]
2026-09-28 11:39:05.585 +05:30 [INF] [8dwuumtf579] HTTP GET /api/employees responded 200 in 16ms [Trace: 8dwuumtf579]
2026-09-28 11:39:05.586 +05:30 [INF] [bdf889vuf0m] HTTP GET /api/positions responded 200 in 17ms [Trace: bdf889vuf0m]
2026-09-28 11:39:05.601 +05:30 [INF] [plbiue16pr] HTTP GET /api/departments responded 200 in 31ms [Trace: plbiue16pr]
2026-09-28 11:39:05.602 +05:30 [INF] [2e52cic7mlp] HTTP GET /api/positions responded 200 in 1ms [Trace: 2e52cic7mlp]
2026-09-28 11:39:05.603 +05:30 [INF] [lh2tsu41u8d] HTTP GET /api/employees responded 200 in 2ms [Trace: lh2tsu41u8d]
2026-09-28 11:39:05.615 +05:30 [INF] [zmgiidae989] HTTP GET /api/departments responded 200 in 2ms [Trace: zmgiidae989]
2026-09-28 11:39:20.329 +05:30 [INF] [bk82h4gkan5] EMPLOYEE_CREATED. EmployeeId: 6, CreatedBy: 1
2026-09-28 11:39:20.356 +05:30 [INF] [bk82h4gkan5] HTTP POST /api/employees responded 201 in 225ms [Trace: bk82h4gkan5]
2026-09-28 11:39:20.379 +05:30 [INF] [ts6pkic9sw] HTTP GET /api/employees responded 200 in 3ms [Trace: ts6pkic9sw]
2026-09-28 11:39:33.581 +05:30 [INF] [3oroxwoscaq] HTTP GET /api/notifications/unread-count responded 200 in 3ms [Trace: 3oroxwoscaq]
2026-09-28 11:39:33.598 +05:30 [INF] [eksuruwx1ak] HTTP GET /api/notifications responded 200 in 2ms [Trace: eksuruwx1ak]
2026-09-28 11:40:03.601 +05:30 [INF] [5bklw80ekwi] HTTP GET /api/notifications/unread-count responded 200 in 15ms [Trace: 5bklw80ekwi]
2026-09-28 11:40:03.619 +05:30 [INF] [yltl4bpvj8] HTTP GET /api/notifications responded 200 in 1ms [Trace: yltl4bpvj8]
2026-09-28 11:40:25.624 +05:30 [INF] [3ibez387hc] LOGOUT. User 1
2026-09-28 11:40:25.625 +05:30 [INF] [3ibez387hc] HTTP POST /api/auth/logout responded 204 in 13ms [Trace: 3ibez387hc]
2026-09-28 11:40:47.449 +05:30 [WRN] [txq3mvn08ig] LOGIN_FAILED. Incorrect password for user: sairaj@gmail.com, count: 1
2026-09-28 11:45:37.045 +05:30 [INF] [] Now listening on: http://localhost:5000
2026-09-28 11:45:37.092 +05:30 [INF] [] Application started. Press Ctrl+C to shut down.
2026-09-28 11:45:37.094 +05:30 [INF] [] Hosting environment: Development
2026-09-28 11:45:37.095 +05:30 [INF] [] Content root path: C:\Users\sairajk\.gemini\antigravity\scratch\EMS\src\EMS.API
2026-09-28 11:45:37.348 +05:30 [WRN] [ieigwgjypb8] Compiling a query which loads related collections for more than one collection navigation, either via 'Include' or through projection, but no 'QuerySplittingBehavior' has been configured. By default, Entity Framework will use 'QuerySplittingBehavior.SingleQuery', which can potentially result in slow query performance. See https://go.microsoft.com/fwlink/?linkid=2134277 for more information. To identify the query that's triggering this warning call 'ConfigureWarnings(w => w.Throw(RelationalEventId.MultipleCollectionIncludeWarning))'.
2026-09-28 11:45:37.461 +05:30 [WRN] [ieigwgjypb8] LOGIN_FAILED. Incorrect password for user: sairaj@gmail.com, count: 2
2026-09-28 11:45:52.149 +05:30 [WRN] [h7eonnvqmzj] LOGIN_FAILED. Incorrect password for user: sairaj@gmail.com, count: 3
2026-09-28 11:48:37.538 +05:30 [INF] [j1yt6ldgbba] LOGIN_SUCCESS. User sairaj@gmail.com, EmployeeId: 6
2026-09-28 11:48:37.591 +05:30 [INF] [j1yt6ldgbba] HTTP POST /api/auth/login responded 200 in 137ms [Trace: j1yt6ldgbba]
2026-09-28 11:48:37.769 +05:30 [INF] [a3a024plvtm] HTTP GET /api/employees responded 403 in 125ms [Trace: a3a024plvtm]
2026-09-28 11:48:37.786 +05:30 [INF] [7svo0g8n47u] HTTP GET /api/employees responded 403 in 2ms [Trace: 7svo0g8n47u]
2026-09-28 11:48:37.790 +05:30 [INF] [4s49mjr7m1i] HTTP GET /api/positions responded 200 in 112ms [Trace: 4s49mjr7m1i]
2026-09-28 11:48:37.800 +05:30 [INF] [11qgpsbtxhjh] HTTP GET /api/notifications/unread-count responded 200 in 155ms [Trace: 11qgpsbtxhjh]
2026-09-28 11:48:37.807 +05:30 [INF] [csfhz2r358h] HTTP GET /api/positions responded 200 in 2ms [Trace: csfhz2r358h]
2026-09-28 11:48:37.809 +05:30 [INF] [faxblfklkv5] HTTP GET /api/departments responded 200 in 165ms [Trace: faxblfklkv5]
2026-09-28 11:48:37.816 +05:30 [INF] [m0vqxe4ju9o] HTTP GET /api/notifications/unread-count responded 200 in 2ms [Trace: m0vqxe4ju9o]
2026-09-28 11:48:37.826 +05:30 [INF] [kvbriv0qel] HTTP GET /api/departments responded 200 in 3ms [Trace: kvbriv0qel]
2026-09-28 11:48:37.837 +05:30 [INF] [zpdios9g4] HTTP GET /api/notifications responded 200 in 22ms [Trace: zpdios9g4]
2026-09-28 11:48:37.851 +05:30 [INF] [mpyndqzu3tk] HTTP GET /api/notifications responded 200 in 1ms [Trace: mpyndqzu3tk]
2026-09-28 11:48:47.984 +05:30 [INF] [w1pge0uqr8] HTTP GET /api/departments responded 200 in 9ms [Trace: w1pge0uqr8]
2026-09-28 11:48:48.008 +05:30 [INF] [vcpxhpmdqm] HTTP GET /api/departments responded 200 in 4ms [Trace: vcpxhpmdqm]
2026-09-28 11:48:48.541 +05:30 [INF] [9djdxf9pjmj] HTTP GET /api/positions responded 200 in 5ms [Trace: 9djdxf9pjmj]
2026-09-28 11:48:48.558 +05:30 [INF] [dm2vgk2ypx] HTTP GET /api/positions responded 200 in 3ms [Trace: dm2vgk2ypx]
2026-09-28 11:48:49.390 +05:30 [INF] [ta79vjrg7r] HTTP GET /api/attendance/today responded 200 in 36ms [Trace: ta79vjrg7r]
2026-09-28 11:48:49.416 +05:30 [INF] [mgkh7uikg89] HTTP GET /api/attendance/today responded 200 in 3ms [Trace: mgkh7uikg89]
2026-09-28 11:48:49.454 +05:30 [INF] [gn9u5f0r3j] HTTP GET /api/attendance responded 200 in 43ms [Trace: gn9u5f0r3j]
2026-09-28 11:48:49.473 +05:30 [INF] [wtnfkx9f8jh] HTTP GET /api/attendance responded 200 in 2ms [Trace: wtnfkx9f8jh]
2026-09-28 11:48:50.097 +05:30 [INF] [jrohqmm8y4] HTTP GET /api/leaves/types responded 200 in 13ms [Trace: jrohqmm8y4]
2026-09-28 11:48:50.116 +05:30 [INF] [jzqdoj0q5x] HTTP GET /api/leaves responded 200 in 32ms [Trace: jzqdoj0q5x]
2026-09-28 11:48:50.130 +05:30 [INF] [50rl6p66w4r] HTTP GET /api/leaves responded 200 in 2ms [Trace: 50rl6p66w4r]
2026-09-28 11:48:50.140 +05:30 [INF] [t46x6um93mp] HTTP GET /api/leaves/types responded 200 in 31ms [Trace: t46x6um93mp]
2026-09-28 11:48:50.819 +05:30 [INF] [nrqiqznsx5e] HTTP GET /api/attendance/today responded 200 in 2ms [Trace: nrqiqznsx5e]
2026-09-28 11:48:50.831 +05:30 [INF] [j6fbxnn1dt] HTTP GET /api/attendance/today responded 200 in 2ms [Trace: j6fbxnn1dt]
2026-09-28 11:48:50.833 +05:30 [INF] [bytezuqyf38] HTTP GET /api/attendance responded 200 in 1ms [Trace: bytezuqyf38]
2026-09-28 11:48:50.844 +05:30 [INF] [g8epmn8m9wf] HTTP GET /api/attendance responded 200 in 3ms [Trace: g8epmn8m9wf]
2026-09-28 11:48:54.893 +05:30 [INF] [jn9y4rtun6] HTTP GET /api/leaves/types responded 200 in 3ms [Trace: jn9y4rtun6]
2026-09-28 11:48:54.894 +05:30 [INF] [6pvcxgwmmyp] HTTP GET /api/leaves responded 200 in 4ms [Trace: 6pvcxgwmmyp]
2026-09-28 11:48:54.908 +05:30 [INF] [8wxwt4ha3fb] HTTP GET /api/leaves/types responded 200 in 2ms [Trace: 8wxwt4ha3fb]
2026-09-28 11:48:54.909 +05:30 [INF] [86j85j481xb] HTTP GET /api/leaves responded 200 in 2ms [Trace: 86j85j481xb]
2026-09-28 11:48:55.619 +05:30 [INF] [5z1j9pxxpda] HTTP GET /api/employees responded 403 in 0ms [Trace: 5z1j9pxxpda]
2026-09-28 11:48:55.635 +05:30 [INF] [120uoe3ijue] HTTP GET /api/employees responded 403 in 0ms [Trace: 120uoe3ijue]
2026-09-28 11:48:55.658 +05:30 [INF] [i4azborbvbh] HTTP GET /api/projects responded 200 in 39ms [Trace: i4azborbvbh]
2026-09-28 11:48:55.676 +05:30 [INF] [4gxjay0engq] HTTP GET /api/projects responded 200 in 2ms [Trace: 4gxjay0engq]
2026-09-28 11:48:56.522 +05:30 [INF] [n5wcluu7m4n] HTTP GET /api/leaves/types responded 200 in 2ms [Trace: n5wcluu7m4n]
2026-09-28 11:48:56.523 +05:30 [INF] [0wwzpd7q8ri] HTTP GET /api/leaves responded 200 in 2ms [Trace: 0wwzpd7q8ri]
2026-09-28 11:48:56.539 +05:30 [INF] [dq5tpqyt7ol] HTTP GET /api/leaves/types responded 200 in 1ms [Trace: dq5tpqyt7ol]
2026-09-28 11:48:56.542 +05:30 [INF] [eqs5cmkd4pb] HTTP GET /api/leaves responded 200 in 1ms [Trace: eqs5cmkd4pb]
2026-09-28 11:48:57.901 +05:30 [INF] [ybx89gnpsc] HTTP GET /api/attendance/today responded 200 in 1ms [Trace: ybx89gnpsc]
2026-09-28 11:48:57.912 +05:30 [INF] [br75eyemzuv] HTTP GET /api/attendance/today responded 200 in 1ms [Trace: br75eyemzuv]
2026-09-28 11:48:57.912 +05:30 [INF] [rawel8grurm] HTTP GET /api/attendance responded 200 in 1ms [Trace: rawel8grurm]
2026-09-28 11:48:57.926 +05:30 [INF] [dkdpseb2stv] HTTP GET /api/attendance responded 200 in 1ms [Trace: dkdpseb2stv]
2026-09-28 11:48:58.358 +05:30 [INF] [xsyude64e] HTTP GET /api/employees responded 403 in 1ms [Trace: xsyude64e]
2026-09-28 11:48:58.362 +05:30 [INF] [i0je5p1sywp] HTTP GET /api/projects responded 200 in 5ms [Trace: i0je5p1sywp]
2026-09-28 11:48:58.374 +05:30 [INF] [vjz96pqi5bd] HTTP GET /api/employees responded 403 in 0ms [Trace: vjz96pqi5bd]
2026-09-28 11:48:58.380 +05:30 [INF] [bntz4yqg3bl] HTTP GET /api/projects responded 200 in 2ms [Trace: bntz4yqg3bl]
2026-09-28 11:49:08.595 +05:30 [INF] [ij0h3br7kg9] HTTP GET /api/notifications/unread-count responded 200 in 4ms [Trace: ij0h3br7kg9]
2026-09-28 11:49:08.632 +05:30 [INF] [3xdwf0j4ezg] HTTP GET /api/notifications responded 200 in 4ms [Trace: 3xdwf0j4ezg]
2026-09-28 11:52:58.802 +05:30 [INF] [] Now listening on: http://localhost:5000
2026-09-28 11:52:58.851 +05:30 [INF] [] Application started. Press Ctrl+C to shut down.
2026-09-28 11:52:58.854 +05:30 [INF] [] Hosting environment: Development
2026-09-28 11:52:58.855 +05:30 [INF] [] Content root path: C:\Users\sairajk\.gemini\antigravity\scratch\EMS\src\EMS.API
2026-09-28 11:53:00.691 +05:30 [WRN] [xlb5pc4a5d] Compiling a query which loads related collections for more than one collection navigation, either via 'Include' or through projection, but no 'QuerySplittingBehavior' has been configured. By default, Entity Framework will use 'QuerySplittingBehavior.SingleQuery', which can potentially result in slow query performance. See https://go.microsoft.com/fwlink/?linkid=2134277 for more information. To identify the query that's triggering this warning call 'ConfigureWarnings(w => w.Throw(RelationalEventId.MultipleCollectionIncludeWarning))'.
2026-09-28 11:53:01.055 +05:30 [INF] [xlb5pc4a5d] LOGOUT. User 6
2026-09-28 11:53:01.061 +05:30 [INF] [xlb5pc4a5d] HTTP POST /api/auth/logout responded 204 in 636ms [Trace: xlb5pc4a5d]
2026-09-28 11:53:07.804 +05:30 [WRN] [12xgjv1l64oq] Compiling a query which loads related collections for more than one collection navigation, either via 'Include' or through projection, but no 'QuerySplittingBehavior' has been configured. By default, Entity Framework will use 'QuerySplittingBehavior.SingleQuery', which can potentially result in slow query performance. See https://go.microsoft.com/fwlink/?linkid=2134277 for more information. To identify the query that's triggering this warning call 'ConfigureWarnings(w => w.Throw(RelationalEventId.MultipleCollectionIncludeWarning))'.
2026-09-28 11:53:07.891 +05:30 [INF] [12xgjv1l64oq] LOGIN_SUCCESS. User hr@company.com, EmployeeId: 2
2026-09-28 11:53:07.932 +05:30 [INF] [12xgjv1l64oq] HTTP POST /api/auth/login responded 200 in 203ms [Trace: 12xgjv1l64oq]
2026-09-28 11:53:07.995 +05:30 [INF] [nvhhmfo5ydi] HTTP GET /api/notifications/unread-count responded 200 in 23ms [Trace: nvhhmfo5ydi]
2026-09-28 11:53:08.001 +05:30 [INF] [rvkmwnj3ok] HTTP GET /api/departments responded 200 in 29ms [Trace: rvkmwnj3ok]
2026-09-28 11:53:08.024 +05:30 [INF] [obe6phkn9fq] HTTP GET /api/departments responded 200 in 4ms [Trace: obe6phkn9fq]
2026-09-28 11:53:08.043 +05:30 [INF] [vqtq73gljee] HTTP GET /api/notifications responded 200 in 31ms [Trace: vqtq73gljee]
2026-09-28 11:53:08.057 +05:30 [INF] [gvlyfc6m7h] HTTP GET /api/notifications/unread-count responded 200 in 46ms [Trace: gvlyfc6m7h]
2026-09-28 11:53:08.069 +05:30 [INF] [u5r8bofiejj] HTTP GET /api/notifications responded 200 in 2ms [Trace: u5r8bofiejj]
2026-09-28 11:53:09.828 +05:30 [INF] [diogovnvhqq] HTTP GET /api/departments responded 200 in 5ms [Trace: diogovnvhqq]
2026-09-28 11:53:09.838 +05:30 [INF] [f63xxn7j2zd] HTTP GET /api/positions responded 200 in 15ms [Trace: f63xxn7j2zd]
2026-09-28 11:53:09.840 +05:30 [INF] [icxo0mlz75l] HTTP GET /api/departments responded 200 in 1ms [Trace: icxo0mlz75l]
2026-09-28 11:53:09.853 +05:30 [INF] [6grj4rklgdh] HTTP GET /api/positions responded 200 in 1ms [Trace: 6grj4rklgdh]
2026-09-28 11:53:09.874 +05:30 [INF] [rw0kb7fq3c] HTTP GET /api/employees responded 200 in 51ms [Trace: rw0kb7fq3c]
2026-09-28 11:53:09.893 +05:30 [INF] [8ur0l5ql5e5] HTTP GET /api/employees responded 200 in 5ms [Trace: 8ur0l5ql5e5]
2026-09-28 11:53:37.991 +05:30 [INF] [39jbl9upjt6] HTTP GET /api/notifications/unread-count responded 200 in 4ms [Trace: 39jbl9upjt6]
2026-09-28 11:53:38.018 +05:30 [INF] [3shn64o56z6] HTTP GET /api/notifications responded 200 in 4ms [Trace: 3shn64o56z6]
2026-09-28 12:00:51.895 +05:30 [INF] [] Now listening on: http://localhost:5000
2026-09-28 12:00:51.940 +05:30 [INF] [] Application started. Press Ctrl+C to shut down.
2026-09-28 12:00:51.941 +05:30 [INF] [] Hosting environment: Development
2026-09-28 12:00:51.941 +05:30 [INF] [] Content root path: C:\Users\sairajk\.gemini\antigravity\scratch\EMS\src\EMS.API
2026-09-28 12:00:52.718 +05:30 [WRN] [dihfeqo3ckn] Compiling a query which loads related collections for more than one collection navigation, either via 'Include' or through projection, but no 'QuerySplittingBehavior' has been configured. By default, Entity Framework will use 'QuerySplittingBehavior.SingleQuery', which can potentially result in slow query performance. See https://go.microsoft.com/fwlink/?linkid=2134277 for more information. To identify the query that's triggering this warning call 'ConfigureWarnings(w => w.Throw(RelationalEventId.MultipleCollectionIncludeWarning))'.
2026-09-28 12:00:52.950 +05:30 [INF] [dihfeqo3ckn] LOGIN_SUCCESS. User sairaj@gmail.com, EmployeeId: 6
2026-09-28 12:00:52.968 +05:30 [INF] [dihfeqo3ckn] HTTP POST /api/auth/login responded 200 in 386ms [Trace: dihfeqo3ckn]
2026-09-28 12:00:53.092 +05:30 [INF] [v81vdtu9zf] HTTP GET /api/employees responded 403 in 95ms [Trace: v81vdtu9zf]
2026-09-28 12:00:53.117 +05:30 [INF] [egpkfvd9g7j] HTTP GET /api/employees responded 403 in 9ms [Trace: egpkfvd9g7j]
2026-09-28 12:00:53.151 +05:30 [INF] [yfklfuxmo8] HTTP GET /api/positions responded 200 in 154ms [Trace: yfklfuxmo8]
2026-09-28 12:00:53.184 +05:30 [INF] [290y3b2pw36] HTTP GET /api/notifications/unread-count responded 200 in 187ms [Trace: 290y3b2pw36]
2026-09-28 12:00:53.184 +05:30 [INF] [hkzlc184g5] HTTP GET /api/positions responded 200 in 18ms [Trace: hkzlc184g5]
2026-09-28 12:00:53.202 +05:30 [INF] [b5w2ebgqv4b] HTTP GET /api/departments responded 200 in 206ms [Trace: b5w2ebgqv4b]
2026-09-28 12:00:53.202 +05:30 [INF] [cb6h8npybdu] HTTP GET /api/notifications/unread-count responded 200 in 4ms [Trace: cb6h8npybdu]
2026-09-28 12:00:53.221 +05:30 [INF] [tg8etimm38m] HTTP GET /api/departments responded 200 in 3ms [Trace: tg8etimm38m]
2026-09-28 12:00:53.225 +05:30 [INF] [lv66r2wu4il] HTTP GET /api/notifications responded 200 in 26ms [Trace: lv66r2wu4il]
2026-09-28 12:00:53.242 +05:30 [INF] [1l2pvoqjmg5] HTTP GET /api/notifications responded 200 in 2ms [Trace: 1l2pvoqjmg5]
2026-09-28 12:00:56.777 +05:30 [INF] [t2fve3j7pfj] HTTP GET /api/employees responded 403 in 1ms [Trace: t2fve3j7pfj]
2026-09-28 12:00:57.797 +05:30 [INF] [bbqlxe57qya] HTTP GET /api/positions responded 200 in 4ms [Trace: bbqlxe57qya]
2026-09-28 12:00:57.807 +05:30 [INF] [dv82788zkvi] HTTP GET /api/positions responded 200 in 1ms [Trace: dv82788zkvi]
2026-09-28 12:00:59.000 +05:30 [INF] [2o9u98tqxiw] HTTP GET /api/departments responded 200 in 7ms [Trace: 2o9u98tqxiw]
2026-09-28 12:00:59.015 +05:30 [INF] [6lk4invqa9k] HTTP GET /api/departments responded 200 in 3ms [Trace: 6lk4invqa9k]
2026-09-28 12:01:00.314 +05:30 [INF] [vp03ox03fs9] HTTP GET /api/attendance/today responded 200 in 40ms [Trace: vp03ox03fs9]
2026-09-28 12:01:00.337 +05:30 [INF] [s93zu9cxqvg] HTTP GET /api/attendance/today responded 200 in 2ms [Trace: s93zu9cxqvg]
2026-09-28 12:01:00.369 +05:30 [INF] [23z43brcltr] HTTP GET /api/attendance responded 200 in 34ms [Trace: 23z43brcltr]
2026-09-28 12:01:00.384 +05:30 [INF] [s1e1ohuu1w] HTTP GET /api/attendance responded 200 in 2ms [Trace: s1e1ohuu1w]
2026-09-28 12:01:01.701 +05:30 [INF] [9rp2gqnccx] HTTP GET /api/leaves/types responded 200 in 23ms [Trace: 9rp2gqnccx]
2026-09-28 12:01:01.722 +05:30 [INF] [259yqo9lweq] HTTP GET /api/leaves/types responded 200 in 3ms [Trace: 259yqo9lweq]
2026-09-28 12:01:01.727 +05:30 [INF] [05dagv21jjr4] HTTP GET /api/leaves responded 200 in 48ms [Trace: 05dagv21jjr4]
2026-09-28 12:01:01.746 +05:30 [INF] [65e8kf8lwqf] HTTP GET /api/leaves responded 200 in 2ms [Trace: 65e8kf8lwqf]
2026-09-28 12:01:02.293 +05:30 [INF] [b05270hvezm] HTTP GET /api/employees responded 403 in 0ms [Trace: b05270hvezm]
2026-09-28 12:01:02.307 +05:30 [INF] [3dnrxvupyc3] HTTP GET /api/employees responded 403 in 0ms [Trace: 3dnrxvupyc3]
2026-09-28 12:01:02.334 +05:30 [INF] [d8m7gyy13q] HTTP GET /api/projects responded 200 in 40ms [Trace: d8m7gyy13q]
2026-09-28 12:01:02.349 +05:30 [INF] [vodi4q1rq8g] HTTP GET /api/projects responded 200 in 3ms [Trace: vodi4q1rq8g]
2026-09-28 12:01:04.231 +05:30 [INF] [hed5y530w3d] HTTP GET /api/leaves/types responded 200 in 3ms [Trace: hed5y530w3d]
2026-09-28 12:01:04.232 +05:30 [INF] [ld0annuhvdg] HTTP GET /api/leaves responded 200 in 3ms [Trace: ld0annuhvdg]
2026-09-28 12:01:04.252 +05:30 [INF] [p9ux0acgd7b] HTTP GET /api/leaves/types responded 200 in 2ms [Trace: p9ux0acgd7b]
2026-09-28 12:01:04.254 +05:30 [INF] [0h84gywum39o] HTTP GET /api/leaves responded 200 in 3ms [Trace: 0h84gywum39o]
2026-09-28 12:01:11.567 +05:30 [INF] [3ovmxumcnrw] HTTP PUT /api/notifications/5/read responded 204 in 38ms [Trace: 3ovmxumcnrw]
2026-09-28 12:01:11.587 +05:30 [INF] [r9cpartn2w] HTTP GET /api/notifications/unread-count responded 200 in 2ms [Trace: r9cpartn2w]
2026-09-28 12:01:11.603 +05:30 [INF] [4rn7zmp9qxa] HTTP GET /api/notifications responded 200 in 1ms [Trace: 4rn7zmp9qxa]
2026-09-28 12:01:13.118 +05:30 [INF] [fbj99kuxyvq] HTTP GET /api/attendance/today responded 200 in 4ms [Trace: fbj99kuxyvq]
2026-09-28 12:01:13.135 +05:30 [INF] [wb81d1gbte9] HTTP GET /api/attendance/today responded 200 in 2ms [Trace: wb81d1gbte9]
2026-09-28 12:01:13.136 +05:30 [INF] [av1fljnv64m] HTTP GET /api/attendance responded 200 in 3ms [Trace: av1fljnv64m]
2026-09-28 12:01:13.154 +05:30 [INF] [bilvfb65u27] HTTP GET /api/attendance responded 200 in 2ms [Trace: bilvfb65u27]
2026-09-28 12:01:13.798 +05:30 [INF] [tquothr0ui] HTTP GET /api/leaves/types responded 200 in 2ms [Trace: tquothr0ui]
2026-09-28 12:01:13.799 +05:30 [INF] [tdqck47szdg] HTTP GET /api/leaves responded 200 in 2ms [Trace: tdqck47szdg]
2026-09-28 12:01:13.813 +05:30 [INF] [ag66gmj7pr] HTTP GET /api/leaves/types responded 200 in 2ms [Trace: ag66gmj7pr]
2026-09-28 12:01:13.815 +05:30 [INF] [7a3vidhmyoh] HTTP GET /api/leaves responded 200 in 2ms [Trace: 7a3vidhmyoh]
2026-09-28 12:01:18.834 +05:30 [WRN] [8lvzqyyxp75] Compiling a query which loads related collections for more than one collection navigation, either via 'Include' or through projection, but no 'QuerySplittingBehavior' has been configured. By default, Entity Framework will use 'QuerySplittingBehavior.SingleQuery', which can potentially result in slow query performance. See https://go.microsoft.com/fwlink/?linkid=2134277 for more information. To identify the query that's triggering this warning call 'ConfigureWarnings(w => w.Throw(RelationalEventId.MultipleCollectionIncludeWarning))'.
2026-09-28 12:01:18.884 +05:30 [INF] [8lvzqyyxp75] LOGOUT. User 6
2026-09-28 12:01:18.888 +05:30 [INF] [8lvzqyyxp75] HTTP POST /api/auth/logout responded 204 in 75ms [Trace: 8lvzqyyxp75]
2026-09-28 12:01:20.940 +05:30 [INF] [ms6tyvez14p] LOGIN_SUCCESS. User employee@company.com, EmployeeId: 4
2026-09-28 12:01:20.943 +05:30 [INF] [ms6tyvez14p] HTTP POST /api/auth/login responded 200 in 68ms [Trace: ms6tyvez14p]
2026-09-28 12:01:20.985 +05:30 [INF] [yg588z15t7h] HTTP GET /api/leaves/types responded 200 in 1ms [Trace: yg588z15t7h]
2026-09-28 12:01:20.985 +05:30 [INF] [k3dhpb83edo] HTTP GET /api/notifications/unread-count responded 200 in 1ms [Trace: k3dhpb83edo]
2026-09-28 12:01:20.999 +05:30 [INF] [rtr06j0mbjf] HTTP GET /api/leaves/types responded 200 in 1ms [Trace: rtr06j0mbjf]
2026-09-28 12:01:21.001 +05:30 [INF] [9lkktox75vg] HTTP GET /api/notifications/unread-count responded 200 in 1ms [Trace: 9lkktox75vg]
2026-09-28 12:01:21.002 +05:30 [INF] [yjp5wjd3h] HTTP GET /api/notifications responded 200 in 1ms [Trace: yjp5wjd3h]
2026-09-28 12:01:21.018 +05:30 [INF] [g8440y127ca] HTTP GET /api/leaves responded 200 in 34ms [Trace: g8440y127ca]
2026-09-28 12:01:21.019 +05:30 [INF] [5oyewp1glu] HTTP GET /api/notifications responded 200 in 1ms [Trace: 5oyewp1glu]
2026-09-28 12:01:21.031 +05:30 [INF] [09fohpohjnqx] HTTP GET /api/leaves responded 200 in 1ms [Trace: 09fohpohjnqx]
2026-09-28 12:01:21.976 +05:30 [INF] [2mqs23s1e7o] HTTP GET /api/attendance/today responded 200 in 3ms [Trace: 2mqs23s1e7o]
2026-09-28 12:01:22.001 +05:30 [INF] [5nhddm9eu38] HTTP GET /api/attendance/today responded 200 in 1ms [Trace: 5nhddm9eu38]
2026-09-28 12:01:22.001 +05:30 [INF] [sw0lplcc6e7] HTTP GET /api/attendance responded 200 in 2ms [Trace: sw0lplcc6e7]
2026-09-28 12:01:22.021 +05:30 [INF] [zwvv0s0bha] HTTP GET /api/attendance responded 200 in 2ms [Trace: zwvv0s0bha]
2026-09-28 12:01:22.737 +05:30 [INF] [iahlqpu2zv] HTTP GET /api/leaves/types responded 200 in 2ms [Trace: iahlqpu2zv]
2026-09-28 12:01:22.738 +05:30 [INF] [9mo3esqwqn] HTTP GET /api/leaves responded 200 in 3ms [Trace: 9mo3esqwqn]
2026-09-28 12:01:22.753 +05:30 [INF] [ijee1s0zbv] HTTP GET /api/leaves/types responded 200 in 1ms [Trace: ijee1s0zbv]
2026-09-28 12:01:22.758 +05:30 [INF] [uos06dm37m] HTTP GET /api/leaves responded 200 in 1ms [Trace: uos06dm37m]
2026-09-28 12:01:23.408 +05:30 [INF] [3tdl6eqdljs] HTTP GET /api/attendance/today responded 200 in 2ms [Trace: 3tdl6eqdljs]
2026-09-28 12:01:23.427 +05:30 [INF] [x1wa1n1b7cs] HTTP GET /api/attendance/today responded 200 in 2ms [Trace: x1wa1n1b7cs]
2026-09-28 12:01:23.427 +05:30 [INF] [lhyo263tvfs] HTTP GET /api/attendance responded 200 in 2ms [Trace: lhyo263tvfs]
2026-09-28 12:01:23.447 +05:30 [INF] [zkoud2yoo6j] HTTP GET /api/attendance responded 200 in 2ms [Trace: zkoud2yoo6j]
2026-09-28 12:01:27.050 +05:30 [INF] [onacq4920j] CHECK_IN. EmployeeId: 4, Status: "Present"
2026-09-28 12:01:27.053 +05:30 [INF] [onacq4920j] HTTP POST /api/attendance/check-in responded 200 in 48ms [Trace: onacq4920j]
2026-09-28 12:01:27.082 +05:30 [INF] [dkbwk73ricd] HTTP GET /api/attendance/today responded 200 in 2ms [Trace: dkbwk73ricd]
2026-09-28 12:01:27.096 +05:30 [INF] [xopyerv94u] HTTP GET /api/attendance responded 200 in 1ms [Trace: xopyerv94u]
2026-09-28 12:01:28.483 +05:30 [INF] [sqzk9l6e4ob] CHECK_OUT. EmployeeId: 4
2026-09-28 12:01:28.486 +05:30 [INF] [sqzk9l6e4ob] HTTP POST /api/attendance/check-out responded 200 in 31ms [Trace: sqzk9l6e4ob]
2026-09-28 12:01:28.512 +05:30 [INF] [kb5p0z5ax1i] HTTP GET /api/attendance/today responded 200 in 1ms [Trace: kb5p0z5ax1i]
2026-09-28 12:01:28.527 +05:30 [INF] [seyzfu90rgn] HTTP GET /api/attendance responded 200 in 1ms [Trace: seyzfu90rgn]
2026-09-28 12:01:32.134 +05:30 [INF] [uf7jkneqj2] LOGOUT. User 4
2026-09-28 12:01:32.136 +05:30 [INF] [uf7jkneqj2] HTTP POST /api/auth/logout responded 204 in 10ms [Trace: uf7jkneqj2]
2026-09-28 12:01:57.183 +05:30 [INF] [ykmym077dwq] LOGIN_SUCCESS. User sairaj@gmail.com, EmployeeId: 6
2026-09-28 12:01:57.184 +05:30 [INF] [ykmym077dwq] HTTP POST /api/auth/login responded 200 in 22ms [Trace: ykmym077dwq]
2026-09-28 12:01:57.209 +05:30 [INF] [hrze737tkwg] HTTP GET /api/notifications/unread-count responded 200 in 1ms [Trace: hrze737tkwg]
2026-09-28 12:01:57.215 +05:30 [INF] [hr5fowaiscr] HTTP GET /api/attendance/today responded 200 in 6ms [Trace: hr5fowaiscr]
2026-09-28 12:01:57.230 +05:30 [INF] [2g3eidx6rlq] HTTP GET /api/notifications/unread-count responded 200 in 1ms [Trace: 2g3eidx6rlq]
2026-09-28 12:01:57.230 +05:30 [INF] [tti9sg2idr] HTTP GET /api/notifications responded 200 in 1ms [Trace: tti9sg2idr]
2026-09-28 12:01:57.235 +05:30 [INF] [vul6gyc2v] HTTP GET /api/attendance/today responded 200 in 1ms [Trace: vul6gyc2v]
2026-09-28 12:01:57.236 +05:30 [INF] [j6rfk1grid] HTTP GET /api/attendance responded 200 in 1ms [Trace: j6rfk1grid]
2026-09-28 12:01:57.248 +05:30 [INF] [n0pkokjdz9l] HTTP GET /api/notifications responded 200 in 1ms [Trace: n0pkokjdz9l]
2026-09-28 12:01:57.252 +05:30 [INF] [cudfkkzlgr] HTTP GET /api/attendance responded 200 in 1ms [Trace: cudfkkzlgr]
2026-09-28 12:02:05.766 +05:30 [INF] [rbv7329syip] CHECK_IN. EmployeeId: 6, Status: "Present"
2026-09-28 12:02:05.769 +05:30 [INF] [rbv7329syip] HTTP POST /api/attendance/check-in responded 200 in 12ms [Trace: rbv7329syip]
2026-09-28 12:02:05.805 +05:30 [INF] [xw1myg9amym] HTTP GET /api/attendance/today responded 200 in 1ms [Trace: xw1myg9amym]
2026-09-28 12:02:05.825 +05:30 [INF] [djabf6rmriu] HTTP GET /api/attendance responded 200 in 1ms [Trace: djabf6rmriu]
2026-09-28 12:02:14.210 +05:30 [INF] [kzb9eb06yf] HTTP GET /api/leaves/types responded 200 in 1ms [Trace: kzb9eb06yf]
2026-09-28 12:02:14.211 +05:30 [INF] [rfayed9bf6] HTTP GET /api/leaves responded 200 in 2ms [Trace: rfayed9bf6]
2026-09-28 12:02:14.226 +05:30 [INF] [9vlnlrocb8] HTTP GET /api/leaves/types responded 200 in 1ms [Trace: 9vlnlrocb8]
2026-09-28 12:02:14.227 +05:30 [INF] [pnwortpl4x] HTTP GET /api/leaves responded 200 in 1ms [Trace: pnwortpl4x]
2026-09-28 12:02:15.140 +05:30 [INF] [wuoaak9i29s] HTTP GET /api/employees responded 403 in 0ms [Trace: wuoaak9i29s]
2026-09-28 12:02:15.143 +05:30 [INF] [g3xp0ua3uq] HTTP GET /api/projects responded 200 in 3ms [Trace: g3xp0ua3uq]
2026-09-28 12:02:15.158 +05:30 [INF] [cecfhd5ooc] HTTP GET /api/employees responded 403 in 0ms [Trace: cecfhd5ooc]
2026-09-28 12:02:15.167 +05:30 [INF] [1c79x8yt1mj] HTTP GET /api/projects responded 200 in 1ms [Trace: 1c79x8yt1mj]
2026-09-28 12:02:15.825 +05:30 [INF] [s8l04zwq1z8] HTTP GET /api/leaves/types responded 200 in 1ms [Trace: s8l04zwq1z8]
2026-09-28 12:02:15.825 +05:30 [INF] [27mb998n13a] HTTP GET /api/leaves responded 200 in 1ms [Trace: 27mb998n13a]
2026-09-28 12:02:15.835 +05:30 [INF] [ndo16afz24] HTTP GET /api/leaves/types responded 200 in 1ms [Trace: ndo16afz24]
2026-09-28 12:02:15.836 +05:30 [INF] [clhx2unvb9o] HTTP GET /api/leaves responded 200 in 1ms [Trace: clhx2unvb9o]
2026-09-28 12:02:16.399 +05:30 [INF] [b0piubluo] HTTP GET /api/attendance/today responded 200 in 2ms [Trace: b0piubluo]
2026-09-28 12:02:16.418 +05:30 [INF] [ey57x5bse0h] HTTP GET /api/attendance/today responded 200 in 2ms [Trace: ey57x5bse0h]
2026-09-28 12:02:16.418 +05:30 [INF] [i8l9z3r0t1b] HTTP GET /api/attendance responded 200 in 2ms [Trace: i8l9z3r0t1b]
2026-09-28 12:02:16.433 +05:30 [INF] [m8g0wp4qft] HTTP GET /api/attendance responded 200 in 1ms [Trace: m8g0wp4qft]
2026-09-28 12:02:17.649 +05:30 [INF] [d39fdu84b54] HTTP GET /api/leaves/types responded 200 in 2ms [Trace: d39fdu84b54]
2026-09-28 12:02:17.649 +05:30 [INF] [bstroubl4v8] HTTP GET /api/leaves responded 200 in 2ms [Trace: bstroubl4v8]
2026-09-28 12:02:17.660 +05:30 [INF] [jmuhld7muc] HTTP GET /api/leaves/types responded 200 in 1ms [Trace: jmuhld7muc]
2026-09-28 12:02:17.663 +05:30 [INF] [ikgdvj4hvgi] HTTP GET /api/leaves responded 200 in 1ms [Trace: ikgdvj4hvgi]
2026-09-28 12:02:27.230 +05:30 [INF] [4jla8h0emhg] HTTP GET /api/notifications/unread-count responded 200 in 4ms [Trace: 4jla8h0emhg]
2026-09-28 12:02:27.258 +05:30 [INF] [gh1cos1vc7] HTTP GET /api/notifications responded 200 in 1ms [Trace: gh1cos1vc7]
2026-09-28 12:02:30.162 +05:30 [INF] [wqj9jeu6ad] LEAVE_APPLIED. LeaveId: 1, EmployeeId: 6
2026-09-28 12:02:30.169 +05:30 [INF] [wqj9jeu6ad] HTTP POST /api/leaves responded 201 in 182ms [Trace: wqj9jeu6ad]
2026-09-28 12:02:30.198 +05:30 [INF] [f2b92cck5ip] HTTP GET /api/leaves/types responded 200 in 1ms [Trace: f2b92cck5ip]
2026-09-28 12:02:30.201 +05:30 [INF] [lf40szqv3v] HTTP GET /api/leaves responded 200 in 4ms [Trace: lf40szqv3v]
2026-09-28 12:02:32.577 +05:30 [INF] [2gokbl0zqp4] LOGOUT. User 6
2026-09-28 12:02:32.579 +05:30 [INF] [2gokbl0zqp4] HTTP POST /api/auth/logout responded 204 in 10ms [Trace: 2gokbl0zqp4]
2026-09-28 12:02:35.706 +05:30 [INF] [vu3z3crvqib] LOGIN_SUCCESS. User manager@company.com, EmployeeId: 3
2026-09-28 12:02:35.708 +05:30 [INF] [vu3z3crvqib] HTTP POST /api/auth/login responded 200 in 30ms [Trace: vu3z3crvqib]
2026-09-28 12:02:35.742 +05:30 [INF] [9e0ar07cr6b] HTTP GET /api/leaves/types responded 200 in 2ms [Trace: 9e0ar07cr6b]
2026-09-28 12:02:35.747 +05:30 [INF] [qf1o1qdhoko] HTTP GET /api/notifications/unread-count responded 200 in 7ms [Trace: qf1o1qdhoko]
2026-09-28 12:02:35.747 +05:30 [INF] [6o9grnpfkcy] HTTP GET /api/leaves responded 200 in 8ms [Trace: 6o9grnpfkcy]
2026-09-28 12:02:35.774 +05:30 [INF] [gfbzw8eek2] HTTP GET /api/leaves/types responded 200 in 1ms [Trace: gfbzw8eek2]
2026-09-28 12:02:35.777 +05:30 [INF] [qdgfvi5qtim] HTTP GET /api/notifications/unread-count responded 200 in 1ms [Trace: qdgfvi5qtim]
2026-09-28 12:02:35.777 +05:30 [INF] [3ih2evyk6rp] HTTP GET /api/notifications responded 200 in 1ms [Trace: 3ih2evyk6rp]
2026-09-28 12:02:35.782 +05:30 [INF] [lqof8l7uv8a] HTTP GET /api/leaves responded 200 in 1ms [Trace: lqof8l7uv8a]
2026-09-28 12:02:35.794 +05:30 [INF] [6tbv2y2ygb8] HTTP GET /api/notifications responded 200 in 1ms [Trace: 6tbv2y2ygb8]
2026-09-28 12:02:38.678 +05:30 [INF] [b04jjxkgx5e] HTTP PUT /api/leaves/1/approve responded 403 in 8ms [Trace: b04jjxkgx5e]
2026-09-28 12:02:41.251 +05:30 [INF] [pvzd3nst3hj] HTTP PUT /api/leaves/1/reject responded 403 in 6ms [Trace: pvzd3nst3hj]
2026-09-28 12:02:44.998 +05:30 [INF] [acueyrrm7c8] LOGOUT. User 3
2026-09-28 12:02:44.999 +05:30 [INF] [acueyrrm7c8] HTTP POST /api/auth/logout responded 204 in 9ms [Trace: acueyrrm7c8]
2026-09-28 12:02:46.528 +05:30 [INF] [ab39uiek439] LOGIN_SUCCESS. User admin@company.com, EmployeeId: 1
2026-09-28 12:02:46.531 +05:30 [INF] [ab39uiek439] HTTP POST /api/auth/login responded 200 in 31ms [Trace: ab39uiek439]
2026-09-28 12:02:46.561 +05:30 [INF] [d9edu28yi2s] HTTP GET /api/notifications/unread-count responded 200 in 1ms [Trace: d9edu28yi2s]
2026-09-28 12:02:46.561 +05:30 [INF] [h4rpptlkdu] HTTP GET /api/leaves/types responded 200 in 1ms [Trace: h4rpptlkdu]
2026-09-28 12:02:46.562 +05:30 [INF] [s519gw8fm8j] HTTP GET /api/leaves responded 200 in 1ms [Trace: s519gw8fm8j]
2026-09-28 12:02:46.579 +05:30 [INF] [ovt8yrdgtgc] HTTP GET /api/notifications/unread-count responded 200 in 1ms [Trace: ovt8yrdgtgc]
2026-09-28 12:02:46.580 +05:30 [INF] [it6br8fw2y] HTTP GET /api/notifications responded 200 in 1ms [Trace: it6br8fw2y]
2026-09-28 12:02:46.584 +05:30 [INF] [s51f2b8gkw8] HTTP GET /api/leaves/types responded 200 in 1ms [Trace: s51f2b8gkw8]
2026-09-28 12:02:46.588 +05:30 [INF] [b37fdiie3o] HTTP GET /api/leaves responded 200 in 1ms [Trace: b37fdiie3o]
2026-09-28 12:02:46.598 +05:30 [INF] [zivf8koq47] HTTP GET /api/notifications responded 200 in 1ms [Trace: zivf8koq47]
2026-09-28 12:02:48.295 +05:30 [INF] [vxbihlu4eq] LEAVE_STATUS_CHANGED. LeaveId: 1, Status: "Approved", By: 1
2026-09-28 12:02:48.301 +05:30 [INF] [vxbihlu4eq] HTTP PUT /api/leaves/1/approve responded 200 in 104ms [Trace: vxbihlu4eq]
2026-09-28 12:02:48.324 +05:30 [INF] [h6djx92xph] HTTP GET /api/leaves/types responded 200 in 1ms [Trace: h6djx92xph]
2026-09-28 12:02:48.325 +05:30 [INF] [s6yapkj97oc] HTTP GET /api/leaves responded 200 in 2ms [Trace: s6yapkj97oc]
2026-09-28 12:02:51.148 +05:30 [INF] [bi2hf1q2gdv] LOGOUT. User 1
2026-09-28 12:02:51.150 +05:30 [INF] [bi2hf1q2gdv] HTTP POST /api/auth/logout responded 204 in 12ms [Trace: bi2hf1q2gdv]
2026-09-28 12:02:53.357 +05:30 [INF] [4780bwa6rji] LOGIN_SUCCESS. User manager@company.com, EmployeeId: 3
2026-09-28 12:02:53.358 +05:30 [INF] [4780bwa6rji] HTTP POST /api/auth/login responded 200 in 19ms [Trace: 4780bwa6rji]
2026-09-28 12:02:53.383 +05:30 [INF] [9xv58if8n] HTTP GET /api/notifications/unread-count responded 200 in 0ms [Trace: 9xv58if8n]
2026-09-28 12:02:53.383 +05:30 [INF] [qfzjz3l50a] HTTP GET /api/leaves/types responded 200 in 0ms [Trace: qfzjz3l50a]
2026-09-28 12:02:53.383 +05:30 [INF] [6z2cczf8mr9] HTTP GET /api/leaves responded 200 in 1ms [Trace: 6z2cczf8mr9]
2026-09-28 12:02:53.396 +05:30 [INF] [gp962u7mjao] HTTP GET /api/leaves/types responded 200 in 1ms [Trace: gp962u7mjao]
2026-09-28 12:02:53.396 +05:30 [INF] [w5jyrt2q2wi] HTTP GET /api/notifications/unread-count responded 200 in 0ms [Trace: w5jyrt2q2wi]
2026-09-28 12:02:53.397 +05:30 [INF] [666d2wde73o] HTTP GET /api/notifications responded 200 in 0ms [Trace: 666d2wde73o]
2026-09-28 12:02:53.399 +05:30 [INF] [fgm0rvfiow] HTTP GET /api/leaves responded 200 in 1ms [Trace: fgm0rvfiow]
2026-09-28 12:02:53.412 +05:30 [INF] [0a211eyyc2o2] HTTP GET /api/notifications responded 200 in 0ms [Trace: 0a211eyyc2o2]
2026-09-28 12:02:57.468 +05:30 [INF] [2cuo5zmsi87] HTTP GET /api/attendance/today responded 200 in 2ms [Trace: 2cuo5zmsi87]
2026-09-28 12:02:57.494 +05:30 [INF] [culf2uz91ib] HTTP GET /api/attendance/today responded 200 in 2ms [Trace: culf2uz91ib]
2026-09-28 12:02:57.494 +05:30 [INF] [47v7qum08ij] HTTP GET /api/attendance responded 200 in 2ms [Trace: 47v7qum08ij]
2026-09-28 12:02:57.518 +05:30 [INF] [c2ebb9r8hn9] HTTP GET /api/attendance responded 200 in 1ms [Trace: c2ebb9r8hn9]
2026-09-28 12:02:58.668 +05:30 [INF] [dxwsgzbo1q9] HTTP GET /api/leaves/types responded 200 in 1ms [Trace: dxwsgzbo1q9]
2026-09-28 12:02:58.669 +05:30 [INF] [9ugzjmwygm] HTTP GET /api/leaves responded 200 in 1ms [Trace: 9ugzjmwygm]
2026-09-28 12:02:58.678 +05:30 [INF] [rmf484034aq] HTTP GET /api/leaves/types responded 200 in 1ms [Trace: rmf484034aq]
2026-09-28 12:02:58.680 +05:30 [INF] [2k3gcfn0957] HTTP GET /api/leaves responded 200 in 1ms [Trace: 2k3gcfn0957]
2026-09-28 12:03:00.707 +05:30 [INF] [g74gst3arx9] HTTP GET /api/employees responded 403 in 0ms [Trace: g74gst3arx9]
2026-09-28 12:03:00.709 +05:30 [INF] [iy0hj26yca] HTTP GET /api/projects responded 200 in 1ms [Trace: iy0hj26yca]
2026-09-28 12:03:00.721 +05:30 [INF] [63d6lyuttzj] HTTP GET /api/employees responded 403 in 0ms [Trace: 63d6lyuttzj]
2026-09-28 12:03:00.727 +05:30 [INF] [ynsn4dvlpag] HTTP GET /api/projects responded 200 in 2ms [Trace: ynsn4dvlpag]
2026-09-28 12:03:03.661 +05:30 [INF] [6qi3264rv18] LOGOUT. User 3
2026-09-28 12:03:03.665 +05:30 [INF] [6qi3264rv18] HTTP POST /api/auth/logout responded 204 in 13ms [Trace: 6qi3264rv18]
2026-09-28 12:37:03.587 +05:30 [INF] [] Now listening on: http://localhost:5000
2026-09-28 12:37:03.633 +05:30 [INF] [] Application started. Press Ctrl+C to shut down.
2026-09-28 12:37:03.634 +05:30 [INF] [] Hosting environment: Development
2026-09-28 12:37:03.634 +05:30 [INF] [] Content root path: C:\Users\sairajk\.gemini\antigravity\scratch\EMS\src\EMS.API
2026-09-28 12:37:22.100 +05:30 [WRN] [9kis7bynmow] Compiling a query which loads related collections for more than one collection navigation, either via 'Include' or through projection, but no 'QuerySplittingBehavior' has been configured. By default, Entity Framework will use 'QuerySplittingBehavior.SingleQuery', which can potentially result in slow query performance. See https://go.microsoft.com/fwlink/?linkid=2134277 for more information. To identify the query that's triggering this warning call 'ConfigureWarnings(w => w.Throw(RelationalEventId.MultipleCollectionIncludeWarning))'.
2026-09-28 12:37:22.533 +05:30 [INF] [9kis7bynmow] LOGIN_SUCCESS. User admin@company.com, EmployeeId: 1
2026-09-28 12:37:22.568 +05:30 [INF] [9kis7bynmow] HTTP POST /api/auth/login responded 200 in 709ms [Trace: 9kis7bynmow]
2026-09-28 12:37:22.771 +05:30 [INF] [f7hptaol9oe] HTTP GET /api/notifications/unread-count responded 200 in 158ms [Trace: f7hptaol9oe]
2026-09-28 12:37:22.825 +05:30 [INF] [nm1kddsum5p] HTTP GET /api/employees responded 200 in 202ms [Trace: nm1kddsum5p]
2026-09-28 12:37:22.826 +05:30 [INF] [xkeeijbasz] HTTP GET /api/notifications/unread-count responded 200 in 16ms [Trace: xkeeijbasz]
2026-09-28 12:37:22.839 +05:30 [INF] [br0lj66ltp6] HTTP GET /api/notifications responded 200 in 29ms [Trace: br0lj66ltp6]
2026-09-28 12:37:22.846 +05:30 [INF] [scd6s8803id] HTTP GET /api/employees responded 200 in 4ms [Trace: scd6s8803id]
2026-09-28 12:37:22.857 +05:30 [INF] [y99dp8xv52] HTTP GET /api/notifications responded 200 in 2ms [Trace: y99dp8xv52]
2026-09-28 12:37:22.879 +05:30 [INF] [lx8yifk26nc] HTTP GET /api/departments responded 200 in 36ms [Trace: lx8yifk26nc]
2026-09-28 12:37:22.898 +05:30 [INF] [kukkzgavle] HTTP GET /api/departments responded 200 in 4ms [Trace: kukkzgavle]
2026-09-28 12:37:22.941 +05:30 [INF] [1vt4sswjqg7] HTTP GET /api/leaves responded 200 in 46ms [Trace: 1vt4sswjqg7]
2026-09-28 12:37:22.968 +05:30 [INF] [penawgebseo] HTTP GET /api/leaves responded 200 in 6ms [Trace: penawgebseo]
2026-09-28 12:37:22.988 +05:30 [INF] [25qc5lsc66l] HTTP GET /api/attendance/today responded 200 in 25ms [Trace: 25qc5lsc66l]
2026-09-28 12:37:23.011 +05:30 [INF] [jsxpdxrv94] HTTP GET /api/attendance/today responded 200 in 3ms [Trace: jsxpdxrv94]
2026-09-28 12:37:25.659 +05:30 [INF] [aua2pxjyqb] HTTP GET /api/departments responded 200 in 9ms [Trace: aua2pxjyqb]
2026-09-28 12:37:25.659 +05:30 [INF] [kyum8cegtss] HTTP GET /api/employees responded 200 in 10ms [Trace: kyum8cegtss]
2026-09-28 12:37:25.671 +05:30 [INF] [y4ywk62fgl] HTTP GET /api/positions responded 200 in 21ms [Trace: y4ywk62fgl]
2026-09-28 12:37:25.671 +05:30 [INF] [prmu22q1xd] HTTP GET /api/departments responded 200 in 2ms [Trace: prmu22q1xd]
2026-09-28 12:37:25.679 +05:30 [INF] [9vb7ysweo4l] HTTP GET /api/employees responded 200 in 3ms [Trace: 9vb7ysweo4l]
2026-09-28 12:37:25.684 +05:30 [INF] [cdfg4o2g3fb] HTTP GET /api/positions responded 200 in 2ms [Trace: cdfg4o2g3fb]
2026-09-28 12:37:29.919 +05:30 [INF] [3ixoxgkxr23] HTTP GET /api/employees responded 200 in 27ms [Trace: 3ixoxgkxr23]
2026-09-28 12:37:31.088 +05:30 [INF] [s347azy5ptp] HTTP GET /api/employees responded 200 in 5ms [Trace: s347azy5ptp]
2026-09-28 12:37:33.155 +05:30 [INF] [fvyehbjabuo] HTTP GET /api/departments responded 200 in 2ms [Trace: fvyehbjabuo]
2026-09-28 12:37:33.165 +05:30 [INF] [142am6zm8frn] HTTP GET /api/departments responded 200 in 2ms [Trace: 142am6zm8frn]
2026-09-28 12:37:38.214 +05:30 [INF] [3v2y02xgpru] HTTP GET /api/positions responded 200 in 4ms [Trace: 3v2y02xgpru]
2026-09-28 12:37:38.228 +05:30 [INF] [e25ve191xe] HTTP GET /api/positions responded 200 in 2ms [Trace: e25ve191xe]
2026-09-28 12:37:41.506 +05:30 [INF] [xlhuxs4pzue] HTTP GET /api/attendance/today responded 200 in 5ms [Trace: xlhuxs4pzue]
2026-09-28 12:37:41.525 +05:30 [INF] [z6nz0vub37f] HTTP GET /api/attendance/today responded 200 in 2ms [Trace: z6nz0vub37f]
2026-09-28 12:37:41.557 +05:30 [INF] [5dtra87zgyf] HTTP GET /api/attendance responded 200 in 34ms [Trace: 5dtra87zgyf]
2026-09-28 12:37:41.581 +05:30 [INF] [nnhr461xmlb] HTTP GET /api/attendance responded 200 in 4ms [Trace: nnhr461xmlb]
2026-09-28 12:37:44.696 +05:30 [INF] [if6wf94xiq] HTTP GET /api/leaves/types responded 200 in 18ms [Trace: if6wf94xiq]
2026-09-28 12:37:44.704 +05:30 [INF] [f69ma429gt] HTTP GET /api/leaves responded 200 in 26ms [Trace: f69ma429gt]
2026-09-28 12:37:44.709 +05:30 [INF] [aq6wqa7khtl] HTTP GET /api/leaves/types responded 200 in 1ms [Trace: aq6wqa7khtl]
2026-09-28 12:37:44.717 +05:30 [INF] [5dblvhbwk88] HTTP GET /api/leaves responded 200 in 2ms [Trace: 5dblvhbwk88]
2026-09-28 12:37:50.522 +05:30 [INF] [jh26aufozke] HTTP GET /api/employees responded 200 in 5ms [Trace: jh26aufozke]
2026-09-28 12:37:50.541 +05:30 [INF] [lx1v0i3pzu] HTTP GET /api/employees responded 200 in 2ms [Trace: lx1v0i3pzu]
2026-09-28 12:37:50.556 +05:30 [INF] [jof3s77a0w] HTTP GET /api/projects responded 200 in 40ms [Trace: jof3s77a0w]
2026-09-28 12:37:50.571 +05:30 [INF] [p4jbz4u0qas] HTTP GET /api/projects responded 200 in 2ms [Trace: p4jbz4u0qas]
2026-09-28 12:37:52.630 +05:30 [INF] [pur5p106dpb] HTTP GET /api/notifications/unread-count responded 200 in 3ms [Trace: pur5p106dpb]
2026-09-28 12:37:52.649 +05:30 [INF] [xnjsxwp0aka] HTTP GET /api/notifications responded 200 in 3ms [Trace: xnjsxwp0aka]
2026-09-28 12:37:54.567 +05:30 [INF] [sbjvwb73dpf] HTTP GET /api/employees responded 200 in 3ms [Trace: sbjvwb73dpf]
2026-09-28 12:37:54.580 +05:30 [INF] [jmml9gxsme] HTTP GET /api/employees responded 200 in 2ms [Trace: jmml9gxsme]
2026-09-28 12:37:54.602 +05:30 [INF] [9eh0u5p01qh] HTTP GET /api/employees/1/salary responded 200 in 37ms [Trace: 9eh0u5p01qh]
2026-09-28 12:37:54.618 +05:30 [INF] [qvf68p088u] HTTP GET /api/employees/1/salary responded 200 in 2ms [Trace: qvf68p088u]
2026-09-28 12:37:56.337 +05:30 [INF] [pa223fjqrnf] HTTP GET /api/employees/1/payslips responded 200 in 28ms [Trace: pa223fjqrnf]
2026-09-28 12:37:56.357 +05:30 [INF] [15aj3om5shw] HTTP GET /api/employees/1/payslips responded 200 in 2ms [Trace: 15aj3om5shw]
2026-09-28 12:37:58.604 +05:30 [INF] [9hbbqd01u4] HTTP GET /api/auth/users responded 200 in 37ms [Trace: 9hbbqd01u4]
2026-09-28 12:37:58.627 +05:30 [INF] [3c61tamhwkn] HTTP GET /api/auth/users responded 200 in 3ms [Trace: 3c61tamhwkn]
2026-09-28 12:38:04.162 +05:30 [INF] [klzp4zcp02c] HTTP GET /api/auth/roles responded 200 in 31ms [Trace: klzp4zcp02c]
2026-09-28 12:38:04.184 +05:30 [INF] [rryuqnfbgp] HTTP GET /api/auth/roles responded 200 in 2ms [Trace: rryuqnfbgp]
2026-09-28 12:38:06.648 +05:30 [INF] [i7x7lpj91gb] HTTP GET /api/audit-logs responded 200 in 39ms [Trace: i7x7lpj91gb]
2026-09-28 12:38:06.679 +05:30 [INF] [r6oxee73eai] HTTP GET /api/audit-logs responded 200 in 3ms [Trace: r6oxee73eai]
2026-09-28 12:38:22.632 +05:30 [INF] [n5nxthxxq3a] HTTP GET /api/notifications/unread-count responded 200 in 4ms [Trace: n5nxthxxq3a]
2026-09-28 12:38:22.659 +05:30 [INF] [jyycmporr6] HTTP GET /api/notifications responded 200 in 1ms [Trace: jyycmporr6]
2026-09-28 12:38:28.633 +05:30 [INF] [pe4yprhm7n] HTTP GET /api/auth/roles responded 200 in 4ms [Trace: pe4yprhm7n]
2026-09-28 12:38:28.653 +05:30 [INF] [fgwdt0dejst] HTTP GET /api/auth/roles responded 200 in 4ms [Trace: fgwdt0dejst]
2026-09-28 12:38:34.713 +05:30 [INF] [f321t4wz4dk] HTTP GET /api/auth/users responded 200 in 4ms [Trace: f321t4wz4dk]
2026-09-28 12:38:34.733 +05:30 [INF] [ib1z67lfmy] HTTP GET /api/auth/users responded 200 in 3ms [Trace: ib1z67lfmy]
2026-09-28 12:38:39.222 +05:30 [INF] [hft6pnljdmn] HTTP GET /api/reports/employees-by-department responded 200 in 51ms [Trace: hft6pnljdmn]
2026-09-28 12:38:39.224 +05:30 [INF] [dxp5kt861hf] HTTP GET /api/reports/project-allocation responded 200 in 53ms [Trace: dxp5kt861hf]
2026-09-28 12:38:39.227 +05:30 [INF] [vi6ci5mmj8d] HTTP GET /api/reports/leave-utilization responded 200 in 55ms [Trace: vi6ci5mmj8d]
2026-09-28 12:38:39.236 +05:30 [INF] [0sad4s8gm5l] HTTP GET /api/reports/payroll-summary responded 200 in 63ms [Trace: 0sad4s8gm5l]
2026-09-28 12:38:39.243 +05:30 [INF] [f1t73c6ifd4] HTTP GET /api/reports/project-allocation responded 200 in 1ms [Trace: f1t73c6ifd4]
2026-09-28 12:38:39.243 +05:30 [INF] [6t79wnh9g3k] HTTP GET /api/reports/employees-by-department responded 200 in 1ms [Trace: 6t79wnh9g3k]
2026-09-28 12:38:39.248 +05:30 [INF] [w7g2mv89v6] HTTP GET /api/reports/leave-utilization responded 200 in 3ms [Trace: w7g2mv89v6]
2026-09-28 12:38:39.251 +05:30 [INF] [5at649yz0kh] HTTP GET /api/reports/payroll-summary responded 200 in 1ms [Trace: 5at649yz0kh]
2026-09-28 12:38:42.299 +05:30 [WRN] [8eiuwpgey8w] Compiling a query which loads related collections for more than one collection navigation, either via 'Include' or through projection, but no 'QuerySplittingBehavior' has been configured. By default, Entity Framework will use 'QuerySplittingBehavior.SingleQuery', which can potentially result in slow query performance. See https://go.microsoft.com/fwlink/?linkid=2134277 for more information. To identify the query that's triggering this warning call 'ConfigureWarnings(w => w.Throw(RelationalEventId.MultipleCollectionIncludeWarning))'.
2026-09-28 12:38:42.368 +05:30 [INF] [8eiuwpgey8w] LOGOUT. User 1
2026-09-28 12:38:42.373 +05:30 [INF] [8eiuwpgey8w] HTTP POST /api/auth/logout responded 204 in 94ms [Trace: 8eiuwpgey8w]
2026-09-28 12:38:47.969 +05:30 [INF] [wyd5nz8dos] LOGIN_SUCCESS. User hr@company.com, EmployeeId: 2
2026-09-28 12:38:47.970 +05:30 [INF] [wyd5nz8dos] HTTP POST /api/auth/login responded 200 in 30ms [Trace: wyd5nz8dos]
2026-09-28 12:38:48.011 +05:30 [INF] [kp5dz35ueie] HTTP GET /api/notifications/unread-count responded 200 in 7ms [Trace: kp5dz35ueie]
2026-09-28 12:38:48.037 +05:30 [INF] [i4qpd6yx8wi] HTTP GET /api/reports/employees-by-department responded 200 in 34ms [Trace: i4qpd6yx8wi]
2026-09-28 12:38:48.064 +05:30 [INF] [5gyt7kz3h29] HTTP GET /api/notifications/unread-count responded 200 in 1ms [Trace: 5gyt7kz3h29]
2026-09-28 12:38:48.064 +05:30 [INF] [4hicf00ihx1] HTTP GET /api/reports/employees-by-department responded 200 in 1ms [Trace: 4hicf00ihx1]
2026-09-28 12:38:48.084 +05:30 [INF] [8qoq0mw3qgi] HTTP GET /api/reports/leave-utilization responded 200 in 80ms [Trace: 8qoq0mw3qgi]
2026-09-28 12:38:48.093 +05:30 [INF] [njbg143k2ul] HTTP GET /api/reports/payroll-summary responded 200 in 90ms [Trace: njbg143k2ul]
2026-09-28 12:38:48.098 +05:30 [INF] [up4p0u08xyf] HTTP GET /api/notifications responded 200 in 34ms [Trace: up4p0u08xyf]
2026-09-28 12:38:48.099 +05:30 [INF] [ggp7m66x498] HTTP GET /api/reports/leave-utilization responded 200 in 3ms [Trace: ggp7m66x498]
2026-09-28 12:38:48.108 +05:30 [INF] [r0ihgcbt8h8] HTTP GET /api/reports/payroll-summary responded 200 in 1ms [Trace: r0ihgcbt8h8]
2026-09-28 12:38:48.113 +05:30 [INF] [5rfcyfm6gyc] HTTP GET /api/notifications responded 200 in 1ms [Trace: 5rfcyfm6gyc]
2026-09-28 12:38:48.191 +05:30 [INF] [keq052l6r37] HTTP GET /api/reports/project-allocation responded 200 in 187ms [Trace: keq052l6r37]
2026-09-28 12:38:48.216 +05:30 [INF] [jrvl4dc80h7] HTTP GET /api/reports/project-allocation responded 200 in 5ms [Trace: jrvl4dc80h7]
2026-09-28 12:38:50.073 +05:30 [INF] [vobwsg9l0e] HTTP GET /api/employees responded 200 in 3ms [Trace: vobwsg9l0e]
2026-09-28 12:38:50.094 +05:30 [INF] [i020vbtew9] HTTP GET /api/departments responded 200 in 2ms [Trace: i020vbtew9]
2026-09-28 12:38:50.094 +05:30 [INF] [p4y4dwcz7v] HTTP GET /api/employees responded 200 in 2ms [Trace: p4y4dwcz7v]
2026-09-28 12:38:50.111 +05:30 [INF] [8vpmqrboqwp] HTTP GET /api/leaves responded 200 in 1ms [Trace: 8vpmqrboqwp]
2026-09-28 12:38:50.112 +05:30 [INF] [t74cehez0u] HTTP GET /api/departments responded 200 in 2ms [Trace: t74cehez0u]
2026-09-28 12:38:50.126 +05:30 [INF] [6tirmysep48] HTTP GET /api/leaves responded 200 in 1ms [Trace: 6tirmysep48]
2026-09-28 12:38:50.136 +05:30 [INF] [zuxx24wwv] HTTP GET /api/attendance/today responded 200 in 11ms [Trace: zuxx24wwv]
2026-09-28 12:38:50.148 +05:30 [INF] [1bcgv3ur3hn] HTTP GET /api/attendance/today responded 200 in 1ms [Trace: 1bcgv3ur3hn]
2026-09-28 12:38:51.554 +05:30 [INF] [0kqmh2c8tnel] HTTP GET /api/audit-logs responded 200 in 4ms [Trace: 0kqmh2c8tnel]
2026-09-28 12:38:51.574 +05:30 [INF] [csdnruo686p] HTTP GET /api/audit-logs responded 200 in 2ms [Trace: csdnruo686p]
2026-09-28 12:38:52.678 +05:30 [INF] [e67dqr5aq29] HTTP GET /api/employees/2/payslips responded 200 in 2ms [Trace: e67dqr5aq29]
2026-09-28 12:38:52.701 +05:30 [INF] [0zjrkn74v3rk] HTTP GET /api/employees/2/payslips responded 200 in 2ms [Trace: 0zjrkn74v3rk]
2026-09-28 12:38:53.864 +05:30 [INF] [i5rf5cr98bm] HTTP GET /api/employees/1/salary responded 200 in 2ms [Trace: i5rf5cr98bm]
2026-09-28 12:38:53.865 +05:30 [INF] [l7m24kla67c] HTTP GET /api/employees responded 200 in 3ms [Trace: l7m24kla67c]
2026-09-28 12:38:53.884 +05:30 [INF] [4jjn0848qdc] HTTP GET /api/employees/1/salary responded 200 in 2ms [Trace: 4jjn0848qdc]
2026-09-28 12:38:53.888 +05:30 [INF] [9nftzhj4d3v] HTTP GET /api/employees responded 200 in 2ms [Trace: 9nftzhj4d3v]
2026-09-28 12:38:57.188 +05:30 [INF] [hntkc20fl1r] HTTP GET /api/employees/2/salary responded 200 in 2ms [Trace: hntkc20fl1r]
2026-09-28 12:38:57.713 +05:30 [INF] [msn93la3nbh] HTTP GET /api/employees/3/salary responded 200 in 2ms [Trace: msn93la3nbh]
2026-09-28 12:38:58.335 +05:30 [INF] [fxcwgj5f7be] HTTP GET /api/employees/5/salary responded 200 in 4ms [Trace: fxcwgj5f7be]
2026-09-28 12:39:02.808 +05:30 [INF] [8go4teh61p6] HTTP GET /api/departments responded 200 in 2ms [Trace: 8go4teh61p6]
2026-09-28 12:39:02.823 +05:30 [INF] [cm4y5dk4hqn] HTTP GET /api/departments responded 200 in 2ms [Trace: cm4y5dk4hqn]
2026-09-28 12:39:03.377 +05:30 [INF] [8agb9n9s5rx] HTTP GET /api/positions responded 200 in 2ms [Trace: 8agb9n9s5rx]
2026-09-28 12:39:03.377 +05:30 [INF] [i4p2cpryz5] HTTP GET /api/departments responded 200 in 2ms [Trace: i4p2cpryz5]
2026-09-28 12:39:03.378 +05:30 [INF] [airo7sp7vze] HTTP GET /api/employees responded 200 in 3ms [Trace: airo7sp7vze]
2026-09-28 12:39:03.397 +05:30 [INF] [zq4keftx7w] HTTP GET /api/positions responded 200 in 1ms [Trace: zq4keftx7w]
2026-09-28 12:39:03.397 +05:30 [INF] [d2ynov305wk] HTTP GET /api/departments responded 200 in 1ms [Trace: d2ynov305wk]
2026-09-28 12:39:03.406 +05:30 [INF] [8qq2cfr9p4q] HTTP GET /api/employees responded 200 in 2ms [Trace: 8qq2cfr9p4q]
2026-09-28 12:39:04.934 +05:30 [INF] [scb2th66yw] HTTP GET /api/departments responded 200 in 2ms [Trace: scb2th66yw]
2026-09-28 12:39:04.950 +05:30 [INF] [o60d3f0job] HTTP GET /api/departments responded 200 in 2ms [Trace: o60d3f0job]
2026-09-28 12:39:07.412 +05:30 [INF] [nar06bljdv] HTTP GET /api/positions responded 200 in 1ms [Trace: nar06bljdv]
2026-09-28 12:39:07.426 +05:30 [INF] [5jc0kfiishw] HTTP GET /api/positions responded 200 in 1ms [Trace: 5jc0kfiishw]
2026-09-28 12:39:08.416 +05:30 [INF] [jj1xmhji2ob] HTTP GET /api/departments responded 200 in 2ms [Trace: jj1xmhji2ob]
2026-09-28 12:39:08.435 +05:30 [INF] [6uco73zpsfq] HTTP GET /api/departments responded 200 in 2ms [Trace: 6uco73zpsfq]
2026-09-28 12:39:08.859 +05:30 [INF] [wyejt652nv] HTTP GET /api/positions responded 200 in 1ms [Trace: wyejt652nv]
2026-09-28 12:39:08.859 +05:30 [INF] [ovwqjpiexkq] HTTP GET /api/departments responded 200 in 1ms [Trace: ovwqjpiexkq]
2026-09-28 12:39:08.860 +05:30 [INF] [0v0rzepeu0n] HTTP GET /api/employees responded 200 in 2ms [Trace: 0v0rzepeu0n]
2026-09-28 12:39:08.869 +05:30 [INF] [eqd3k2eype] HTTP GET /api/positions responded 200 in 1ms [Trace: eqd3k2eype]
2026-09-28 12:39:08.871 +05:30 [INF] [4hrlb5slzjm] HTTP GET /api/departments responded 200 in 1ms [Trace: 4hrlb5slzjm]
2026-09-28 12:39:08.874 +05:30 [INF] [p3l384zrk6] HTTP GET /api/employees responded 200 in 1ms [Trace: p3l384zrk6]
2026-09-28 12:39:16.735 +05:30 [INF] [uqfo5rsdu9l] LOGOUT. User 2
2026-09-28 12:39:16.739 +05:30 [INF] [uqfo5rsdu9l] HTTP POST /api/auth/logout responded 204 in 19ms [Trace: uqfo5rsdu9l]
2026-09-28 12:39:19.047 +05:30 [INF] [m1xpq6h4gxc] LOGIN_SUCCESS. User manager@company.com, EmployeeId: 3
2026-09-28 12:39:19.049 +05:30 [INF] [m1xpq6h4gxc] HTTP POST /api/auth/login responded 200 in 30ms [Trace: m1xpq6h4gxc]
2026-09-28 12:39:19.080 +05:30 [INF] [z97748romdl] HTTP GET /api/positions responded 200 in 0ms [Trace: z97748romdl]
2026-09-28 12:39:19.082 +05:30 [INF] [x8y74j50cos] HTTP GET /api/notifications/unread-count responded 200 in 2ms [Trace: x8y74j50cos]
2026-09-28 12:39:19.080 +05:30 [INF] [h9m472l95s] HTTP GET /api/departments responded 200 in 1ms [Trace: h9m472l95s]
2026-09-28 12:39:19.086 +05:30 [INF] [phoysfiwbdi] HTTP GET /api/employees responded 403 in 6ms [Trace: phoysfiwbdi]
2026-09-28 12:39:19.099 +05:30 [INF] [yp9z91950ng] HTTP GET /api/positions responded 200 in 1ms [Trace: yp9z91950ng]
2026-09-28 12:39:19.099 +05:30 [INF] [0siv6k1klg9] HTTP GET /api/notifications/unread-count responded 200 in 0ms [Trace: 0siv6k1klg9]
2026-09-28 12:39:19.099 +05:30 [INF] [p9oowaj0fxn] HTTP GET /api/notifications responded 200 in 0ms [Trace: p9oowaj0fxn]
2026-09-28 12:39:19.102 +05:30 [INF] [jzp1ub6qppg] HTTP GET /api/departments responded 200 in 1ms [Trace: jzp1ub6qppg]
2026-09-28 12:39:19.102 +05:30 [INF] [8r2djkbs97k] HTTP GET /api/employees responded 403 in 0ms [Trace: 8r2djkbs97k]
2026-09-28 12:39:19.116 +05:30 [INF] [d4e5fdw13wf] HTTP GET /api/notifications responded 200 in 1ms [Trace: d4e5fdw13wf]
2026-09-28 12:39:20.849 +05:30 [INF] [i3akntbqide] HTTP GET /api/employees responded 403 in 0ms [Trace: i3akntbqide]
2026-09-28 12:39:20.864 +05:30 [INF] [0w2fp4ehuqwa] HTTP GET /api/employees responded 403 in 0ms [Trace: 0w2fp4ehuqwa]
2026-09-28 12:39:21.929 +05:30 [INF] [zs4ruezkdfn] HTTP GET /api/employees responded 403 in 0ms [Trace: zs4ruezkdfn]
2026-09-28 12:39:21.930 +05:30 [INF] [7l0htpqhiqh] HTTP GET /api/positions responded 200 in 1ms [Trace: 7l0htpqhiqh]
2026-09-28 12:39:21.930 +05:30 [INF] [4mr0z6tbk5k] HTTP GET /api/departments responded 200 in 2ms [Trace: 4mr0z6tbk5k]
2026-09-28 12:39:21.939 +05:30 [INF] [cvhh2neboy9] HTTP GET /api/employees responded 403 in 0ms [Trace: cvhh2neboy9]
2026-09-28 12:39:21.941 +05:30 [INF] [9zo87p7h27a] HTTP GET /api/positions responded 200 in 0ms [Trace: 9zo87p7h27a]
2026-09-28 12:39:21.945 +05:30 [INF] [zkn3m4ox208] HTTP GET /api/departments responded 200 in 1ms [Trace: zkn3m4ox208]
2026-09-28 12:39:23.686 +05:30 [INF] [x4zcsgg9o4] HTTP GET /api/employees responded 403 in 0ms [Trace: x4zcsgg9o4]
2026-09-28 12:39:24.662 +05:30 [INF] [fqk67zjey84] HTTP GET /api/employees responded 403 in 0ms [Trace: fqk67zjey84]
2026-09-28 12:39:24.676 +05:30 [INF] [madicymx81a] HTTP GET /api/employees responded 403 in 0ms [Trace: madicymx81a]
2026-09-28 12:39:25.288 +05:30 [INF] [ii998mzciog] HTTP GET /api/departments responded 200 in 2ms [Trace: ii998mzciog]
2026-09-28 12:39:25.304 +05:30 [INF] [796bwvtthfy] HTTP GET /api/departments responded 200 in 2ms [Trace: 796bwvtthfy]
2026-09-28 12:39:25.949 +05:30 [INF] [upezcl01ret] HTTP GET /api/employees responded 403 in 0ms [Trace: upezcl01ret]
2026-09-28 12:39:25.950 +05:30 [INF] [y60ac3rwg5o] HTTP GET /api/positions responded 200 in 1ms [Trace: y60ac3rwg5o]
2026-09-28 12:39:25.950 +05:30 [INF] [ivkfmrwe9js] HTTP GET /api/departments responded 200 in 1ms [Trace: ivkfmrwe9js]
2026-09-28 12:39:25.960 +05:30 [INF] [rtirdsnzmt8] HTTP GET /api/employees responded 403 in 0ms [Trace: rtirdsnzmt8]
2026-09-28 12:39:25.964 +05:30 [INF] [fpzfpk94lhn] HTTP GET /api/positions responded 200 in 1ms [Trace: fpzfpk94lhn]
2026-09-28 12:39:25.966 +05:30 [INF] [vt0j99dl8yk] HTTP GET /api/departments responded 200 in 1ms [Trace: vt0j99dl8yk]
2026-09-28 12:39:32.060 +05:30 [INF] [r927jgtzezn] HTTP GET /api/positions responded 200 in 1ms [Trace: r927jgtzezn]
2026-09-28 12:39:32.074 +05:30 [INF] [wzqh0u9z9yr] HTTP GET /api/positions responded 200 in 1ms [Trace: wzqh0u9z9yr]
2026-09-28 12:39:32.568 +05:30 [INF] [1e07m94zthb] HTTP GET /api/departments responded 200 in 3ms [Trace: 1e07m94zthb]
2026-09-28 12:39:32.583 +05:30 [INF] [453p9xwwzy8] HTTP GET /api/departments responded 200 in 2ms [Trace: 453p9xwwzy8]
2026-09-28 12:39:33.105 +05:30 [INF] [9pbau437wx] HTTP GET /api/positions responded 200 in 1ms [Trace: 9pbau437wx]
2026-09-28 12:39:33.105 +05:30 [INF] [l6q3dch974r] HTTP GET /api/employees responded 403 in 1ms [Trace: l6q3dch974r]
2026-09-28 12:39:33.106 +05:30 [INF] [qsby6fnn6k8] HTTP GET /api/departments responded 200 in 2ms [Trace: qsby6fnn6k8]
2026-09-28 12:39:33.122 +05:30 [INF] [1hm40kxi35y] HTTP GET /api/positions responded 200 in 1ms [Trace: 1hm40kxi35y]
2026-09-28 12:39:33.125 +05:30 [INF] [nmn2gcepdo] HTTP GET /api/employees responded 403 in 0ms [Trace: nmn2gcepdo]
2026-09-28 12:39:33.129 +05:30 [INF] [01676pxrw8xdd] HTTP GET /api/departments responded 200 in 1ms [Trace: 01676pxrw8xdd]
2026-09-28 12:39:34.124 +05:30 [INF] [yuvfwwjb3us] HTTP GET /api/employees responded 403 in 0ms [Trace: yuvfwwjb3us]
2026-09-28 12:39:34.134 +05:30 [INF] [awgvlkfqmxg] HTTP GET /api/employees responded 403 in 0ms [Trace: awgvlkfqmxg]
2026-09-28 12:39:35.159 +05:30 [INF] [exshjorhvdl] HTTP GET /api/departments responded 200 in 2ms [Trace: exshjorhvdl]
2026-09-28 12:39:35.178 +05:30 [INF] [y2g6p9mc2ek] HTTP GET /api/departments responded 200 in 1ms [Trace: y2g6p9mc2ek]
2026-09-28 12:39:36.466 +05:30 [INF] [175wi0v9u4m] HTTP GET /api/positions responded 200 in 1ms [Trace: 175wi0v9u4m]
2026-09-28 12:39:36.479 +05:30 [INF] [tdq1ejbf67] HTTP GET /api/positions responded 200 in 1ms [Trace: tdq1ejbf67]
2026-09-28 12:39:37.285 +05:30 [INF] [jx4ayv0gwy] HTTP GET /api/departments responded 200 in 2ms [Trace: jx4ayv0gwy]
2026-09-28 12:39:37.305 +05:30 [INF] [y37jd9djjw] HTTP GET /api/departments responded 200 in 2ms [Trace: y37jd9djjw]
2026-09-28 12:39:38.510 +05:30 [INF] [20h6d08pl16] HTTP GET /api/employees responded 403 in 0ms [Trace: 20h6d08pl16]
2026-09-28 12:39:38.511 +05:30 [INF] [9zykqfdcok6] HTTP GET /api/positions responded 200 in 1ms [Trace: 9zykqfdcok6]
2026-09-28 12:39:38.511 +05:30 [INF] [jigl8moui6f] HTTP GET /api/departments responded 200 in 1ms [Trace: jigl8moui6f]
2026-09-28 12:39:38.521 +05:30 [INF] [w2p5zgmb44] HTTP GET /api/employees responded 403 in 1ms [Trace: w2p5zgmb44]
2026-09-28 12:39:38.525 +05:30 [INF] [y9j07szl91] HTTP GET /api/positions responded 200 in 1ms [Trace: y9j07szl91]
2026-09-28 12:39:38.529 +05:30 [INF] [wxbz7ya5jl] HTTP GET /api/departments responded 200 in 1ms [Trace: wxbz7ya5jl]
2026-09-28 12:39:39.319 +05:30 [INF] [ar72p1gpw8e] HTTP GET /api/departments responded 200 in 2ms [Trace: ar72p1gpw8e]
2026-09-28 12:39:39.337 +05:30 [INF] [13vx1fl63p1m] HTTP GET /api/departments responded 200 in 2ms [Trace: 13vx1fl63p1m]
2026-09-28 12:39:41.707 +05:30 [INF] [tuo9hvouell] HTTP GET /api/positions responded 200 in 1ms [Trace: tuo9hvouell]
2026-09-28 12:39:41.727 +05:30 [INF] [xhqumbm277] HTTP GET /api/positions responded 200 in 1ms [Trace: xhqumbm277]
2026-09-28 12:39:43.387 +05:30 [INF] [7r9a2e2cqif] HTTP GET /api/employees responded 403 in 0ms [Trace: 7r9a2e2cqif]
2026-09-28 12:39:43.388 +05:30 [INF] [nyjdqey67kj] HTTP GET /api/positions responded 200 in 1ms [Trace: nyjdqey67kj]
2026-09-28 12:39:43.389 +05:30 [INF] [xx8y88yh41] HTTP GET /api/departments responded 200 in 2ms [Trace: xx8y88yh41]
2026-09-28 12:39:43.399 +05:30 [INF] [f6zu696krej] HTTP GET /api/employees responded 403 in 0ms [Trace: f6zu696krej]
2026-09-28 12:39:43.401 +05:30 [INF] [cskb5rau3r5] HTTP GET /api/departments responded 200 in 1ms [Trace: cskb5rau3r5]
2026-09-28 12:39:43.403 +05:30 [INF] [l0ypbo3anfl] HTTP GET /api/positions responded 200 in 3ms [Trace: l0ypbo3anfl]
2026-09-28 12:39:44.857 +05:30 [INF] [kckjs1ksin] HTTP GET /api/employees responded 403 in 0ms [Trace: kckjs1ksin]
2026-09-28 12:39:46.876 +05:30 [INF] [kyynpoj4yt8] HTTP GET /api/attendance/today responded 200 in 1ms [Trace: kyynpoj4yt8]
2026-09-28 12:39:46.897 +05:30 [INF] [47sxnf0bs6s] HTTP GET /api/attendance/today responded 200 in 2ms [Trace: 47sxnf0bs6s]
2026-09-28 12:39:46.897 +05:30 [INF] [8hocg8cqjw5] HTTP GET /api/attendance responded 200 in 2ms [Trace: 8hocg8cqjw5]
2026-09-28 12:39:46.922 +05:30 [INF] [vllixbn1g1s] HTTP GET /api/attendance responded 200 in 2ms [Trace: vllixbn1g1s]
2026-09-28 12:39:49.093 +05:30 [INF] [ysgdb6cl3oh] HTTP GET /api/notifications/unread-count responded 200 in 1ms [Trace: ysgdb6cl3oh]
2026-09-28 12:39:49.102 +05:30 [INF] [e0a5q9o0gt] HTTP GET /api/notifications responded 200 in 1ms [Trace: e0a5q9o0gt]
2026-09-28 12:39:50.080 +05:30 [INF] [xxvjfr9zh8q] HTTP GET /api/leaves/types responded 200 in 2ms [Trace: xxvjfr9zh8q]
2026-09-28 12:39:50.080 +05:30 [INF] [uld1iwjq6mf] HTTP GET /api/leaves responded 200 in 2ms [Trace: uld1iwjq6mf]
2026-09-28 12:39:50.098 +05:30 [INF] [u9dn3s1mpii] HTTP GET /api/leaves/types responded 200 in 1ms [Trace: u9dn3s1mpii]
2026-09-28 12:39:50.099 +05:30 [INF] [swi9pilde3] HTTP GET /api/leaves responded 200 in 2ms [Trace: swi9pilde3]
2026-09-28 12:39:50.597 +05:30 [INF] [kpc0180afx] HTTP GET /api/employees responded 403 in 0ms [Trace: kpc0180afx]
2026-09-28 12:39:50.601 +05:30 [INF] [mkitel7mbg8] HTTP GET /api/projects responded 200 in 4ms [Trace: mkitel7mbg8]
2026-09-28 12:39:50.614 +05:30 [INF] [5v36a7he9zi] HTTP GET /api/employees responded 403 in 0ms [Trace: 5v36a7he9zi]
2026-09-28 12:39:50.625 +05:30 [INF] [h38seb3kpgf] HTTP GET /api/projects responded 200 in 3ms [Trace: h38seb3kpgf]
2026-09-28 12:40:01.810 +05:30 [INF] [42ep5rgdvam] HTTP GET /api/employees responded 403 in 0ms [Trace: 42ep5rgdvam]
2026-09-28 12:40:01.811 +05:30 [INF] [xgstvy7klmg] HTTP GET /api/positions responded 200 in 1ms [Trace: xgstvy7klmg]
2026-09-28 12:40:01.812 +05:30 [INF] [blkf2cxsz7k] HTTP GET /api/departments responded 200 in 2ms [Trace: blkf2cxsz7k]
2026-09-28 12:40:01.826 +05:30 [INF] [9z9qdvc0hqq] HTTP GET /api/employees responded 403 in 0ms [Trace: 9z9qdvc0hqq]
2026-09-28 12:40:01.830 +05:30 [INF] [trjv1iphyo] HTTP GET /api/positions responded 200 in 1ms [Trace: trjv1iphyo]
2026-09-28 12:40:01.833 +05:30 [INF] [724sf4a8a92] HTTP GET /api/departments responded 200 in 1ms [Trace: 724sf4a8a92]
2026-09-28 12:40:03.702 +05:30 [INF] [ced2q2jh594] HTTP GET /api/employees responded 403 in 0ms [Trace: ced2q2jh594]
2026-09-28 12:40:03.704 +05:30 [INF] [v33so2d84eh] HTTP GET /api/projects responded 200 in 2ms [Trace: v33so2d84eh]
2026-09-28 12:40:03.720 +05:30 [INF] [k5csn6yws8l] HTTP GET /api/employees responded 403 in 0ms [Trace: k5csn6yws8l]
2026-09-28 12:40:03.723 +05:30 [INF] [ps28fxwlk6d] HTTP GET /api/projects responded 200 in 1ms [Trace: ps28fxwlk6d]
2026-09-28 12:40:14.857 +05:30 [INF] [ltf073l8lhg] HTTP GET /api/leaves/types responded 200 in 1ms [Trace: ltf073l8lhg]
2026-09-28 12:40:14.858 +05:30 [INF] [gaefyphdcng] HTTP GET /api/leaves responded 200 in 1ms [Trace: gaefyphdcng]
2026-09-28 12:40:14.871 +05:30 [INF] [sw30l372xxm] HTTP GET /api/leaves/types responded 200 in 1ms [Trace: sw30l372xxm]
2026-09-28 12:40:14.873 +05:30 [INF] [6ygmohgq6zo] HTTP GET /api/leaves responded 200 in 1ms [Trace: 6ygmohgq6zo]
2026-09-28 12:40:19.096 +05:30 [INF] [s89eifybv4f] HTTP GET /api/notifications/unread-count responded 200 in 1ms [Trace: s89eifybv4f]
2026-09-28 12:40:19.109 +05:30 [INF] [nkcymjb2ik] HTTP GET /api/notifications responded 200 in 2ms [Trace: nkcymjb2ik]
2026-09-28 12:40:21.044 +05:30 [INF] [zqoxs9f0he] HTTP GET /api/employees/3/payslips responded 200 in 1ms [Trace: zqoxs9f0he]
2026-09-28 12:40:21.069 +05:30 [INF] [gaa9omxqg4t] HTTP GET /api/employees/3/payslips responded 200 in 1ms [Trace: gaa9omxqg4t]
2026-09-28 12:40:22.481 +05:30 [INF] [b1g3gwju274] HTTP GET /api/leaves/types responded 200 in 1ms [Trace: b1g3gwju274]
2026-09-28 12:40:22.482 +05:30 [INF] [hzivm4iiynj] HTTP GET /api/leaves responded 200 in 2ms [Trace: hzivm4iiynj]
2026-09-28 12:40:22.499 +05:30 [INF] [hzqwxt1glic] HTTP GET /api/leaves/types responded 200 in 1ms [Trace: hzqwxt1glic]
2026-09-28 12:40:22.501 +05:30 [INF] [8kxsrrool9k] HTTP GET /api/leaves responded 200 in 3ms [Trace: 8kxsrrool9k]
2026-09-28 12:40:43.775 +05:30 [INF] [btoh0vpid06] LOGOUT. User 3
2026-09-28 12:40:43.778 +05:30 [INF] [btoh0vpid06] HTTP POST /api/auth/logout responded 204 in 12ms [Trace: btoh0vpid06]
2026-09-28 12:40:57.653 +05:30 [INF] [y1d8gq6i1mq] LOGIN_SUCCESS. User sairaj@gmail.com, EmployeeId: 6
2026-09-28 12:40:57.655 +05:30 [INF] [y1d8gq6i1mq] HTTP POST /api/auth/login responded 200 in 40ms [Trace: y1d8gq6i1mq]
2026-09-28 12:40:57.694 +05:30 [INF] [vd97esy09d] HTTP GET /api/leaves/types responded 200 in 6ms [Trace: vd97esy09d]
2026-09-28 12:40:57.697 +05:30 [INF] [6v6qp87pfln] HTTP GET /api/notifications/unread-count responded 200 in 9ms [Trace: 6v6qp87pfln]
2026-09-28 12:40:57.694 +05:30 [INF] [7suk146l3sh] HTTP GET /api/leaves responded 200 in 6ms [Trace: 7suk146l3sh]
2026-09-28 12:40:57.720 +05:30 [INF] [tfso5axxk8] HTTP GET /api/leaves/types responded 200 in 1ms [Trace: tfso5axxk8]
2026-09-28 12:40:57.729 +05:30 [INF] [wosc3uhnlyj] HTTP GET /api/notifications/unread-count responded 200 in 1ms [Trace: wosc3uhnlyj]
2026-09-28 12:40:57.729 +05:30 [INF] [wld94rhh65e] HTTP GET /api/notifications responded 200 in 0ms [Trace: wld94rhh65e]
2026-09-28 12:40:57.731 +05:30 [INF] [3hb8t5vfhhb] HTTP GET /api/leaves responded 200 in 1ms [Trace: 3hb8t5vfhhb]
2026-09-28 12:40:57.746 +05:30 [INF] [1sl0662zd8y] HTTP GET /api/notifications responded 200 in 1ms [Trace: 1sl0662zd8y]
2026-09-28 12:41:00.247 +05:30 [INF] [djf6l5edfc] HTTP GET /api/departments responded 200 in 2ms [Trace: djf6l5edfc]
2026-09-28 12:41:00.266 +05:30 [INF] [u6cvb77ry2e] HTTP GET /api/departments responded 200 in 2ms [Trace: u6cvb77ry2e]
2026-09-28 12:41:00.812 +05:30 [INF] [2pan39d5tlf] HTTP GET /api/employees responded 403 in 0ms [Trace: 2pan39d5tlf]
2026-09-28 12:41:00.813 +05:30 [INF] [fxqyavl45qo] HTTP GET /api/positions responded 200 in 1ms [Trace: fxqyavl45qo]
2026-09-28 12:41:00.813 +05:30 [INF] [5hnnxpr8oru] HTTP GET /api/departments responded 200 in 1ms [Trace: 5hnnxpr8oru]
2026-09-28 12:41:00.825 +05:30 [INF] [u5w6l9zil6] HTTP GET /api/employees responded 403 in 0ms [Trace: u5w6l9zil6]
2026-09-28 12:41:00.830 +05:30 [INF] [bgonyvyz0od] HTTP GET /api/departments responded 200 in 1ms [Trace: bgonyvyz0od]
2026-09-28 12:41:00.830 +05:30 [INF] [lpxy6djnws9] HTTP GET /api/positions responded 200 in 0ms [Trace: lpxy6djnws9]
2026-09-28 12:41:01.831 +05:30 [INF] [p3587kulf8] HTTP GET /api/attendance/today responded 200 in 1ms [Trace: p3587kulf8]
2026-09-28 12:41:01.852 +05:30 [INF] [s3pq3g5ee6n] HTTP GET /api/attendance/today responded 200 in 2ms [Trace: s3pq3g5ee6n]
2026-09-28 12:41:03.277 +05:30 [INF] [jipugld7rfo] HTTP GET /api/attendance/today responded 200 in 2ms [Trace: jipugld7rfo]
2026-09-28 12:41:03.295 +05:30 [INF] [olul0funxc] HTTP GET /api/attendance/today responded 200 in 2ms [Trace: olul0funxc]
2026-09-28 12:41:03.295 +05:30 [INF] [r126v4k5lt] HTTP GET /api/attendance responded 200 in 2ms [Trace: r126v4k5lt]
2026-09-28 12:41:03.317 +05:30 [INF] [v28mr2hkawf] HTTP GET /api/attendance responded 200 in 2ms [Trace: v28mr2hkawf]
2026-09-28 12:41:03.912 +05:30 [INF] [ho46joooaqu] HTTP GET /api/leaves/types responded 200 in 1ms [Trace: ho46joooaqu]
2026-09-28 12:41:03.914 +05:30 [INF] [4w3thjrnj9v] HTTP GET /api/leaves responded 200 in 3ms [Trace: 4w3thjrnj9v]
2026-09-28 12:41:03.931 +05:30 [INF] [4isdyohau42] HTTP GET /api/leaves/types responded 200 in 1ms [Trace: 4isdyohau42]
2026-09-28 12:41:03.932 +05:30 [INF] [0khrjtxxflt] HTTP GET /api/leaves responded 200 in 2ms [Trace: 0khrjtxxflt]
2026-09-28 12:41:04.543 +05:30 [INF] [iac7ebh4sc] HTTP GET /api/employees responded 403 in 0ms [Trace: iac7ebh4sc]
2026-09-28 12:41:04.545 +05:30 [INF] [o8ooslabs9p] HTTP GET /api/projects responded 200 in 2ms [Trace: o8ooslabs9p]
2026-09-28 12:41:04.562 +05:30 [INF] [5omwz9fzd4q] HTTP GET /api/employees responded 403 in 0ms [Trace: 5omwz9fzd4q]
2026-09-28 12:41:04.565 +05:30 [INF] [0yjtyef3ur] HTTP GET /api/projects responded 200 in 1ms [Trace: 0yjtyef3ur]
2026-09-28 12:41:05.411 +05:30 [INF] [xdq7rgvo41k] HTTP GET /api/attendance/today responded 200 in 1ms [Trace: xdq7rgvo41k]
2026-09-28 12:41:05.426 +05:30 [INF] [ydh8vt7v0tp] HTTP GET /api/attendance/today responded 200 in 1ms [Trace: ydh8vt7v0tp]
2026-09-28 12:41:05.426 +05:30 [INF] [2rk28b0fvs8] HTTP GET /api/attendance responded 200 in 1ms [Trace: 2rk28b0fvs8]
2026-09-28 12:41:05.441 +05:30 [INF] [qmlplgwljuk] HTTP GET /api/attendance responded 200 in 1ms [Trace: qmlplgwljuk]
2026-09-28 12:41:13.469 +05:30 [INF] [4uk4aclp033] CHECK_OUT. EmployeeId: 6
2026-09-28 12:41:13.470 +05:30 [INF] [4uk4aclp033] HTTP POST /api/attendance/check-out responded 200 in 49ms [Trace: 4uk4aclp033]
2026-09-28 12:41:13.490 +05:30 [INF] [85ii61qc2r] HTTP GET /api/attendance/today responded 200 in 1ms [Trace: 85ii61qc2r]
2026-09-28 12:41:13.505 +05:30 [INF] [hlunpmqfhb8] HTTP GET /api/attendance responded 200 in 1ms [Trace: hlunpmqfhb8]
2026-09-28 12:41:24.847 +05:30 [INF] [hy4wa3nh1yf] HTTP GET /api/leaves/types responded 200 in 1ms [Trace: hy4wa3nh1yf]
2026-09-28 12:41:24.847 +05:30 [INF] [4pyv9l5n2u2] HTTP GET /api/leaves responded 200 in 2ms [Trace: 4pyv9l5n2u2]
2026-09-28 12:41:24.865 +05:30 [INF] [q9zpo45yjn] HTTP GET /api/leaves/types responded 200 in 1ms [Trace: q9zpo45yjn]
2026-09-28 12:41:24.868 +05:30 [INF] [9sszadjwf9] HTTP GET /api/leaves responded 200 in 2ms [Trace: 9sszadjwf9]
2026-09-28 12:41:27.690 +05:30 [INF] [dyyl6qbngi] HTTP GET /api/notifications/unread-count responded 200 in 1ms [Trace: dyyl6qbngi]
2026-09-28 12:41:27.699 +05:30 [INF] [858bjr4a0ud] HTTP GET /api/notifications responded 200 in 0ms [Trace: 858bjr4a0ud]
2026-09-28 12:41:57.700 +05:30 [INF] [926q2izr68] HTTP GET /api/notifications/unread-count responded 200 in 3ms [Trace: 926q2izr68]
2026-09-28 12:41:57.725 +05:30 [INF] [q1gh8dj0k9] HTTP GET /api/notifications responded 200 in 2ms [Trace: q1gh8dj0k9]
2026-09-28 12:42:00.644 +05:30 [INF] [6g7mk38jaxn] LEAVE_APPLIED. LeaveId: 2, EmployeeId: 6
2026-09-28 12:42:00.647 +05:30 [INF] [6g7mk38jaxn] HTTP POST /api/leaves responded 201 in 85ms [Trace: 6g7mk38jaxn]
2026-09-28 12:42:00.737 +05:30 [INF] [ou12w7rwv3] HTTP GET /api/leaves/types responded 200 in 63ms [Trace: ou12w7rwv3]
2026-09-28 12:42:00.737 +05:30 [INF] [i9ltacrtkph] HTTP GET /api/leaves responded 200 in 63ms [Trace: i9ltacrtkph]
2026-09-28 12:42:05.893 +05:30 [INF] [g1b3cq4bp8q] LOGOUT. User 6
2026-09-28 12:42:05.894 +05:30 [INF] [g1b3cq4bp8q] HTTP POST /api/auth/logout responded 204 in 41ms [Trace: g1b3cq4bp8q]
2026-09-28 12:42:07.900 +05:30 [INF] [gqhf7ll2sw4] LOGIN_SUCCESS. User admin@company.com, EmployeeId: 1
2026-09-28 12:42:07.901 +05:30 [INF] [gqhf7ll2sw4] HTTP POST /api/auth/login responded 200 in 20ms [Trace: gqhf7ll2sw4]
2026-09-28 12:42:07.943 +05:30 [INF] [9awnupr2v5] HTTP GET /api/leaves/types responded 200 in 7ms [Trace: 9awnupr2v5]
2026-09-28 12:42:07.976 +05:30 [INF] [ai4fbvxpp9l] HTTP GET /api/leaves responded 200 in 41ms [Trace: ai4fbvxpp9l]
2026-09-28 12:42:07.977 +05:30 [INF] [wc1uwqh3fte] HTTP GET /api/notifications/unread-count responded 200 in 41ms [Trace: wc1uwqh3fte]
2026-09-28 12:42:07.985 +05:30 [INF] [4ofqxqw9qw4] HTTP GET /api/leaves/types responded 200 in 1ms [Trace: 4ofqxqw9qw4]
2026-09-28 12:42:07.990 +05:30 [INF] [6s77sb40gmp] HTTP GET /api/leaves responded 200 in 1ms [Trace: 6s77sb40gmp]
2026-09-28 12:42:07.991 +05:30 [INF] [0s6csbkauma] HTTP GET /api/notifications/unread-count responded 200 in 0ms [Trace: 0s6csbkauma]
2026-09-28 12:42:07.993 +05:30 [INF] [j82h2omjbbg] HTTP GET /api/notifications responded 200 in 1ms [Trace: j82h2omjbbg]
2026-09-28 12:42:08.011 +05:30 [INF] [ilh35ecg69d] HTTP GET /api/notifications responded 200 in 1ms [Trace: ilh35ecg69d]
2026-09-28 12:42:12.589 +05:30 [WRN] [x52z798lkm] Compiling a query which loads related collections for more than one collection navigation, either via 'Include' or through projection, but no 'QuerySplittingBehavior' has been configured. By default, Entity Framework will use 'QuerySplittingBehavior.SingleQuery', which can potentially result in slow query performance. See https://go.microsoft.com/fwlink/?linkid=2134277 for more information. To identify the query that's triggering this warning call 'ConfigureWarnings(w => w.Throw(RelationalEventId.MultipleCollectionIncludeWarning))'.
2026-09-28 12:42:12.616 +05:30 [INF] [x52z798lkm] HTTP GET /api/auth/me responded 200 in 39ms [Trace: x52z798lkm]
2026-09-28 12:42:12.632 +05:30 [INF] [wznsr99zirq] HTTP GET /api/auth/me responded 200 in 2ms [Trace: wznsr99zirq]
2026-09-28 12:42:12.638 +05:30 [INF] [jr5yn9ar7r] HTTP GET /api/leaves/types responded 200 in 1ms [Trace: jr5yn9ar7r]
2026-09-28 12:42:12.638 +05:30 [INF] [jserhp4ybdo] HTTP GET /api/notifications/unread-count responded 200 in 1ms [Trace: jserhp4ybdo]
2026-09-28 12:42:12.640 +05:30 [INF] [otb87zfq7a8] HTTP GET /api/leaves responded 200 in 2ms [Trace: otb87zfq7a8]
2026-09-28 12:42:12.649 +05:30 [INF] [9mq4xkn44dv] HTTP GET /api/notifications/unread-count responded 200 in 1ms [Trace: 9mq4xkn44dv]
2026-09-28 12:42:12.649 +05:30 [INF] [5efvwuq4n5b] HTTP GET /api/leaves/types responded 200 in 1ms [Trace: 5efvwuq4n5b]
2026-09-28 12:42:12.650 +05:30 [INF] [k94heussa5] HTTP GET /api/notifications responded 200 in 0ms [Trace: k94heussa5]
2026-09-28 12:42:12.651 +05:30 [INF] [jtlgfanf2t] HTTP GET /api/leaves responded 200 in 1ms [Trace: jtlgfanf2t]
2026-09-28 12:42:12.662 +05:30 [INF] [upa4ajp5rx] HTTP GET /api/notifications responded 200 in 1ms [Trace: upa4ajp5rx]
2026-09-28 12:42:16.237 +05:30 [INF] [xz42g6mi2p] LOGOUT. User 1
2026-09-28 12:42:16.239 +05:30 [INF] [xz42g6mi2p] HTTP POST /api/auth/logout responded 204 in 16ms [Trace: xz42g6mi2p]
2026-09-28 12:42:18.353 +05:30 [INF] [gzzwsjz468a] LOGIN_SUCCESS. User manager@company.com, EmployeeId: 3
2026-09-28 12:42:18.355 +05:30 [INF] [gzzwsjz468a] HTTP POST /api/auth/login responded 200 in 24ms [Trace: gzzwsjz468a]
2026-09-28 12:42:18.392 +05:30 [INF] [g0saoycwff6] HTTP GET /api/leaves/types responded 200 in 5ms [Trace: g0saoycwff6]
2026-09-28 12:42:18.393 +05:30 [INF] [38wqfzz78wj] HTTP GET /api/notifications/unread-count responded 200 in 5ms [Trace: 38wqfzz78wj]
2026-09-28 12:42:18.431 +05:30 [INF] [n2ob6huxzai] HTTP GET /api/leaves responded 200 in 44ms [Trace: n2ob6huxzai]
2026-09-28 12:42:18.457 +05:30 [INF] [kwx5cr2pq7] HTTP GET /api/leaves/types responded 200 in 1ms [Trace: kwx5cr2pq7]
2026-09-28 12:42:18.458 +05:30 [INF] [gktbpnqm2k6] HTTP GET /api/notifications/unread-count responded 200 in 0ms [Trace: gktbpnqm2k6]
2026-09-28 12:42:18.459 +05:30 [INF] [tr5tddd8x6] HTTP GET /api/notifications responded 200 in 1ms [Trace: tr5tddd8x6]
2026-09-28 12:42:18.462 +05:30 [INF] [u1pqnjbrblp] HTTP GET /api/leaves responded 200 in 1ms [Trace: u1pqnjbrblp]
2026-09-28 12:42:18.478 +05:30 [INF] [9oehlkiavwt] HTTP GET /api/notifications responded 200 in 1ms [Trace: 9oehlkiavwt]
2026-09-28 12:42:21.176 +05:30 [INF] [tb4fm6jfkzs] HTTP PUT /api/leaves/2/approve responded 403 in 12ms [Trace: tb4fm6jfkzs]
2026-09-28 12:42:23.383 +05:30 [INF] [wcwgokdsa0g] HTTP GET /api/departments responded 200 in 2ms [Trace: wcwgokdsa0g]
2026-09-28 12:42:23.406 +05:30 [INF] [oh0zhsk3cwb] HTTP GET /api/departments responded 200 in 2ms [Trace: oh0zhsk3cwb]
2026-09-28 12:42:24.222 +05:30 [INF] [21wc5eao0d] HTTP GET /api/positions responded 200 in 1ms [Trace: 21wc5eao0d]
2026-09-28 12:42:24.245 +05:30 [INF] [ckm1qdc62uo] HTTP GET /api/positions responded 200 in 2ms [Trace: ckm1qdc62uo]
2026-09-28 12:42:24.888 +05:30 [INF] [10lzxk833ws] HTTP GET /api/employees responded 403 in 0ms [Trace: 10lzxk833ws]
2026-09-28 12:42:24.906 +05:30 [INF] [w8vgjzxmsm] HTTP GET /api/employees responded 403 in 0ms [Trace: w8vgjzxmsm]
2026-09-28 12:42:25.792 +05:30 [INF] [bcabm3kjs8] HTTP GET /api/employees responded 403 in 0ms [Trace: bcabm3kjs8]
2026-09-28 12:42:25.793 +05:30 [INF] [kdg4qhbt2eh] HTTP GET /api/positions responded 200 in 1ms [Trace: kdg4qhbt2eh]
2026-09-28 12:42:25.793 +05:30 [INF] [oqcujr467p] HTTP GET /api/departments responded 200 in 1ms [Trace: oqcujr467p]
2026-09-28 12:42:25.805 +05:30 [INF] [tue51ffn3yf] HTTP GET /api/employees responded 403 in 0ms [Trace: tue51ffn3yf]
2026-09-28 12:42:25.807 +05:30 [INF] [yxxeplr9c7] HTTP GET /api/positions responded 200 in 1ms [Trace: yxxeplr9c7]
2026-09-28 12:42:25.812 +05:30 [INF] [gfun8l3x3s9] HTTP GET /api/departments responded 200 in 1ms [Trace: gfun8l3x3s9]
2026-09-28 12:42:26.418 +05:30 [INF] [yy8ll2wmzq] HTTP GET /api/departments responded 200 in 2ms [Trace: yy8ll2wmzq]
2026-09-28 12:42:26.434 +05:30 [INF] [u4lfjojh5r] HTTP GET /api/departments responded 200 in 2ms [Trace: u4lfjojh5r]
2026-09-28 12:42:29.548 +05:30 [INF] [4njgzr0cl5y] HTTP GET /api/attendance/today responded 200 in 2ms [Trace: 4njgzr0cl5y]
2026-09-28 12:42:29.574 +05:30 [INF] [ql5cld1eb5] HTTP GET /api/attendance/today responded 200 in 2ms [Trace: ql5cld1eb5]
2026-09-28 12:42:29.575 +05:30 [INF] [52cewelo4aw] HTTP GET /api/attendance responded 200 in 2ms [Trace: 52cewelo4aw]
2026-09-28 12:42:29.593 +05:30 [INF] [x82qcnqbn9] HTTP GET /api/attendance responded 200 in 1ms [Trace: x82qcnqbn9]
2026-09-28 12:42:30.040 +05:30 [INF] [qq734akm8o] HTTP GET /api/leaves/types responded 200 in 1ms [Trace: qq734akm8o]
2026-09-28 12:42:30.042 +05:30 [INF] [znpibjvhuq] HTTP GET /api/leaves responded 200 in 2ms [Trace: znpibjvhuq]
2026-09-28 12:42:30.053 +05:30 [INF] [pajs69d6rz] HTTP GET /api/leaves/types responded 200 in 1ms [Trace: pajs69d6rz]
2026-09-28 12:42:30.058 +05:30 [INF] [6ssd54tongj] HTTP GET /api/leaves responded 200 in 1ms [Trace: 6ssd54tongj]
2026-09-28 12:42:30.654 +05:30 [INF] [7onobze7p1d] HTTP GET /api/employees responded 403 in 0ms [Trace: 7onobze7p1d]
2026-09-28 12:42:30.656 +05:30 [INF] [5nyu41byd3t] HTTP GET /api/projects responded 200 in 2ms [Trace: 5nyu41byd3t]
2026-09-28 12:42:30.665 +05:30 [INF] [vn11bgw57] HTTP GET /api/employees responded 403 in 0ms [Trace: vn11bgw57]
2026-09-28 12:42:30.672 +05:30 [INF] [n24qpvtbed] HTTP GET /api/projects responded 200 in 3ms [Trace: n24qpvtbed]
2026-09-28 12:42:31.737 +05:30 [INF] [atqimrq6ulr] HTTP GET /api/employees/3/payslips responded 200 in 1ms [Trace: atqimrq6ulr]
2026-09-28 12:42:31.752 +05:30 [INF] [j6w3ys58jn] HTTP GET /api/employees/3/payslips responded 200 in 2ms [Trace: j6w3ys58jn]
2026-09-28 12:42:32.881 +05:30 [INF] [eco8y1oav4] HTTP GET /api/reports/payroll-summary responded 403 in 0ms [Trace: eco8y1oav4]
2026-09-28 12:42:32.941 +05:30 [INF] [1v2fhz6gggv] HTTP GET /api/reports/project-allocation responded 200 in 60ms [Trace: 1v2fhz6gggv]
2026-09-28 12:42:32.941 +05:30 [INF] [j2frxdd1ge] HTTP GET /api/reports/employees-by-department responded 200 in 60ms [Trace: j2frxdd1ge]
2026-09-28 12:42:32.945 +05:30 [INF] [molyaj6owb] HTTP GET /api/reports/leave-utilization responded 200 in 64ms [Trace: molyaj6owb]
2026-09-28 12:42:32.960 +05:30 [INF] [td94ss2jp9] HTTP GET /api/reports/payroll-summary responded 403 in 0ms [Trace: td94ss2jp9]
2026-09-28 12:42:32.970 +05:30 [INF] [x140ckzojbq] HTTP GET /api/reports/project-allocation responded 200 in 1ms [Trace: x140ckzojbq]
2026-09-28 12:42:32.975 +05:30 [INF] [zc38ypot0e9] HTTP GET /api/reports/employees-by-department responded 200 in 1ms [Trace: zc38ypot0e9]
2026-09-28 12:42:32.976 +05:30 [INF] [mp7lalp10u] HTTP GET /api/reports/leave-utilization responded 200 in 2ms [Trace: mp7lalp10u]
2026-09-28 12:42:34.712 +05:30 [INF] [mgefqi0y44] HTTP GET /api/employees/3/payslips responded 200 in 2ms [Trace: mgefqi0y44]
2026-09-28 12:42:34.730 +05:30 [INF] [x7rk30bw65] HTTP GET /api/employees/3/payslips responded 200 in 2ms [Trace: x7rk30bw65]
2026-09-28 12:42:36.807 +05:30 [INF] [pq7qmih5bcd] LOGOUT. User 3
2026-09-28 12:42:36.811 +05:30 [INF] [pq7qmih5bcd] HTTP POST /api/auth/logout responded 204 in 14ms [Trace: pq7qmih5bcd]
2026-09-28 12:42:38.564 +05:30 [INF] [sfhua672y4k] LOGIN_SUCCESS. User hr@company.com, EmployeeId: 2
2026-09-28 12:42:38.565 +05:30 [INF] [sfhua672y4k] HTTP POST /api/auth/login responded 200 in 25ms [Trace: sfhua672y4k]
2026-09-28 12:42:38.592 +05:30 [INF] [yjs6l9ba7yk] HTTP GET /api/notifications/unread-count responded 200 in 1ms [Trace: yjs6l9ba7yk]
2026-09-28 12:42:38.592 +05:30 [INF] [7p3lkuuus9] HTTP GET /api/employees/2/payslips responded 200 in 1ms [Trace: 7p3lkuuus9]
2026-09-28 12:42:38.609 +05:30 [INF] [ss89rz2eve] HTTP GET /api/notifications/unread-count responded 200 in 1ms [Trace: ss89rz2eve]
2026-09-28 12:42:38.609 +05:30 [INF] [6271qp5gxqa] HTTP GET /api/employees/2/payslips responded 200 in 1ms [Trace: 6271qp5gxqa]
2026-09-28 12:42:38.609 +05:30 [INF] [mzerfalgavc] HTTP GET /api/notifications responded 200 in 0ms [Trace: mzerfalgavc]
2026-09-28 12:42:38.625 +05:30 [INF] [b2b5mjqvlgi] HTTP GET /api/notifications responded 200 in 1ms [Trace: b2b5mjqvlgi]
2026-09-28 12:42:41.390 +05:30 [INF] [p6fbxr4itwe] HTTP GET /api/leaves/types responded 200 in 1ms [Trace: p6fbxr4itwe]
2026-09-28 12:42:41.392 +05:30 [INF] [gxt37ywvgmt] HTTP GET /api/leaves responded 200 in 3ms [Trace: gxt37ywvgmt]
2026-09-28 12:42:41.410 +05:30 [INF] [t2bd8w80ltp] HTTP GET /api/leaves/types responded 200 in 0ms [Trace: t2bd8w80ltp]
2026-09-28 12:42:41.414 +05:30 [INF] [hdpecm2tr0e] HTTP GET /api/leaves responded 200 in 1ms [Trace: hdpecm2tr0e]
2026-09-28 12:42:44.031 +05:30 [INF] [0dx2x79niq5] LEAVE_STATUS_CHANGED. LeaveId: 2, Status: "Approved", By: 2
2026-09-28 12:42:44.034 +05:30 [INF] [0dx2x79niq5] HTTP PUT /api/leaves/2/approve responded 200 in 122ms [Trace: 0dx2x79niq5]
2026-09-28 12:42:44.059 +05:30 [INF] [0978dhhpw14w] HTTP GET /api/leaves/types responded 200 in 1ms [Trace: 0978dhhpw14w]
2026-09-28 12:42:44.060 +05:30 [INF] [4uugtzxe0m6] HTTP GET /api/leaves responded 200 in 3ms [Trace: 4uugtzxe0m6]
2026-09-28 12:42:51.052 +05:30 [INF] [lynua7q7vec] LOGOUT. User 2
2026-09-28 12:42:51.056 +05:30 [INF] [lynua7q7vec] HTTP POST /api/auth/logout responded 204 in 13ms [Trace: lynua7q7vec]
2026-09-28 12:43:28.680 +05:30 [INF] [tsbpk0mkrgi] LOGIN_SUCCESS. User sairaj@gmail.com, EmployeeId: 6
2026-09-28 12:43:28.682 +05:30 [INF] [tsbpk0mkrgi] HTTP POST /api/auth/login responded 200 in 38ms [Trace: tsbpk0mkrgi]
2026-09-28 12:43:28.713 +05:30 [INF] [i2ekzbw02eo] HTTP GET /api/notifications/unread-count responded 200 in 1ms [Trace: i2ekzbw02eo]
2026-09-28 12:43:28.742 +05:30 [INF] [ugaj6275ff] HTTP GET /api/leaves responded 200 in 29ms [Trace: ugaj6275ff]
2026-09-28 12:43:28.743 +05:30 [INF] [nztruepzgs] HTTP GET /api/leaves/types responded 200 in 29ms [Trace: nztruepzgs]
2026-09-28 12:43:28.773 +05:30 [INF] [dthkhmi8cg7] HTTP GET /api/notifications/unread-count responded 200 in 1ms [Trace: dthkhmi8cg7]
2026-09-28 12:43:28.774 +05:30 [INF] [cyc6iuctz8e] HTTP GET /api/notifications responded 200 in 1ms [Trace: cyc6iuctz8e]
2026-09-28 12:43:28.778 +05:30 [INF] [0iy3qx6kfd4c] HTTP GET /api/leaves responded 200 in 3ms [Trace: 0iy3qx6kfd4c]
2026-09-28 12:43:28.816 +05:30 [INF] [5k3woil9nx2] HTTP GET /api/leaves/types responded 200 in 36ms [Trace: 5k3woil9nx2]
2026-09-28 12:43:28.827 +05:30 [INF] [gh7af5tco7] HTTP GET /api/notifications responded 200 in 1ms [Trace: gh7af5tco7]
2026-09-28 12:43:34.981 +05:30 [INF] [f8zqom0x0i8] HTTP PUT /api/notifications/7/read responded 204 in 13ms [Trace: f8zqom0x0i8]
2026-09-28 12:43:34.996 +05:30 [INF] [305nglauxjs] HTTP GET /api/notifications/unread-count responded 200 in 1ms [Trace: 305nglauxjs]
2026-09-28 12:43:35.010 +05:30 [INF] [p9o9wxjp6ag] HTTP GET /api/notifications responded 200 in 1ms [Trace: p9o9wxjp6ag]
2026-09-28 12:43:36.001 +05:30 [INF] [ev3ucupsflj] HTTP PUT /api/notifications/7/read responded 204 in 5ms [Trace: ev3ucupsflj]
2026-09-28 12:43:36.024 +05:30 [INF] [teejbo7a9lb] HTTP GET /api/notifications/unread-count responded 200 in 1ms [Trace: teejbo7a9lb]
2026-09-28 12:43:36.034 +05:30 [INF] [ebjjvtihy1l] HTTP GET /api/notifications responded 200 in 1ms [Trace: ebjjvtihy1l]
2026-09-28 12:43:59.129 +05:30 [INF] [eosfvaco8vi] HTTP GET /api/notifications/unread-count responded 200 in 1ms [Trace: eosfvaco8vi]
2026-09-28 12:43:59.142 +05:30 [INF] [icdo9kdlhc] HTTP GET /api/notifications responded 200 in 1ms [Trace: icdo9kdlhc]
2026-09-28 12:44:29.634 +05:30 [INF] [l27i7fv8abq] HTTP GET /api/notifications/unread-count responded 200 in 32ms [Trace: l27i7fv8abq]
2026-09-28 12:44:29.656 +05:30 [INF] [eaavkokmb2o] HTTP GET /api/notifications responded 200 in 2ms [Trace: eaavkokmb2o]
2026-09-28 12:44:59.633 +05:30 [INF] [8kaw9vhkuwb] HTTP GET /api/notifications/unread-count responded 200 in 43ms [Trace: 8kaw9vhkuwb]
2026-09-28 12:44:59.661 +05:30 [INF] [tq8w3r08ki] HTTP GET /api/notifications responded 200 in 1ms [Trace: tq8w3r08ki]
2026-09-28 12:45:29.600 +05:30 [INF] [qmjkac5bgm9] HTTP GET /api/notifications/unread-count responded 200 in 4ms [Trace: qmjkac5bgm9]
2026-09-28 12:45:29.615 +05:30 [INF] [drsnf0jznla] HTTP GET /api/notifications responded 200 in 2ms [Trace: drsnf0jznla]
2026-09-28 12:45:59.587 +05:30 [INF] [dg4k7k3z6qi] HTTP GET /api/notifications/unread-count responded 200 in 1ms [Trace: dg4k7k3z6qi]
2026-09-28 12:45:59.623 +05:30 [INF] [joe9vlpb8ya] HTTP GET /api/notifications responded 200 in 1ms [Trace: joe9vlpb8ya]
2026-09-28 12:46:29.602 +05:30 [INF] [drvigdjgkz] HTTP GET /api/notifications/unread-count responded 200 in 5ms [Trace: drvigdjgkz]
2026-09-28 12:46:29.626 +05:30 [INF] [vndp0e97i6] HTTP GET /api/notifications responded 200 in 1ms [Trace: vndp0e97i6]
2026-09-28 12:47:23.754 +05:30 [INF] [5yjdcj342j] HTTP GET /api/notifications/unread-count responded 200 in 147ms [Trace: 5yjdcj342j]
2026-09-28 12:47:23.785 +05:30 [INF] [zg0d2aok6n] HTTP GET /api/notifications responded 200 in 3ms [Trace: zg0d2aok6n]
2026-09-28 12:48:23.610 +05:30 [INF] [3b7dx758oyk] HTTP GET /api/notifications/unread-count responded 200 in 4ms [Trace: 3b7dx758oyk]
2026-09-28 12:48:23.626 +05:30 [INF] [icv3caucz1] HTTP GET /api/notifications responded 200 in 1ms [Trace: icv3caucz1]
2026-09-28 12:49:23.602 +05:30 [INF] [0poenbgkehze] HTTP GET /api/notifications/unread-count responded 200 in 2ms [Trace: 0poenbgkehze]
2026-09-28 12:49:23.648 +05:30 [INF] [uk022kby4sm] HTTP GET /api/notifications responded 200 in 1ms [Trace: uk022kby4sm]
2026-09-28 12:50:05.325 +05:30 [INF] [duj8728jn7g] HTTP GET /api/notifications/unread-count responded 200 in 5ms [Trace: duj8728jn7g]
2026-09-28 12:50:05.344 +05:30 [INF] [fyy5c8r96yi] HTTP GET /api/notifications responded 200 in 1ms [Trace: fyy5c8r96yi]
2026-09-28 12:50:13.138 +05:30 [INF] [fq4w0lqiyi9] HTTP PUT /api/notifications/6/read responded 204 in 6ms [Trace: fq4w0lqiyi9]
2026-09-28 12:50:13.155 +05:30 [INF] [ie1ki0mbnc9] HTTP GET /api/notifications/unread-count responded 200 in 1ms [Trace: ie1ki0mbnc9]
2026-09-28 12:50:13.169 +05:30 [INF] [qb68ch0s63p] HTTP GET /api/notifications responded 200 in 1ms [Trace: qb68ch0s63p]
2026-09-28 12:50:16.787 +05:30 [INF] [c0lcswvynj] LOGOUT. User 6
2026-09-28 12:50:16.789 +05:30 [INF] [c0lcswvynj] HTTP POST /api/auth/logout responded 204 in 14ms [Trace: c0lcswvynj]
2026-09-28 13:59:49.756 +05:30 [INF] [c0nq2lm6l7c] LOGIN_SUCCESS. User admin@company.com, EmployeeId: 1
2026-09-28 13:59:49.757 +05:30 [INF] [c0nq2lm6l7c] HTTP POST /api/auth/login responded 200 in 73ms [Trace: c0nq2lm6l7c]
2026-09-28 13:59:49.851 +05:30 [INF] [i4cy8nd41m] HTTP GET /api/notifications/unread-count responded 200 in 62ms [Trace: i4cy8nd41m]
2026-09-28 13:59:49.862 +05:30 [INF] [q8pl0hb4ayj] HTTP GET /api/leaves responded 200 in 71ms [Trace: q8pl0hb4ayj]
2026-09-28 13:59:49.890 +05:30 [INF] [567e05ylb8r] HTTP GET /api/notifications/unread-count responded 200 in 1ms [Trace: 567e05ylb8r]
2026-09-28 13:59:49.895 +05:30 [INF] [s9g21smqmb] HTTP GET /api/leaves responded 200 in 1ms [Trace: s9g21smqmb]
2026-09-28 13:59:49.898 +05:30 [INF] [peog7spjip] HTTP GET /api/leaves/types responded 200 in 109ms [Trace: peog7spjip]
2026-09-28 13:59:49.911 +05:30 [INF] [tqnc9pq7lbq] HTTP GET /api/leaves/types responded 200 in 1ms [Trace: tqnc9pq7lbq]
2026-09-28 13:59:49.919 +05:30 [INF] [x7n8zkt6rc9] HTTP GET /api/notifications responded 200 in 30ms [Trace: x7n8zkt6rc9]
2026-09-28 13:59:49.933 +05:30 [INF] [mrxbmwknt7] HTTP GET /api/notifications responded 200 in 1ms [Trace: mrxbmwknt7]
2026-09-28 13:59:52.566 +05:30 [INF] [nt2d7jnpd5] HTTP GET /api/reports/employees-by-department responded 200 in 1ms [Trace: nt2d7jnpd5]
2026-09-28 13:59:52.570 +05:30 [INF] [9b7pxly535p] HTTP GET /api/reports/payroll-summary responded 200 in 5ms [Trace: 9b7pxly535p]
2026-09-28 13:59:52.572 +05:30 [INF] [zeb86md338] HTTP GET /api/reports/leave-utilization responded 200 in 7ms [Trace: zeb86md338]
2026-09-28 13:59:52.587 +05:30 [INF] [82o6aqejh9f] HTTP GET /api/reports/employees-by-department responded 200 in 2ms [Trace: 82o6aqejh9f]
2026-09-28 13:59:52.592 +05:30 [INF] [ph5oeht4ucl] HTTP GET /api/reports/payroll-summary responded 200 in 1ms [Trace: ph5oeht4ucl]
2026-09-28 13:59:52.599 +05:30 [INF] [z9bttpnzfy] HTTP GET /api/reports/leave-utilization responded 200 in 3ms [Trace: z9bttpnzfy]
2026-09-28 13:59:52.603 +05:30 [INF] [u779hjvi2um] HTTP GET /api/reports/project-allocation responded 200 in 38ms [Trace: u779hjvi2um]
2026-09-28 13:59:52.617 +05:30 [INF] [sc931zq710h] HTTP GET /api/reports/project-allocation responded 200 in 2ms [Trace: sc931zq710h]
2026-09-28 13:59:53.171 +05:30 [INF] [d72ewe64vy] HTTP GET /api/audit-logs responded 200 in 3ms [Trace: d72ewe64vy]
2026-09-28 13:59:53.198 +05:30 [INF] [ag59399yw7w] HTTP GET /api/audit-logs responded 200 in 3ms [Trace: ag59399yw7w]
2026-09-28 13:59:53.919 +05:30 [INF] [f32p3utiusa] HTTP GET /api/auth/roles responded 200 in 4ms [Trace: f32p3utiusa]
2026-09-28 13:59:53.946 +05:30 [INF] [n1zbm9b2hmd] HTTP GET /api/auth/roles responded 200 in 4ms [Trace: n1zbm9b2hmd]
2026-09-28 14:00:04.053 +05:30 [INF] [6i3l2tnnny7] HTTP GET /api/projects responded 200 in 1ms [Trace: 6i3l2tnnny7]
2026-09-28 14:00:04.054 +05:30 [INF] [dajo3vanlub] HTTP GET /api/employees responded 200 in 2ms [Trace: dajo3vanlub]
2026-09-28 14:00:04.069 +05:30 [INF] [r5ljmc492ab] HTTP GET /api/projects responded 200 in 2ms [Trace: r5ljmc492ab]
2026-09-28 14:00:04.073 +05:30 [INF] [e233psy55ra] HTTP GET /api/employees responded 200 in 2ms [Trace: e233psy55ra]
2026-09-28 14:00:04.447 +05:30 [INF] [wq79oxvg4cj] HTTP GET /api/leaves/types responded 200 in 1ms [Trace: wq79oxvg4cj]
2026-09-28 14:00:04.448 +05:30 [INF] [4awmxlturdl] HTTP GET /api/leaves responded 200 in 2ms [Trace: 4awmxlturdl]
2026-09-28 14:00:04.460 +05:30 [INF] [rhjwyq3vnvd] HTTP GET /api/leaves/types responded 200 in 1ms [Trace: rhjwyq3vnvd]
2026-09-28 14:00:04.462 +05:30 [INF] [9ol5w6j6e89] HTTP GET /api/leaves responded 200 in 1ms [Trace: 9ol5w6j6e89]
2026-09-28 14:00:05.252 +05:30 [INF] [j24czb2worb] HTTP GET /api/attendance/today responded 200 in 2ms [Trace: j24czb2worb]
2026-09-28 14:00:05.274 +05:30 [INF] [fa36xpu7se8] HTTP GET /api/attendance/today responded 200 in 2ms [Trace: fa36xpu7se8]
2026-09-28 14:00:05.275 +05:30 [INF] [fqibs6wb2qw] HTTP GET /api/attendance responded 200 in 3ms [Trace: fqibs6wb2qw]
2026-09-28 14:00:05.294 +05:30 [INF] [qclvzeh0fpf] HTTP GET /api/attendance responded 200 in 2ms [Trace: qclvzeh0fpf]
2026-09-28 14:00:05.989 +05:30 [INF] [g4gjvjj094g] HTTP GET /api/employees/1/salary responded 200 in 2ms [Trace: g4gjvjj094g]
2026-09-28 14:00:05.990 +05:30 [INF] [ott62rx8upl] HTTP GET /api/employees responded 200 in 3ms [Trace: ott62rx8upl]
2026-09-28 14:00:06.005 +05:30 [INF] [81dtxh2nt7e] HTTP GET /api/employees/1/salary responded 200 in 1ms [Trace: 81dtxh2nt7e]
2026-09-28 14:00:06.005 +05:30 [INF] [nvki7vkwrz] HTTP GET /api/employees responded 200 in 1ms [Trace: nvki7vkwrz]
2026-09-28 14:00:19.814 +05:30 [INF] [c60qrwq4186] HTTP GET /api/notifications/unread-count responded 200 in 4ms [Trace: c60qrwq4186]
2026-09-28 14:00:19.834 +05:30 [INF] [qy4acj88hvb] HTTP GET /api/notifications responded 200 in 1ms [Trace: qy4acj88hvb]
2026-09-28 14:00:26.351 +05:30 [INF] [muxtuzu8qds] HTTP GET /api/auth/users responded 200 in 3ms [Trace: muxtuzu8qds]
2026-09-28 14:00:26.375 +05:30 [INF] [8mrg217qp2] HTTP GET /api/auth/users responded 200 in 3ms [Trace: 8mrg217qp2]
2026-09-28 14:00:29.978 +05:30 [INF] [97pa6fa1tms] HTTP GET /api/auth/roles responded 200 in 4ms [Trace: 97pa6fa1tms]
2026-09-28 14:00:29.997 +05:30 [INF] [7be596fq4dh] HTTP GET /api/auth/roles responded 200 in 3ms [Trace: 7be596fq4dh]
2026-09-28 14:00:42.464 +05:30 [INF] [z76tuvbt51] HTTP GET /api/audit-logs responded 200 in 3ms [Trace: z76tuvbt51]
2026-09-28 14:00:42.481 +05:30 [INF] [kxjv2swodp8] HTTP GET /api/audit-logs responded 200 in 3ms [Trace: kxjv2swodp8]
2026-09-28 14:00:49.810 +05:30 [INF] [py4mzgmdnz] HTTP GET /api/notifications/unread-count responded 200 in 1ms [Trace: py4mzgmdnz]
2026-09-28 14:00:49.833 +05:30 [INF] [4vkeympryks] HTTP GET /api/notifications responded 200 in 2ms [Trace: 4vkeympryks]
2026-09-28 14:01:11.906 +05:30 [INF] [itlivqea5nb] HTTP GET /api/reports/employees-by-department responded 200 in 67ms [Trace: itlivqea5nb]
2026-09-28 14:01:11.907 +05:30 [INF] [1h9rn1k6tpa] HTTP GET /api/reports/payroll-summary responded 200 in 172ms [Trace: 1h9rn1k6tpa]
2026-09-28 14:01:11.908 +05:30 [INF] [w2ajy3p35ka] HTTP GET /api/reports/project-allocation responded 200 in 69ms [Trace: w2ajy3p35ka]
2026-09-28 14:01:11.910 +05:30 [INF] [nn3ms6hg3x] HTTP GET /api/reports/leave-utilization responded 200 in 141ms [Trace: nn3ms6hg3x]
2026-09-28 14:01:11.922 +05:30 [INF] [xeb3wtn9hog] HTTP GET /api/reports/employees-by-department responded 200 in 1ms [Trace: xeb3wtn9hog]
2026-09-28 14:01:11.928 +05:30 [INF] [cy61at9xtu] HTTP GET /api/reports/payroll-summary responded 200 in 1ms [Trace: cy61at9xtu]
2026-09-28 14:01:11.932 +05:30 [INF] [0tpgzegrlte] HTTP GET /api/reports/project-allocation responded 200 in 1ms [Trace: 0tpgzegrlte]
2026-09-28 14:01:11.937 +05:30 [INF] [m1afman8np] HTTP GET /api/reports/leave-utilization responded 200 in 3ms [Trace: m1afman8np]
2026-09-28 14:01:19.814 +05:30 [INF] [8js7h7z0w0a] HTTP GET /api/notifications/unread-count responded 200 in 3ms [Trace: 8js7h7z0w0a]
2026-09-28 14:01:19.835 +05:30 [INF] [zi7bzuyoe0d] HTTP GET /api/notifications responded 200 in 2ms [Trace: zi7bzuyoe0d]
2026-09-28 14:01:34.710 +05:30 [INF] [4y5q4gqqofk] HTTP GET /api/employees/1/salary responded 200 in 6ms [Trace: 4y5q4gqqofk]
2026-09-28 14:01:34.712 +05:30 [INF] [vatq75564j] HTTP GET /api/employees responded 200 in 8ms [Trace: vatq75564j]
2026-09-28 14:01:34.723 +05:30 [INF] [wjak3wcckxe] HTTP GET /api/employees/1/salary responded 200 in 1ms [Trace: wjak3wcckxe]
2026-09-28 14:01:34.730 +05:30 [INF] [k6uat50bam] HTTP GET /api/employees responded 200 in 5ms [Trace: k6uat50bam]
2026-09-28 14:01:37.234 +05:30 [INF] [ghhjyorjbf6] HTTP GET /api/employees/6/salary responded 200 in 2ms [Trace: ghhjyorjbf6]
2026-09-28 14:01:43.196 +05:30 [INF] [j1ym5p1gt4] PAYSLIP_GENERATED. EmployeeId: 6, Month: 9, Year: 2026
2026-09-28 14:01:43.199 +05:30 [INF] [j1ym5p1gt4] HTTP POST /api/employees/6/payslips/generate responded 201 in 55ms [Trace: j1ym5p1gt4]
2026-09-28 14:01:47.862 +05:30 [INF] [emwqtvbnd27] HTTP GET /api/employees/1/payslips responded 200 in 2ms [Trace: emwqtvbnd27]
2026-09-28 14:01:47.888 +05:30 [INF] [ycsiee3w3s] HTTP GET /api/employees/1/payslips responded 200 in 2ms [Trace: ycsiee3w3s]
2026-09-28 14:01:49.793 +05:30 [INF] [gans5y1nd6] HTTP GET /api/notifications/unread-count responded 200 in 1ms [Trace: gans5y1nd6]
2026-09-28 14:01:49.810 +05:30 [INF] [qkqibjhzx9] HTTP GET /api/notifications responded 200 in 0ms [Trace: qkqibjhzx9]
2026-09-28 14:01:51.840 +05:30 [INF] [mclhdtdgiuk] LOGOUT. User 1
2026-09-28 14:01:51.842 +05:30 [INF] [mclhdtdgiuk] HTTP POST /api/auth/logout responded 204 in 17ms [Trace: mclhdtdgiuk]
2026-09-28 14:02:08.754 +05:30 [INF] [jyrva2xww5] LOGIN_SUCCESS. User sairaj@gmail.com, EmployeeId: 6
2026-09-28 14:02:08.754 +05:30 [INF] [jyrva2xww5] HTTP POST /api/auth/login responded 200 in 27ms [Trace: jyrva2xww5]
2026-09-28 14:02:08.786 +05:30 [INF] [gqe78xmxbfb] HTTP GET /api/employees/6/payslips responded 200 in 9ms [Trace: gqe78xmxbfb]
2026-09-28 14:02:08.786 +05:30 [INF] [g8lkd7r3hra] HTTP GET /api/notifications/unread-count responded 200 in 10ms [Trace: g8lkd7r3hra]
2026-09-28 14:02:08.800 +05:30 [INF] [v8b990ayxbp] HTTP GET /api/notifications/unread-count responded 200 in 1ms [Trace: v8b990ayxbp]
2026-09-28 14:02:08.800 +05:30 [INF] [eyo0hisqswn] HTTP GET /api/employees/6/payslips responded 200 in 1ms [Trace: eyo0hisqswn]
2026-09-28 14:02:08.801 +05:30 [INF] [xgy741riwre] HTTP GET /api/notifications responded 200 in 0ms [Trace: xgy741riwre]
2026-09-28 14:02:08.818 +05:30 [INF] [muwxmhs4nfi] HTTP GET /api/notifications responded 200 in 1ms [Trace: muwxmhs4nfi]
2026-09-28 14:02:19.890 +05:30 [INF] [4qpynz7ds8] HTTP GET /api/employees responded 403 in 0ms [Trace: 4qpynz7ds8]
2026-09-28 14:02:19.892 +05:30 [INF] [sw1hb2p6itp] HTTP GET /api/projects responded 200 in 2ms [Trace: sw1hb2p6itp]
2026-09-28 14:02:19.904 +05:30 [INF] [8afjnbr72ut] HTTP GET /api/employees responded 403 in 0ms [Trace: 8afjnbr72ut]
2026-09-28 14:02:19.913 +05:30 [INF] [2uh00daz6ur] HTTP GET /api/projects responded 200 in 1ms [Trace: 2uh00daz6ur]
2026-09-28 14:02:20.630 +05:30 [INF] [jcp7l3yh7q] HTTP GET /api/leaves/types responded 200 in 1ms [Trace: jcp7l3yh7q]
2026-09-28 14:02:20.631 +05:30 [INF] [2p9cj7pd5nj] HTTP GET /api/leaves responded 200 in 2ms [Trace: 2p9cj7pd5nj]
2026-09-28 14:02:20.655 +05:30 [INF] [9lbigw350ps] HTTP GET /api/leaves/types responded 200 in 1ms [Trace: 9lbigw350ps]
2026-09-28 14:02:20.656 +05:30 [INF] [swkiwb8te3l] HTTP GET /api/leaves responded 200 in 1ms [Trace: swkiwb8te3l]
2026-09-28 14:02:23.159 +05:30 [INF] [f6dxs58ueo7] HTTP GET /api/employees/6/payslips responded 200 in 1ms [Trace: f6dxs58ueo7]
2026-09-28 14:02:23.175 +05:30 [INF] [4rji2kp941i] HTTP GET /api/employees/6/payslips responded 200 in 2ms [Trace: 4rji2kp941i]
2026-09-28 14:02:31.991 +05:30 [INF] [w8h6ijfnp] HTTP GET /api/positions responded 200 in 1ms [Trace: w8h6ijfnp]
2026-09-28 14:02:32.027 +05:30 [INF] [54867p0mwoq] HTTP GET /api/positions responded 200 in 8ms [Trace: 54867p0mwoq]
2026-09-28 14:02:32.659 +05:30 [INF] [1ljj432agty] HTTP GET /api/attendance/today responded 200 in 2ms [Trace: 1ljj432agty]
2026-09-28 14:02:32.683 +05:30 [INF] [bbdt2to22vw] HTTP GET /api/attendance/today responded 200 in 2ms [Trace: bbdt2to22vw]
2026-09-28 14:02:32.683 +05:30 [INF] [dfs7dqohldt] HTTP GET /api/attendance responded 200 in 2ms [Trace: dfs7dqohldt]
2026-09-28 14:02:32.708 +05:30 [INF] [35nutxxlfv] HTTP GET /api/attendance responded 200 in 1ms [Trace: 35nutxxlfv]
2026-09-28 14:02:33.529 +05:30 [INF] [l8n4fmot8h8] HTTP GET /api/leaves/types responded 200 in 1ms [Trace: l8n4fmot8h8]
2026-09-28 14:02:33.530 +05:30 [INF] [4xhnkk0ikkc] HTTP GET /api/leaves responded 200 in 2ms [Trace: 4xhnkk0ikkc]
2026-09-28 14:02:33.547 +05:30 [INF] [1ren2hf0o45i] HTTP GET /api/leaves/types responded 200 in 1ms [Trace: 1ren2hf0o45i]
2026-09-28 14:02:33.551 +05:30 [INF] [29l84t007v2] HTTP GET /api/leaves responded 200 in 1ms [Trace: 29l84t007v2]
2026-09-28 14:02:35.125 +05:30 [INF] [of45rxykle] HTTP GET /api/attendance/today responded 200 in 1ms [Trace: of45rxykle]
2026-09-28 14:02:35.142 +05:30 [INF] [q79noqzelte] HTTP GET /api/attendance/today responded 200 in 1ms [Trace: q79noqzelte]
2026-09-28 14:02:35.143 +05:30 [INF] [tjeoutzooyg] HTTP GET /api/attendance responded 200 in 2ms [Trace: tjeoutzooyg]
2026-09-28 14:02:35.156 +05:30 [INF] [k1vhpkf50tr] HTTP GET /api/attendance responded 200 in 1ms [Trace: k1vhpkf50tr]
2026-09-28 14:02:38.788 +05:30 [INF] [ggui5pop93] HTTP GET /api/notifications/unread-count responded 200 in 1ms [Trace: ggui5pop93]
2026-09-28 14:02:38.808 +05:30 [INF] [aqfl4d4l8p] HTTP GET /api/notifications responded 200 in 0ms [Trace: aqfl4d4l8p]
2026-09-28 14:02:40.812 +05:30 [INF] [4nxgpuk7kek] HTTP GET /api/notifications responded 200 in 1ms [Trace: 4nxgpuk7kek]
2026-09-28 14:02:40.823 +05:30 [INF] [h5mi7by936f] HTTP GET /api/notifications responded 200 in 1ms [Trace: h5mi7by936f]
2026-09-28 14:02:42.072 +05:30 [INF] [52hepfpsu8y] HTTP PUT /api/notifications/8/read responded 204 in 5ms [Trace: 52hepfpsu8y]
2026-09-28 14:02:42.090 +05:30 [INF] [m5ry26asc1k] HTTP GET /api/notifications responded 200 in 1ms [Trace: m5ry26asc1k]
2026-09-28 14:02:43.028 +05:30 [INF] [xxumip7lnz] HTTP GET /api/employees/6/payslips responded 200 in 2ms [Trace: xxumip7lnz]
2026-09-28 14:02:43.044 +05:30 [INF] [7xpr57es7ov] HTTP GET /api/employees/6/payslips responded 200 in 2ms [Trace: 7xpr57es7ov]
2026-09-28 14:30:17.167 +05:30 [INF] [] Now listening on: http://localhost:5000
2026-09-28 14:30:17.213 +05:30 [INF] [] Application started. Press Ctrl+C to shut down.
2026-09-28 14:30:17.213 +05:30 [INF] [] Hosting environment: Development
2026-09-28 14:30:17.214 +05:30 [INF] [] Content root path: C:\Users\sairajk\.gemini\antigravity\scratch\EMS\src\EMS.API
2026-09-28 14:30:29.742 +05:30 [WRN] [tplnunb4mvb] Compiling a query which loads related collections for more than one collection navigation, either via 'Include' or through projection, but no 'QuerySplittingBehavior' has been configured. By default, Entity Framework will use 'QuerySplittingBehavior.SingleQuery', which can potentially result in slow query performance. See https://go.microsoft.com/fwlink/?linkid=2134277 for more information. To identify the query that's triggering this warning call 'ConfigureWarnings(w => w.Throw(RelationalEventId.MultipleCollectionIncludeWarning))'.
2026-09-28 14:30:30.204 +05:30 [INF] [tplnunb4mvb] LOGIN_SUCCESS. User admin@company.com, EmployeeId: 1
2026-09-28 14:30:30.247 +05:30 [INF] [tplnunb4mvb] HTTP POST /api/auth/login responded 200 in 804ms [Trace: tplnunb4mvb]
2026-09-28 14:30:30.427 +05:30 [INF] [0xq65z8cdzhi] HTTP GET /api/employees/1/payslips responded 200 in 135ms [Trace: 0xq65z8cdzhi]
2026-09-28 14:30:30.451 +05:30 [INF] [bzfoj3rdqfv] HTTP GET /api/notifications/unread-count responded 200 in 160ms [Trace: bzfoj3rdqfv]
2026-09-28 14:30:30.457 +05:30 [INF] [z3ba69ejcz] HTTP GET /api/employees/1/payslips responded 200 in 15ms [Trace: z3ba69ejcz]
2026-09-28 14:30:30.485 +05:30 [INF] [7mqz0zy6nuj] HTTP GET /api/notifications/unread-count responded 200 in 17ms [Trace: 7mqz0zy6nuj]
2026-09-28 14:30:30.530 +05:30 [INF] [yvsmz5zgby] HTTP GET /api/notifications responded 200 in 63ms [Trace: yvsmz5zgby]
2026-09-28 14:30:30.568 +05:30 [INF] [ll5pfes91od] HTTP GET /api/notifications responded 200 in 6ms [Trace: ll5pfes91od]
2026-09-28 14:30:33.058 +05:30 [INF] [c7s1ovwqadu] HTTP GET /api/employees responded 200 in 66ms [Trace: c7s1ovwqadu]
2026-09-28 14:30:33.078 +05:30 [INF] [t6r9wks81a] HTTP GET /api/employees responded 200 in 4ms [Trace: t6r9wks81a]
2026-09-28 14:30:33.101 +05:30 [INF] [pl4o4ktheb] HTTP GET /api/departments responded 200 in 26ms [Trace: pl4o4ktheb]
2026-09-28 14:30:33.114 +05:30 [INF] [tc43g0b4xpk] HTTP GET /api/departments responded 200 in 2ms [Trace: tc43g0b4xpk]
2026-09-28 14:30:33.169 +05:30 [INF] [jpwu4il7p1b] HTTP GET /api/leaves responded 200 in 57ms [Trace: jpwu4il7p1b]
2026-09-28 14:30:33.208 +05:30 [INF] [567ocrrqgnn] HTTP GET /api/leaves responded 200 in 6ms [Trace: 567ocrrqgnn]
2026-09-28 14:30:33.243 +05:30 [INF] [gpch2ln705] HTTP GET /api/attendance/today responded 200 in 41ms [Trace: gpch2ln705]
2026-09-28 14:30:33.261 +05:30 [INF] [gzv2ppsg8pn] HTTP GET /api/attendance/today responded 200 in 2ms [Trace: gzv2ppsg8pn]
2026-09-28 14:30:33.672 +05:30 [INF] [k7l1kwbre9l] HTTP GET /api/departments responded 200 in 3ms [Trace: k7l1kwbre9l]
2026-09-28 14:30:33.672 +05:30 [INF] [vru3kwet0e] HTTP GET /api/employees responded 200 in 4ms [Trace: vru3kwet0e]
2026-09-28 14:30:33.682 +05:30 [INF] [6w05s684o1] HTTP GET /api/positions responded 200 in 13ms [Trace: 6w05s684o1]
2026-09-28 14:30:33.683 +05:30 [INF] [urktgd45buo] HTTP GET /api/departments responded 200 in 2ms [Trace: urktgd45buo]
2026-09-28 14:30:33.692 +05:30 [INF] [q2mo5pz86w] HTTP GET /api/employees responded 200 in 3ms [Trace: q2mo5pz86w]
2026-09-28 14:30:33.696 +05:30 [INF] [yebxwmhby1] HTTP GET /api/positions responded 200 in 1ms [Trace: yebxwmhby1]
2026-09-28 14:30:34.711 +05:30 [INF] [v7mo4arq1j] HTTP GET /api/departments responded 200 in 2ms [Trace: v7mo4arq1j]
2026-09-28 14:30:34.724 +05:30 [INF] [vwsfnne3r5i] HTTP GET /api/departments responded 200 in 2ms [Trace: vwsfnne3r5i]
2026-09-28 14:30:37.762 +05:30 [INF] [jtx5y15gyu8] HTTP GET /api/positions responded 200 in 5ms [Trace: jtx5y15gyu8]
2026-09-28 14:30:37.784 +05:30 [INF] [zqkp9utkye] HTTP GET /api/positions responded 200 in 2ms [Trace: zqkp9utkye]
2026-09-28 14:30:40.946 +05:30 [INF] [95i3bf8b7od] HTTP GET /api/attendance/today responded 200 in 4ms [Trace: 95i3bf8b7od]
2026-09-28 14:30:40.963 +05:30 [INF] [erwvngrvx4e] HTTP GET /api/attendance/today responded 200 in 1ms [Trace: erwvngrvx4e]
2026-09-28 14:30:40.988 +05:30 [INF] [hc3ym48ahbl] HTTP GET /api/attendance responded 200 in 26ms [Trace: hc3ym48ahbl]
2026-09-28 14:30:41.004 +05:30 [INF] [e3t1o4twse4] HTTP GET /api/attendance responded 200 in 2ms [Trace: e3t1o4twse4]
2026-09-28 14:30:43.573 +05:30 [INF] [mxzm3wzsd1] HTTP GET /api/leaves/types responded 200 in 17ms [Trace: mxzm3wzsd1]
2026-09-28 14:30:43.581 +05:30 [INF] [wv30dvzdo9] HTTP GET /api/leaves responded 200 in 26ms [Trace: wv30dvzdo9]
2026-09-28 14:30:43.589 +05:30 [INF] [8yiioi789aq] HTTP GET /api/leaves/types responded 200 in 1ms [Trace: 8yiioi789aq]
2026-09-28 14:30:43.595 +05:30 [INF] [jn7371r47uf] HTTP GET /api/leaves responded 200 in 2ms [Trace: jn7371r47uf]
2026-09-28 14:30:46.606 +05:30 [INF] [kvphsc8cyx] HTTP GET /api/employees responded 200 in 5ms [Trace: kvphsc8cyx]
2026-09-28 14:30:46.627 +05:30 [INF] [15uqq6yjhgw] HTTP GET /api/employees responded 200 in 2ms [Trace: 15uqq6yjhgw]
2026-09-28 14:30:46.641 +05:30 [INF] [l39bje0jla] HTTP GET /api/projects responded 200 in 40ms [Trace: l39bje0jla]
2026-09-28 14:30:46.658 +05:30 [INF] [kxo7868hsqh] HTTP GET /api/projects responded 200 in 3ms [Trace: kxo7868hsqh]
2026-09-28 14:30:51.243 +05:30 [INF] [s30498qdxq] HTTP GET /api/employees responded 200 in 4ms [Trace: s30498qdxq]
2026-09-28 14:30:51.259 +05:30 [INF] [e8naqdeduvk] HTTP GET /api/employees responded 200 in 2ms [Trace: e8naqdeduvk]
2026-09-28 14:30:51.277 +05:30 [INF] [g0yzx4uvw7c] HTTP GET /api/employees/1/salary responded 200 in 39ms [Trace: g0yzx4uvw7c]
2026-09-28 14:30:51.293 +05:30 [INF] [658rki02vgf] HTTP GET /api/employees/1/salary responded 200 in 2ms [Trace: 658rki02vgf]
2026-09-28 14:30:56.947 +05:30 [INF] [oltonylrif7] HTTP GET /api/employees/6/salary responded 200 in 2ms [Trace: oltonylrif7]
2026-09-28 14:31:00.301 +05:30 [INF] [jdtpwqhmq] HTTP GET /api/notifications/unread-count responded 200 in 2ms [Trace: jdtpwqhmq]
2026-09-28 14:31:00.322 +05:30 [INF] [w47ephovy3g] HTTP GET /api/notifications responded 200 in 3ms [Trace: w47ephovy3g]
2026-09-28 14:31:00.514 +05:30 [INF] [3ogvxd34rpw] HTTP GET /api/employees/1/payslips responded 200 in 2ms [Trace: 3ogvxd34rpw]
2026-09-28 14:31:00.530 +05:30 [INF] [p0atig8w5c] HTTP GET /api/employees/1/payslips responded 200 in 2ms [Trace: p0atig8w5c]
2026-09-28 14:31:06.012 +05:30 [INF] [err2c88h2qm] HTTP GET /api/auth/users responded 200 in 37ms [Trace: err2c88h2qm]
2026-09-28 14:31:06.030 +05:30 [INF] [si1bv6n95ph] HTTP GET /api/auth/users responded 200 in 4ms [Trace: si1bv6n95ph]
2026-09-28 14:31:09.281 +05:30 [INF] [i1qbrtsogx] HTTP GET /api/auth/roles responded 200 in 27ms [Trace: i1qbrtsogx]
2026-09-28 14:31:09.300 +05:30 [INF] [c6gvhouw5ru] HTTP GET /api/auth/roles responded 200 in 2ms [Trace: c6gvhouw5ru]
2026-09-28 14:31:29.723 +05:30 [INF] [vm883rk5wre] HTTP GET /api/audit-logs responded 200 in 37ms [Trace: vm883rk5wre]
2026-09-28 14:31:29.742 +05:30 [INF] [81co0v4vmfa] HTTP GET /api/audit-logs responded 200 in 2ms [Trace: 81co0v4vmfa]
2026-09-28 14:31:30.301 +05:30 [INF] [8dzfhuai21] HTTP GET /api/notifications/unread-count responded 200 in 4ms [Trace: 8dzfhuai21]
2026-09-28 14:31:30.327 +05:30 [INF] [lze0w11ksa] HTTP GET /api/notifications responded 200 in 2ms [Trace: lze0w11ksa]
2026-09-28 14:31:30.749 +05:30 [INF] [ocaqqltaiwf] HTTP GET /api/auth/roles responded 200 in 2ms [Trace: ocaqqltaiwf]
2026-09-28 14:31:30.760 +05:30 [INF] [qwgq071le7i] HTTP GET /api/auth/roles responded 200 in 2ms [Trace: qwgq071le7i]
2026-09-28 14:32:00.311 +05:30 [INF] [x96xwqgvxmp] HTTP GET /api/notifications/unread-count responded 200 in 12ms [Trace: x96xwqgvxmp]
2026-09-28 14:32:00.332 +05:30 [INF] [ag6ofyrw978] HTTP GET /api/notifications responded 200 in 1ms [Trace: ag6ofyrw978]
2026-09-28 14:32:02.464 +05:30 [INF] [0yvr7bm6c7o] HTTP GET /api/audit-logs responded 200 in 2ms [Trace: 0yvr7bm6c7o]
2026-09-28 14:32:02.477 +05:30 [INF] [0sbul3jwpdn] HTTP GET /api/audit-logs responded 200 in 2ms [Trace: 0sbul3jwpdn]
2026-09-28 14:32:08.575 +05:30 [INF] [a7030bz0y3] HTTP GET /api/reports/employees-by-department responded 200 in 136ms [Trace: a7030bz0y3]
2026-09-28 14:32:08.579 +05:30 [INF] [dhfcmrb103q] HTTP GET /api/reports/project-allocation responded 200 in 68ms [Trace: dhfcmrb103q]
2026-09-28 14:32:08.585 +05:30 [INF] [wtk5aentggj] HTTP GET /api/reports/leave-utilization responded 200 in 146ms [Trace: wtk5aentggj]
2026-09-28 14:32:08.598 +05:30 [INF] [flhqur53z6d] HTTP GET /api/reports/payroll-summary responded 200 in 87ms [Trace: flhqur53z6d]
2026-09-28 14:32:08.602 +05:30 [INF] [f5c75izeo8] HTTP GET /api/reports/employees-by-department responded 200 in 2ms [Trace: f5c75izeo8]
2026-09-28 14:32:08.604 +05:30 [INF] [37d1gsxdfil] HTTP GET /api/reports/project-allocation responded 200 in 1ms [Trace: 37d1gsxdfil]
2026-09-28 14:32:08.607 +05:30 [INF] [unfs58wqw6] HTTP GET /api/reports/leave-utilization responded 200 in 3ms [Trace: unfs58wqw6]
2026-09-28 14:32:08.612 +05:30 [INF] [cl2ookgzn37] HTTP GET /api/reports/payroll-summary responded 200 in 1ms [Trace: cl2ookgzn37]
2026-09-28 14:32:15.075 +05:30 [INF] [j1vc3hvx6qm] HTTP GET /api/employees responded 200 in 3ms [Trace: j1vc3hvx6qm]
2026-09-28 14:32:15.093 +05:30 [INF] [i0ea9pn6dxe] HTTP GET /api/departments responded 200 in 2ms [Trace: i0ea9pn6dxe]
2026-09-28 14:32:15.093 +05:30 [INF] [8hdc8yc00ja] HTTP GET /api/employees responded 200 in 2ms [Trace: 8hdc8yc00ja]
2026-09-28 14:32:15.105 +05:30 [INF] [tbxrc9fsel] HTTP GET /api/departments responded 200 in 1ms [Trace: tbxrc9fsel]
2026-09-28 14:32:15.105 +05:30 [INF] [v5hejjegjq] HTTP GET /api/leaves responded 200 in 1ms [Trace: v5hejjegjq]
2026-09-28 14:32:15.117 +05:30 [INF] [pn4hvnoterp] HTTP GET /api/attendance/today responded 200 in 0ms [Trace: pn4hvnoterp]
2026-09-28 14:32:15.117 +05:30 [INF] [99bjarfb51] HTTP GET /api/leaves responded 200 in 1ms [Trace: 99bjarfb51]
2026-09-28 14:32:15.129 +05:30 [INF] [tvxk4eg8tn] HTTP GET /api/attendance/today responded 200 in 0ms [Trace: tvxk4eg8tn]
2026-09-28 14:32:30.621 +05:30 [INF] [jd8oaybfd7] HTTP GET /api/notifications/unread-count responded 200 in 1ms [Trace: jd8oaybfd7]
2026-09-28 14:32:30.636 +05:30 [INF] [pr16zdnd47r] HTTP GET /api/notifications responded 200 in 1ms [Trace: pr16zdnd47r]
2026-09-28 14:33:00.683 +05:30 [INF] [1pnnmiy41r1] HTTP GET /api/notifications/unread-count responded 200 in 60ms [Trace: 1pnnmiy41r1]
2026-09-28 14:33:00.709 +05:30 [INF] [e60oorfbpto] HTTP GET /api/notifications responded 200 in 3ms [Trace: e60oorfbpto]
2026-09-28 14:33:30.638 +05:30 [INF] [uf82vjdgdt9] HTTP GET /api/notifications/unread-count responded 200 in 31ms [Trace: uf82vjdgdt9]
2026-09-28 14:33:30.654 +05:30 [INF] [t9f0dnwze1c] HTTP GET /api/notifications responded 200 in 0ms [Trace: t9f0dnwze1c]
2026-09-28 14:33:50.120 +05:30 [WRN] [ovjoijaqpz] Compiling a query which loads related collections for more than one collection navigation, either via 'Include' or through projection, but no 'QuerySplittingBehavior' has been configured. By default, Entity Framework will use 'QuerySplittingBehavior.SingleQuery', which can potentially result in slow query performance. See https://go.microsoft.com/fwlink/?linkid=2134277 for more information. To identify the query that's triggering this warning call 'ConfigureWarnings(w => w.Throw(RelationalEventId.MultipleCollectionIncludeWarning))'.
2026-09-28 14:33:50.161 +05:30 [INF] [ovjoijaqpz] LOGOUT. User 1
2026-09-28 14:33:50.163 +05:30 [INF] [ovjoijaqpz] HTTP POST /api/auth/logout responded 204 in 61ms [Trace: ovjoijaqpz]
2026-09-28 14:34:04.679 +05:30 [INF] [weuahmgclmo] LOGIN_SUCCESS. User sairaj@gmail.com, EmployeeId: 6
2026-09-28 14:34:04.681 +05:30 [INF] [weuahmgclmo] HTTP POST /api/auth/login responded 200 in 30ms [Trace: weuahmgclmo]
2026-09-28 14:34:04.718 +05:30 [INF] [ky2qc0xiuko] HTTP GET /api/notifications/unread-count responded 200 in 5ms [Trace: ky2qc0xiuko]
2026-09-28 14:34:04.729 +05:30 [INF] [tiusql68t1r] HTTP GET /api/attendance/today responded 200 in 16ms [Trace: tiusql68t1r]
2026-09-28 14:34:04.767 +05:30 [INF] [6a9552z8wp3] HTTP GET /api/notifications/unread-count responded 200 in 34ms [Trace: 6a9552z8wp3]
2026-09-28 14:34:04.767 +05:30 [INF] [ej4u89plc6] HTTP GET /api/attendance/today responded 200 in 1ms [Trace: ej4u89plc6]
2026-09-28 14:34:04.767 +05:30 [INF] [1n5gecwlhcx] HTTP GET /api/notifications responded 200 in 5ms [Trace: 1n5gecwlhcx]
2026-09-28 14:34:04.798 +05:30 [INF] [ruxxrtsg2jc] HTTP GET /api/notifications responded 200 in 1ms [Trace: ruxxrtsg2jc]
2026-09-28 14:34:08.182 +05:30 [INF] [3n18lrxrlr2] HTTP GET /api/attendance/today responded 200 in 2ms [Trace: 3n18lrxrlr2]
2026-09-28 14:34:08.200 +05:30 [INF] [b7v4s0jkj2d] HTTP GET /api/attendance/today responded 200 in 2ms [Trace: b7v4s0jkj2d]
2026-09-28 14:34:08.200 +05:30 [INF] [ddqdd7tyhz8] HTTP GET /api/attendance responded 200 in 2ms [Trace: ddqdd7tyhz8]
2026-09-28 14:34:08.225 +05:30 [INF] [vdkbmv9d68j] HTTP GET /api/attendance responded 200 in 2ms [Trace: vdkbmv9d68j]
2026-09-28 14:34:12.002 +05:30 [INF] [4q3guu812yb] HTTP GET /api/leaves/types responded 200 in 1ms [Trace: 4q3guu812yb]
2026-09-28 14:34:12.002 +05:30 [INF] [2awkwtxle9z] HTTP GET /api/leaves responded 200 in 1ms [Trace: 2awkwtxle9z]
2026-09-28 14:34:12.017 +05:30 [INF] [nrga3i2tk6] HTTP GET /api/leaves/types responded 200 in 1ms [Trace: nrga3i2tk6]
2026-09-28 14:34:12.017 +05:30 [INF] [ndmrd2tgdzm] HTTP GET /api/leaves responded 200 in 1ms [Trace: ndmrd2tgdzm]
2026-09-28 14:34:34.722 +05:30 [INF] [380iy9c586g] HTTP GET /api/notifications/unread-count responded 200 in 2ms [Trace: 380iy9c586g]
2026-09-28 14:34:34.739 +05:30 [INF] [obrsuyc5a0s] HTTP GET /api/notifications responded 200 in 1ms [Trace: obrsuyc5a0s]
2026-09-28 14:34:52.382 +05:30 [INF] [du8w0lyjl49] HTTP GET /api/employees responded 403 in 43ms [Trace: du8w0lyjl49]
2026-09-28 14:34:52.382 +05:30 [INF] [ufifq1vey5l] HTTP GET /api/projects responded 200 in 42ms [Trace: ufifq1vey5l]
2026-09-28 14:34:52.402 +05:30 [INF] [n33qdjdbkqb] HTTP GET /api/employees responded 403 in 0ms [Trace: n33qdjdbkqb]
2026-09-28 14:34:52.411 +05:30 [INF] [p6tiglzjndf] HTTP GET /api/projects responded 200 in 2ms [Trace: p6tiglzjndf]
2026-09-28 14:34:53.036 +05:30 [INF] [ldlanawtv2] HTTP GET /api/employees/6/payslips responded 200 in 2ms [Trace: ldlanawtv2]
2026-09-28 14:34:53.059 +05:30 [INF] [u6wz1r0kwr] HTTP GET /api/employees/6/payslips responded 200 in 2ms [Trace: u6wz1r0kwr]
2026-09-28 14:35:04.735 +05:30 [INF] [b8q3kn6y1lc] HTTP GET /api/notifications/unread-count responded 200 in 3ms [Trace: b8q3kn6y1lc]
2026-09-28 14:35:04.752 +05:30 [INF] [uz2djaufi9l] HTTP GET /api/notifications responded 200 in 0ms [Trace: uz2djaufi9l]
2026-09-28 14:35:12.398 +05:30 [INF] [lou0i7licl] HTTP GET /api/employees responded 403 in 0ms [Trace: lou0i7licl]
2026-09-28 14:35:12.398 +05:30 [INF] [aa1814m105w] HTTP GET /api/positions responded 200 in 1ms [Trace: aa1814m105w]
2026-09-28 14:35:12.402 +05:30 [INF] [4fff5g0ooc4] HTTP GET /api/departments responded 200 in 5ms [Trace: 4fff5g0ooc4]
2026-09-28 14:35:12.414 +05:30 [INF] [yd02tlokfoc] HTTP GET /api/employees responded 403 in 0ms [Trace: yd02tlokfoc]
2026-09-28 14:35:12.418 +05:30 [INF] [89uly2zl28] HTTP GET /api/positions responded 200 in 0ms [Trace: 89uly2zl28]
2026-09-28 14:35:12.418 +05:30 [INF] [j0bkc802n4] HTTP GET /api/departments responded 200 in 1ms [Trace: j0bkc802n4]
2026-09-28 14:35:12.741 +05:30 [INF] [bfhiew5kmq] HTTP GET /api/attendance/today responded 200 in 1ms [Trace: bfhiew5kmq]
2026-09-28 14:35:12.754 +05:30 [INF] [6syj3nw3f4i] HTTP GET /api/attendance/today responded 200 in 1ms [Trace: 6syj3nw3f4i]
2026-09-28 14:35:25.323 +05:30 [INF] [364ge2q69y7] HTTP GET /api/leaves responded 200 in 37ms [Trace: 364ge2q69y7]
2026-09-28 14:35:25.326 +05:30 [INF] [g35sxe1zta6] HTTP GET /api/leaves/types responded 200 in 38ms [Trace: g35sxe1zta6]
2026-09-28 14:35:25.337 +05:30 [INF] [hcesisktywq] HTTP GET /api/leaves responded 200 in 2ms [Trace: hcesisktywq]
2026-09-28 14:35:25.338 +05:30 [INF] [884lcf9hzvq] HTTP GET /api/leaves/types responded 200 in 1ms [Trace: 884lcf9hzvq]
2026-09-28 14:35:27.441 +05:30 [INF] [1iqm3k851tu] HTTP GET /api/attendance/today responded 200 in 2ms [Trace: 1iqm3k851tu]
2026-09-28 14:35:27.457 +05:30 [INF] [3ilpnvvn24n] HTTP GET /api/attendance/today responded 200 in 2ms [Trace: 3ilpnvvn24n]
2026-09-28 14:35:27.459 +05:30 [INF] [kqc4w8g4k2] HTTP GET /api/attendance responded 200 in 3ms [Trace: kqc4w8g4k2]
2026-09-28 14:35:27.473 +05:30 [INF] [hwytx2d8o07] HTTP GET /api/attendance responded 200 in 1ms [Trace: hwytx2d8o07]
2026-09-28 14:35:30.321 +05:30 [INF] [5mxxqma631c] LOGOUT. User 6
2026-09-28 14:35:30.323 +05:30 [INF] [5mxxqma631c] HTTP POST /api/auth/logout responded 204 in 21ms [Trace: 5mxxqma631c]
2026-09-28 14:35:31.901 +05:30 [INF] [2r5mvflsbi3] LOGIN_SUCCESS. User employee@company.com, EmployeeId: 4
2026-09-28 14:35:31.902 +05:30 [INF] [2r5mvflsbi3] HTTP POST /api/auth/login responded 200 in 24ms [Trace: 2r5mvflsbi3]
2026-09-28 14:35:31.930 +05:30 [INF] [gopahvfx0d] HTTP GET /api/attendance/today responded 200 in 1ms [Trace: gopahvfx0d]
2026-09-28 14:35:31.930 +05:30 [INF] [ld3nshuq0r] HTTP GET /api/notifications/unread-count responded 200 in 1ms [Trace: ld3nshuq0r]
2026-09-28 14:35:31.944 +05:30 [INF] [5gvtn2dtr2i] HTTP GET /api/attendance/today responded 200 in 1ms [Trace: 5gvtn2dtr2i]
2026-09-28 14:35:31.944 +05:30 [INF] [6dr45pyuuc4] HTTP GET /api/notifications/unread-count responded 200 in 1ms [Trace: 6dr45pyuuc4]
2026-09-28 14:35:31.977 +05:30 [INF] [xo8a4x5auv] HTTP GET /api/notifications responded 200 in 33ms [Trace: xo8a4x5auv]
2026-09-28 14:35:31.981 +05:30 [INF] [aau9up3j85p] HTTP GET /api/attendance responded 200 in 37ms [Trace: aau9up3j85p]
2026-09-28 14:35:32.006 +05:30 [INF] [qtns38q0uu] HTTP GET /api/notifications responded 200 in 1ms [Trace: qtns38q0uu]
2026-09-28 14:35:32.007 +05:30 [INF] [lw5e7oeuhfm] HTTP GET /api/attendance responded 200 in 1ms [Trace: lw5e7oeuhfm]
2026-09-28 14:35:34.427 +05:30 [INF] [u491k2lq0fj] LOGOUT. User 4
2026-09-28 14:35:34.431 +05:30 [INF] [u491k2lq0fj] HTTP POST /api/auth/logout responded 204 in 13ms [Trace: u491k2lq0fj]
2026-09-28 14:35:35.871 +05:30 [INF] [8jq1pxomhc] LOGIN_SUCCESS. User manager@company.com, EmployeeId: 3
2026-09-28 14:35:35.874 +05:30 [INF] [8jq1pxomhc] HTTP POST /api/auth/login responded 200 in 25ms [Trace: 8jq1pxomhc]
2026-09-28 14:35:35.910 +05:30 [INF] [tw6n28e55v] HTTP GET /api/attendance/today responded 200 in 1ms [Trace: tw6n28e55v]
2026-09-28 14:35:35.910 +05:30 [INF] [afxzrtvm4hi] HTTP GET /api/notifications/unread-count responded 200 in 1ms [Trace: afxzrtvm4hi]
2026-09-28 14:35:35.927 +05:30 [INF] [fyja9jujchb] HTTP GET /api/notifications/unread-count responded 200 in 1ms [Trace: fyja9jujchb]
2026-09-28 14:35:35.927 +05:30 [INF] [dr9c13a223u] HTTP GET /api/notifications responded 200 in 1ms [Trace: dr9c13a223u]
2026-09-28 14:35:35.929 +05:30 [INF] [6ugqcdsdrmu] HTTP GET /api/attendance responded 200 in 1ms [Trace: 6ugqcdsdrmu]
2026-09-28 14:35:35.946 +05:30 [INF] [abolwhob81c] HTTP GET /api/notifications responded 200 in 1ms [Trace: abolwhob81c]
2026-09-28 14:35:35.961 +05:30 [INF] [bwn8tzolfba] HTTP GET /api/attendance/today responded 200 in 35ms [Trace: bwn8tzolfba]
2026-09-28 14:35:35.971 +05:30 [INF] [xji2k45kljj] HTTP GET /api/attendance responded 200 in 1ms [Trace: xji2k45kljj]
2026-09-28 14:35:49.458 +05:30 [INF] [m9wx8lpg1bd] CHECK_OUT. EmployeeId: 3
2026-09-28 14:35:49.459 +05:30 [INF] [m9wx8lpg1bd] HTTP POST /api/attendance/check-out responded 200 in 43ms [Trace: m9wx8lpg1bd]
2026-09-28 14:35:49.482 +05:30 [INF] [udn9v8vg56] HTTP GET /api/attendance/today responded 200 in 1ms [Trace: udn9v8vg56]
2026-09-28 14:35:49.498 +05:30 [INF] [qz15o6lmzab] HTTP GET /api/attendance responded 200 in 3ms [Trace: qz15o6lmzab]
2026-09-28 14:35:59.867 +05:30 [INF] [4z7xudgxbrd] LOGOUT. User 3
2026-09-28 14:35:59.869 +05:30 [INF] [4z7xudgxbrd] HTTP POST /api/auth/logout responded 204 in 10ms [Trace: 4z7xudgxbrd]
2026-09-28 14:36:09.539 +05:30 [INF] [h6f2vvq2xml] LOGIN_SUCCESS. User hr@company.com, EmployeeId: 2
2026-09-28 14:36:09.540 +05:30 [INF] [h6f2vvq2xml] HTTP POST /api/auth/login responded 200 in 19ms [Trace: h6f2vvq2xml]
2026-09-28 14:36:09.569 +05:30 [INF] [o8aczoknwx] HTTP GET /api/attendance/today responded 200 in 1ms [Trace: o8aczoknwx]
2026-09-28 14:36:09.572 +05:30 [INF] [73gfjxakr74] HTTP GET /api/notifications/unread-count responded 200 in 3ms [Trace: 73gfjxakr74]
2026-09-28 14:36:09.585 +05:30 [INF] [6fm20tp2v5] HTTP GET /api/attendance/today responded 200 in 1ms [Trace: 6fm20tp2v5]
2026-09-28 14:36:09.642 +05:30 [INF] [q3b2o3h27g] HTTP GET /api/attendance responded 200 in 56ms [Trace: q3b2o3h27g]
2026-09-28 14:36:09.643 +05:30 [INF] [8xjrqvc77mo] HTTP GET /api/notifications/unread-count responded 200 in 56ms [Trace: 8xjrqvc77mo]
2026-09-28 14:36:09.643 +05:30 [INF] [by7rx3588cb] HTTP GET /api/notifications responded 200 in 32ms [Trace: by7rx3588cb]
2026-09-28 14:36:09.661 +05:30 [INF] [vw4wdme5zs9] HTTP GET /api/attendance responded 200 in 1ms [Trace: vw4wdme5zs9]
2026-09-28 14:36:09.664 +05:30 [INF] [qtqddw5d3zj] HTTP GET /api/notifications responded 200 in 0ms [Trace: qtqddw5d3zj]
2026-09-28 14:36:13.443 +05:30 [INF] [7vhfqg2s012] HTTP GET /api/reports/project-allocation responded 200 in 37ms [Trace: 7vhfqg2s012]
2026-09-28 14:36:13.443 +05:30 [INF] [8h72yp8fab9] HTTP GET /api/reports/employees-by-department responded 200 in 37ms [Trace: 8h72yp8fab9]
2026-09-28 14:36:13.482 +05:30 [INF] [hxzw4hivi5i] HTTP GET /api/reports/leave-utilization responded 200 in 77ms [Trace: hxzw4hivi5i]
2026-09-28 14:36:13.485 +05:30 [INF] [0ll21zsg8h1] HTTP GET /api/reports/payroll-summary responded 200 in 80ms [Trace: 0ll21zsg8h1]
2026-09-28 14:36:13.500 +05:30 [INF] [bfyp6y4mbr] HTTP GET /api/reports/project-allocation responded 200 in 1ms [Trace: bfyp6y4mbr]
2026-09-28 14:36:13.504 +05:30 [INF] [8s9dlnsla4q] HTTP GET /api/reports/employees-by-department responded 200 in 1ms [Trace: 8s9dlnsla4q]
2026-09-28 14:36:13.508 +05:30 [INF] [90fkk1i4okg] HTTP GET /api/reports/leave-utilization responded 200 in 3ms [Trace: 90fkk1i4okg]
2026-09-28 14:36:13.508 +05:30 [INF] [xkm8jlepixo] HTTP GET /api/reports/payroll-summary responded 200 in 1ms [Trace: xkm8jlepixo]
2026-09-28 14:36:13.808 +05:30 [INF] [m3zrtv2qy8] HTTP GET /api/audit-logs responded 200 in 3ms [Trace: m3zrtv2qy8]
2026-09-28 14:36:13.833 +05:30 [INF] [ruqm4ql933h] HTTP GET /api/audit-logs responded 200 in 2ms [Trace: ruqm4ql933h]
2026-09-28 14:36:15.822 +05:30 [INF] [v9wrf5e7oem] HTTP GET /api/employees/2/payslips responded 200 in 2ms [Trace: v9wrf5e7oem]
2026-09-28 14:36:15.839 +05:30 [INF] [i05kskc4ii] HTTP GET /api/employees/2/payslips responded 200 in 1ms [Trace: i05kskc4ii]
2026-09-28 14:36:16.541 +05:30 [INF] [smpc6bn9s0e] HTTP GET /api/employees/1/salary responded 200 in 2ms [Trace: smpc6bn9s0e]
2026-09-28 14:36:16.542 +05:30 [INF] [r1zf2qh4mno] HTTP GET /api/employees responded 200 in 3ms [Trace: r1zf2qh4mno]
2026-09-28 14:36:16.562 +05:30 [INF] [7kosyvosnhs] HTTP GET /api/employees/1/salary responded 200 in 2ms [Trace: 7kosyvosnhs]
2026-09-28 14:36:16.563 +05:30 [INF] [5q1tv9tqynb] HTTP GET /api/employees responded 200 in 3ms [Trace: 5q1tv9tqynb]
2026-09-28 14:36:18.630 +05:30 [INF] [8vaeeqg9c52] HTTP GET /api/leaves responded 200 in 2ms [Trace: 8vaeeqg9c52]
2026-09-28 14:36:18.630 +05:30 [INF] [4mi1nzdebgj] HTTP GET /api/leaves/types responded 200 in 1ms [Trace: 4mi1nzdebgj]
2026-09-28 14:36:18.648 +05:30 [INF] [kmw1ilvl1j] HTTP GET /api/leaves/types responded 200 in 1ms [Trace: kmw1ilvl1j]
2026-09-28 14:36:18.649 +05:30 [INF] [e998dgwwrvt] HTTP GET /api/leaves responded 200 in 1ms [Trace: e998dgwwrvt]
2026-09-28 14:36:19.605 +05:30 [INF] [a4erh2x0jq] HTTP GET /api/attendance/today responded 200 in 1ms [Trace: a4erh2x0jq]
2026-09-28 14:36:19.618 +05:30 [INF] [xu99lnyc4jh] HTTP GET /api/attendance/today responded 200 in 1ms [Trace: xu99lnyc4jh]
2026-09-28 14:36:19.619 +05:30 [INF] [kezb0kfjlk] HTTP GET /api/attendance responded 200 in 2ms [Trace: kezb0kfjlk]
2026-09-28 14:36:19.634 +05:30 [INF] [tskgrgmvjth] HTTP GET /api/attendance responded 200 in 1ms [Trace: tskgrgmvjth]
2026-09-28 14:36:26.245 +05:30 [INF] [gdgiaettlea] HTTP GET /api/positions responded 200 in 1ms [Trace: gdgiaettlea]
2026-09-28 14:36:26.265 +05:30 [INF] [qwvakqj1qam] HTTP GET /api/positions responded 200 in 1ms [Trace: qwvakqj1qam]
2026-09-28 14:36:27.852 +05:30 [INF] [yys6kbmzaob] HTTP GET /api/departments responded 200 in 1ms [Trace: yys6kbmzaob]
2026-09-28 14:36:27.870 +05:30 [INF] [p1ltjytz01o] HTTP GET /api/departments responded 200 in 1ms [Trace: p1ltjytz01o]
2026-09-28 14:36:28.688 +05:30 [INF] [h83t74cze8l] HTTP GET /api/positions responded 200 in 1ms [Trace: h83t74cze8l]
2026-09-28 14:36:28.688 +05:30 [INF] [h53ihg6wahj] HTTP GET /api/departments responded 200 in 1ms [Trace: h53ihg6wahj]
2026-09-28 14:36:28.689 +05:30 [INF] [slkj941hms] HTTP GET /api/employees responded 200 in 3ms [Trace: slkj941hms]
2026-09-28 14:36:28.706 +05:30 [INF] [r6k9uxova9j] HTTP GET /api/positions responded 200 in 1ms [Trace: r6k9uxova9j]
2026-09-28 14:36:28.710 +05:30 [INF] [1x4avxkia6x] HTTP GET /api/departments responded 200 in 1ms [Trace: 1x4avxkia6x]
2026-09-28 14:36:28.723 +05:30 [INF] [fogr480vm8] HTTP GET /api/employees responded 200 in 2ms [Trace: fogr480vm8]
2026-09-28 14:36:39.581 +05:30 [INF] [3nounmgmyk2] HTTP GET /api/notifications/unread-count responded 200 in 4ms [Trace: 3nounmgmyk2]
2026-09-28 14:36:39.611 +05:30 [INF] [iuf2u5t0a8h] HTTP GET /api/notifications responded 200 in 1ms [Trace: iuf2u5t0a8h]
2026-09-28 14:36:42.794 +05:30 [INF] [y0jjsr47xhi] HTTP GET /api/employees responded 200 in 2ms [Trace: y0jjsr47xhi]
2026-09-28 14:36:42.818 +05:30 [INF] [vgm06llxwqo] HTTP GET /api/departments responded 200 in 2ms [Trace: vgm06llxwqo]
2026-09-28 14:36:42.819 +05:30 [INF] [kb9a26q4rn] HTTP GET /api/employees responded 200 in 3ms [Trace: kb9a26q4rn]
2026-09-28 14:36:42.834 +05:30 [INF] [41sb6f6fqxe] HTTP GET /api/leaves responded 200 in 1ms [Trace: 41sb6f6fqxe]
2026-09-28 14:36:42.837 +05:30 [INF] [azo1mvxlzn] HTTP GET /api/departments responded 200 in 1ms [Trace: azo1mvxlzn]
2026-09-28 14:36:42.848 +05:30 [INF] [uhfromq8fzg] HTTP GET /api/attendance/today responded 200 in 1ms [Trace: uhfromq8fzg]
2026-09-28 14:36:42.848 +05:30 [INF] [odqtql19vw] HTTP GET /api/leaves responded 200 in 2ms [Trace: odqtql19vw]
2026-09-28 14:36:42.862 +05:30 [INF] [qg9as4pqbyp] HTTP GET /api/attendance/today responded 200 in 1ms [Trace: qg9as4pqbyp]
2026-09-28 14:37:09.651 +05:30 [INF] [rysix6vy6rm] HTTP GET /api/notifications/unread-count responded 200 in 64ms [Trace: rysix6vy6rm]
2026-09-28 14:37:09.667 +05:30 [INF] [cumkc5xqds] HTTP GET /api/notifications responded 200 in 1ms [Trace: cumkc5xqds]
2026-09-28 14:37:39.605 +05:30 [INF] [sb4zcmic79n] HTTP GET /api/notifications/unread-count responded 200 in 6ms [Trace: sb4zcmic79n]
2026-09-28 14:37:39.619 +05:30 [INF] [xzohqkvt9l8] HTTP GET /api/notifications responded 200 in 1ms [Trace: xzohqkvt9l8]
2026-09-28 14:38:09.639 +05:30 [INF] [tqtahvrir7k] HTTP GET /api/notifications/unread-count responded 200 in 32ms [Trace: tqtahvrir7k]
2026-09-28 14:38:09.659 +05:30 [INF] [mr6ow90pbx] HTTP GET /api/notifications responded 200 in 4ms [Trace: mr6ow90pbx]
2026-09-28 14:38:26.406 +05:30 [INF] [007uji3ktv0if] LOGOUT. User 2
2026-09-28 14:38:26.410 +05:30 [INF] [007uji3ktv0if] HTTP POST /api/auth/logout responded 204 in 14ms [Trace: 007uji3ktv0if]
2026-09-28 18:24:36.969 +05:30 [INF] [] Now listening on: http://localhost:5000
2026-09-28 18:24:37.016 +05:30 [INF] [] Application started. Press Ctrl+C to shut down.
2026-09-28 18:24:37.016 +05:30 [INF] [] Hosting environment: Development
2026-09-28 18:24:37.017 +05:30 [INF] [] Content root path: C:\Users\sairajk\.gemini\antigravity\scratch\EMS\src\EMS.API
2026-09-28 18:25:10.728 +05:30 [WRN] [njd2k784jyo] Compiling a query which loads related collections for more than one collection navigation, either via 'Include' or through projection, but no 'QuerySplittingBehavior' has been configured. By default, Entity Framework will use 'QuerySplittingBehavior.SingleQuery', which can potentially result in slow query performance. See https://go.microsoft.com/fwlink/?linkid=2134277 for more information. To identify the query that's triggering this warning call 'ConfigureWarnings(w => w.Throw(RelationalEventId.MultipleCollectionIncludeWarning))'.
2026-09-28 18:25:11.230 +05:30 [INF] [njd2k784jyo] LOGIN_SUCCESS. User employee@company.com, EmployeeId: 4
2026-09-28 18:25:11.273 +05:30 [INF] [njd2k784jyo] HTTP POST /api/auth/login responded 200 in 809ms [Trace: njd2k784jyo]
2026-09-28 18:25:11.502 +05:30 [INF] [qs72mu6uyk] HTTP GET /api/attendance/today responded 200 in 174ms [Trace: qs72mu6uyk]
2026-09-28 18:25:11.507 +05:30 [INF] [e1c5wjanll] HTTP GET /api/notifications/unread-count responded 200 in 181ms [Trace: e1c5wjanll]
2026-09-28 18:25:11.528 +05:30 [INF] [g5va7ur02me] HTTP GET /api/notifications/unread-count responded 200 in 5ms [Trace: g5va7ur02me]
2026-09-28 18:25:11.528 +05:30 [INF] [vem5a2xu40c] HTTP GET /api/attendance/today responded 200 in 12ms [Trace: vem5a2xu40c]
2026-09-28 18:25:11.566 +05:30 [INF] [f4cbgt1xegl] HTTP GET /api/notifications responded 200 in 43ms [Trace: f4cbgt1xegl]
2026-09-28 18:25:11.580 +05:30 [INF] [op5g431kr5q] HTTP GET /api/notifications responded 200 in 2ms [Trace: op5g431kr5q]
2026-09-28 18:25:12.882 +05:30 [INF] [4p06ur3ai84] HTTP GET /api/leaves/types responded 200 in 23ms [Trace: 4p06ur3ai84]
2026-09-28 18:25:12.900 +05:30 [INF] [5i9ig6qkhhx] HTTP GET /api/leaves/types responded 200 in 3ms [Trace: 5i9ig6qkhhx]
2026-09-28 18:25:12.925 +05:30 [INF] [19gw94en2j6] HTTP GET /api/leaves responded 200 in 67ms [Trace: 19gw94en2j6]
2026-09-28 18:25:12.951 +05:30 [INF] [4x34ecs8ngp] HTTP GET /api/leaves responded 200 in 7ms [Trace: 4x34ecs8ngp]
2026-09-28 18:25:13.470 +05:30 [INF] [uma47hlwknf] HTTP GET /api/attendance/today responded 200 in 3ms [Trace: uma47hlwknf]
2026-09-28 18:25:13.481 +05:30 [INF] [uu4ercgq7xi] HTTP GET /api/attendance/today responded 200 in 2ms [Trace: uu4ercgq7xi]
2026-09-28 18:25:13.508 +05:30 [INF] [usaqnn4tvqc] HTTP GET /api/attendance responded 200 in 28ms [Trace: usaqnn4tvqc]
2026-09-28 18:25:13.526 +05:30 [INF] [6r8zwvcxnxt] HTTP GET /api/attendance responded 200 in 2ms [Trace: 6r8zwvcxnxt]
2026-09-28 18:25:14.700 +05:30 [INF] [73ra87mlf9x] HTTP GET /api/leaves/types responded 200 in 3ms [Trace: 73ra87mlf9x]
2026-09-28 18:25:14.702 +05:30 [INF] [8x4xnnabowt] HTTP GET /api/leaves responded 200 in 5ms [Trace: 8x4xnnabowt]
2026-09-28 18:25:14.715 +05:30 [INF] [tiznrdx04pm] HTTP GET /api/leaves/types responded 200 in 1ms [Trace: tiznrdx04pm]
2026-09-28 18:25:14.716 +05:30 [INF] [4bfw7ccpat5] HTTP GET /api/leaves responded 200 in 1ms [Trace: 4bfw7ccpat5]
2026-09-28 18:25:20.036 +05:30 [INF] [me4sh1fsipj] LEAVE_APPLIED. LeaveId: 3, EmployeeId: 4
2026-09-28 18:25:20.042 +05:30 [INF] [me4sh1fsipj] HTTP POST /api/leaves responded 201 in 280ms [Trace: me4sh1fsipj]
2026-09-28 18:25:20.089 +05:30 [INF] [9r3fmp1sk58] HTTP GET /api/leaves/types responded 200 in 1ms [Trace: 9r3fmp1sk58]
2026-09-28 18:25:20.091 +05:30 [INF] [imteckfkjb] HTTP GET /api/leaves responded 200 in 3ms [Trace: imteckfkjb]
2026-09-28 18:25:30.108 +05:30 [INF] [p8q4x70orah] HTTP POST /api/leaves/3/cancel responded 403 in 5ms [Trace: p8q4x70orah]
2026-09-28 18:25:34.868 +05:30 [INF] [rzgyk23gtn] HTTP POST /api/leaves/3/cancel responded 403 in 0ms [Trace: rzgyk23gtn]
2026-09-28 18:25:46.986 +05:30 [INF] [ptnxznp4r7] HTTP GET /api/notifications/unread-count responded 200 in 5452ms [Trace: ptnxznp4r7]
2026-09-28 18:25:47.011 +05:30 [INF] [0uzy4acdnuaj] HTTP GET /api/notifications responded 200 in 3ms [Trace: 0uzy4acdnuaj]
2026-09-28 18:26:11.339 +05:30 [INF] [wu9vnvzcym] HTTP GET /api/notifications/unread-count responded 200 in 12ms [Trace: wu9vnvzcym]
2026-09-28 18:26:11.361 +05:30 [INF] [sxansw39rtj] HTTP GET /api/notifications responded 200 in 2ms [Trace: sxansw39rtj]
2026-09-28 18:26:22.614 +05:30 [WRN] [e23ewkudfkl] Compiling a query which loads related collections for more than one collection navigation, either via 'Include' or through projection, but no 'QuerySplittingBehavior' has been configured. By default, Entity Framework will use 'QuerySplittingBehavior.SingleQuery', which can potentially result in slow query performance. See https://go.microsoft.com/fwlink/?linkid=2134277 for more information. To identify the query that's triggering this warning call 'ConfigureWarnings(w => w.Throw(RelationalEventId.MultipleCollectionIncludeWarning))'.
2026-09-28 18:26:22.662 +05:30 [INF] [e23ewkudfkl] LOGOUT. User 4
2026-09-28 18:26:22.665 +05:30 [INF] [e23ewkudfkl] HTTP POST /api/auth/logout responded 204 in 66ms [Trace: e23ewkudfkl]
2026-09-28 18:26:24.487 +05:30 [INF] [lawye6ti08m] LOGIN_SUCCESS. User admin@company.com, EmployeeId: 1
2026-09-28 18:26:24.491 +05:30 [INF] [lawye6ti08m] HTTP POST /api/auth/login responded 200 in 33ms [Trace: lawye6ti08m]
2026-09-28 18:26:24.633 +05:30 [INF] [bznkhtidv6] HTTP GET /api/leaves responded 200 in 95ms [Trace: bznkhtidv6]
2026-09-28 18:26:24.636 +05:30 [INF] [v8ldkgzzpkl] HTTP GET /api/notifications/unread-count responded 200 in 98ms [Trace: v8ldkgzzpkl]
2026-09-28 18:26:24.670 +05:30 [INF] [e91u7258zrt] HTTP GET /api/leaves/types responded 200 in 131ms [Trace: e91u7258zrt]
2026-09-28 18:26:24.686 +05:30 [INF] [xlh8c4c4m6e] HTTP GET /api/leaves responded 200 in 2ms [Trace: xlh8c4c4m6e]
2026-09-28 18:26:24.690 +05:30 [INF] [tpvp8ao0vv] HTTP GET /api/notifications/unread-count responded 200 in 1ms [Trace: tpvp8ao0vv]
2026-09-28 18:26:24.691 +05:30 [INF] [jvzn4lh8] HTTP GET /api/notifications responded 200 in 1ms [Trace: jvzn4lh8]
2026-09-28 18:26:24.698 +05:30 [INF] [qeu43ictjxr] HTTP GET /api/leaves/types responded 200 in 1ms [Trace: qeu43ictjxr]
2026-09-28 18:26:24.708 +05:30 [INF] [2n82rp8jkbs] HTTP GET /api/notifications responded 200 in 1ms [Trace: 2n82rp8jkbs]
2026-09-28 18:26:37.307 +05:30 [INF] [qq693ckw8sd] HTTP PUT /api/notifications/3/read responded 204 in 22ms [Trace: qq693ckw8sd]
2026-09-28 18:26:37.344 +05:30 [INF] [s5mb98mkgyh] HTTP GET /api/notifications/unread-count responded 200 in 4ms [Trace: s5mb98mkgyh]
2026-09-28 18:26:37.367 +05:30 [INF] [bl83f0nfqt8] HTTP GET /api/notifications responded 200 in 1ms [Trace: bl83f0nfqt8]
2026-09-28 18:26:43.000 +05:30 [INF] [kgkw94zwssn] LOGOUT. User 1
2026-09-28 18:26:43.003 +05:30 [INF] [kgkw94zwssn] HTTP POST /api/auth/logout responded 204 in 12ms [Trace: kgkw94zwssn]
2026-09-28 18:26:44.783 +05:30 [INF] [r0zmlkpco7k] LOGIN_SUCCESS. User manager@company.com, EmployeeId: 3
2026-09-28 18:26:44.785 +05:30 [INF] [r0zmlkpco7k] HTTP POST /api/auth/login responded 200 in 34ms [Trace: r0zmlkpco7k]
2026-09-28 18:26:44.816 +05:30 [INF] [8njmsy404mr] HTTP GET /api/notifications/unread-count responded 200 in 1ms [Trace: 8njmsy404mr]
2026-09-28 18:26:44.816 +05:30 [INF] [0jl3n10m0vbi] HTTP GET /api/leaves/types responded 200 in 1ms [Trace: 0jl3n10m0vbi]
2026-09-28 18:26:44.817 +05:30 [INF] [lwqg5gaehci] HTTP GET /api/leaves responded 200 in 2ms [Trace: lwqg5gaehci]
2026-09-28 18:26:44.830 +05:30 [INF] [w0gggq7l8x] HTTP GET /api/notifications/unread-count responded 200 in 1ms [Trace: w0gggq7l8x]
2026-09-28 18:26:44.830 +05:30 [INF] [zmg77njczzo] HTTP GET /api/leaves/types responded 200 in 0ms [Trace: zmg77njczzo]
2026-09-28 18:26:44.831 +05:30 [INF] [zoss3ms4pgc] HTTP GET /api/notifications responded 200 in 1ms [Trace: zoss3ms4pgc]
2026-09-28 18:26:44.844 +05:30 [INF] [7pdh81vekxa] HTTP GET /api/leaves responded 200 in 9ms [Trace: 7pdh81vekxa]
2026-09-28 18:26:44.849 +05:30 [INF] [n44vlivssgj] HTTP GET /api/notifications responded 200 in 1ms [Trace: n44vlivssgj]
2026-09-28 18:26:52.221 +05:30 [INF] [0kl6r7iobyb] HTTP PUT /api/notifications/9/read responded 204 in 3ms [Trace: 0kl6r7iobyb]
2026-09-28 18:26:52.234 +05:30 [INF] [72jqmnmdck] HTTP GET /api/notifications/unread-count responded 200 in 1ms [Trace: 72jqmnmdck]
2026-09-28 18:26:52.249 +05:30 [INF] [hgtl9ms01p] HTTP GET /api/notifications responded 200 in 1ms [Trace: hgtl9ms01p]
2026-09-28 18:26:54.586 +05:30 [INF] [jlzoevsyd9l] HTTP PUT /api/notifications/9/read responded 204 in 4ms [Trace: jlzoevsyd9l]
2026-09-28 18:26:54.603 +05:30 [INF] [j55y2h1jdfe] HTTP GET /api/notifications/unread-count responded 200 in 2ms [Trace: j55y2h1jdfe]
2026-09-28 18:26:54.617 +05:30 [INF] [p0ypuukk4q] HTTP GET /api/notifications responded 200 in 1ms [Trace: p0ypuukk4q]
2026-09-28 18:27:00.947 +05:30 [INF] [neyscx65bz8] HTTP PUT /api/leaves/3/approve responded 403 in 8ms [Trace: neyscx65bz8]
2026-09-28 18:27:05.958 +05:30 [INF] [esly5aa0d6h] LOGOUT. User 3
2026-09-28 18:27:05.960 +05:30 [INF] [esly5aa0d6h] HTTP POST /api/auth/logout responded 204 in 10ms [Trace: esly5aa0d6h]
2026-09-28 18:27:07.820 +05:30 [INF] [dzmpy08h9ua] LOGIN_SUCCESS. User admin@company.com, EmployeeId: 1
2026-09-28 18:27:07.821 +05:30 [INF] [dzmpy08h9ua] HTTP POST /api/auth/login responded 200 in 26ms [Trace: dzmpy08h9ua]
2026-09-28 18:27:07.857 +05:30 [INF] [30nesdi6y3q] HTTP GET /api/notifications/unread-count responded 200 in 1ms [Trace: 30nesdi6y3q]
2026-09-28 18:27:07.857 +05:30 [INF] [4zl3g3vg5ip] HTTP GET /api/leaves/types responded 200 in 1ms [Trace: 4zl3g3vg5ip]
2026-09-28 18:27:07.858 +05:30 [INF] [96fy9r407p] HTTP GET /api/leaves responded 200 in 1ms [Trace: 96fy9r407p]
2026-09-28 18:27:07.872 +05:30 [INF] [b2rgeyn7vzk] HTTP GET /api/notifications/unread-count responded 200 in 1ms [Trace: b2rgeyn7vzk]
2026-09-28 18:27:07.872 +05:30 [INF] [d1vdeoichbu] HTTP GET /api/leaves/types responded 200 in 1ms [Trace: d1vdeoichbu]
2026-09-28 18:27:07.873 +05:30 [INF] [w48q2nya4m] HTTP GET /api/notifications responded 200 in 1ms [Trace: w48q2nya4m]
2026-09-28 18:27:07.875 +05:30 [INF] [k3acnfi9vgi] HTTP GET /api/leaves responded 200 in 1ms [Trace: k3acnfi9vgi]
2026-09-28 18:27:07.890 +05:30 [INF] [zyqlji9gxip] HTTP GET /api/notifications responded 200 in 1ms [Trace: zyqlji9gxip]
2026-09-28 18:27:08.937 +05:30 [INF] [aq6n6og27vm] LEAVE_STATUS_CHANGED. LeaveId: 3, Status: "Approved", By: 1
2026-09-28 18:27:08.939 +05:30 [INF] [aq6n6og27vm] HTTP PUT /api/leaves/3/approve responded 200 in 71ms [Trace: aq6n6og27vm]
2026-09-28 18:27:08.967 +05:30 [INF] [jozs4sucd57] HTTP GET /api/leaves/types responded 200 in 2ms [Trace: jozs4sucd57]
2026-09-28 18:27:08.967 +05:30 [INF] [eb16z66ylq] HTTP GET /api/leaves responded 200 in 3ms [Trace: eb16z66ylq]
2026-09-28 18:27:11.406 +05:30 [INF] [kygqf5olbm] LOGOUT. User 1
2026-09-28 18:27:11.410 +05:30 [INF] [kygqf5olbm] HTTP POST /api/auth/logout responded 204 in 13ms [Trace: kygqf5olbm]
2026-09-28 18:27:13.340 +05:30 [INF] [t8ta903s05] LOGIN_SUCCESS. User employee@company.com, EmployeeId: 4
2026-09-28 18:27:13.341 +05:30 [INF] [t8ta903s05] HTTP POST /api/auth/login responded 200 in 21ms [Trace: t8ta903s05]
2026-09-28 18:27:13.368 +05:30 [INF] [dglp5w908uw] HTTP GET /api/notifications/unread-count responded 200 in 1ms [Trace: dglp5w908uw]
2026-09-28 18:27:13.368 +05:30 [INF] [nqxudhpobb] HTTP GET /api/leaves/types responded 200 in 1ms [Trace: nqxudhpobb]
2026-09-28 18:27:13.369 +05:30 [INF] [b6wbismxpd] HTTP GET /api/leaves responded 200 in 1ms [Trace: b6wbismxpd]
2026-09-28 18:27:13.382 +05:30 [INF] [tilkz4yrrqc] HTTP GET /api/notifications/unread-count responded 200 in 1ms [Trace: tilkz4yrrqc]
2026-09-28 18:27:13.382 +05:30 [INF] [y8bpoyy6swd] HTTP GET /api/leaves/types responded 200 in 0ms [Trace: y8bpoyy6swd]
2026-09-28 18:27:13.383 +05:30 [INF] [ne17expumo] HTTP GET /api/notifications responded 200 in 1ms [Trace: ne17expumo]
2026-09-28 18:27:13.384 +05:30 [INF] [akef301ygrs] HTTP GET /api/leaves responded 200 in 1ms [Trace: akef301ygrs]
2026-09-28 18:27:13.402 +05:30 [INF] [jo94ps9ve2l] HTTP GET /api/notifications responded 200 in 1ms [Trace: jo94ps9ve2l]
2026-09-28 18:27:32.916 +05:30 [INF] [1cimzdw4lqt] LOGOUT. User 4
2026-09-28 18:27:32.917 +05:30 [INF] [1cimzdw4lqt] HTTP POST /api/auth/logout responded 204 in 36ms [Trace: 1cimzdw4lqt]
2026-09-28 18:27:34.673 +05:30 [INF] [ar2y8owxoqn] LOGIN_SUCCESS. User admin@company.com, EmployeeId: 1
2026-09-28 18:27:34.674 +05:30 [INF] [ar2y8owxoqn] HTTP POST /api/auth/login responded 200 in 23ms [Trace: ar2y8owxoqn]
2026-09-28 18:27:34.711 +05:30 [INF] [ppbmr4fl45r] HTTP GET /api/leaves/types responded 200 in 1ms [Trace: ppbmr4fl45r]
2026-09-28 18:27:34.712 +05:30 [INF] [y2e3miy538b] HTTP GET /api/leaves responded 200 in 1ms [Trace: y2e3miy538b]
2026-09-28 18:27:34.711 +05:30 [INF] [504lr8hihyh] HTTP GET /api/notifications/unread-count responded 200 in 1ms [Trace: 504lr8hihyh]
2026-09-28 18:27:34.747 +05:30 [INF] [31yy1941c3r] HTTP GET /api/leaves/types responded 200 in 1ms [Trace: 31yy1941c3r]
2026-09-28 18:27:34.750 +05:30 [INF] [ib4508ysoqg] HTTP GET /api/leaves responded 200 in 1ms [Trace: ib4508ysoqg]
2026-09-28 18:27:34.753 +05:30 [INF] [neaabncmx39] HTTP GET /api/notifications/unread-count responded 200 in 1ms [Trace: neaabncmx39]
2026-09-28 18:27:34.755 +05:30 [INF] [4ld44mozy26] HTTP GET /api/notifications responded 200 in 1ms [Trace: 4ld44mozy26]
2026-09-28 18:27:34.770 +05:30 [INF] [tq2hruw92og] HTTP GET /api/notifications responded 200 in 1ms [Trace: tq2hruw92og]
2026-09-28 18:27:45.295 +05:30 [INF] [2op6cx5wjxv] HTTP GET /api/auth/users responded 200 in 28ms [Trace: 2op6cx5wjxv]
2026-09-28 18:27:45.311 +05:30 [INF] [csshqhpafts] HTTP GET /api/auth/users responded 200 in 1ms [Trace: csshqhpafts]
2026-09-28 18:27:46.616 +05:30 [INF] [zxwrk57euk] HTTP GET /api/auth/roles responded 200 in 27ms [Trace: zxwrk57euk]
2026-09-28 18:27:46.642 +05:30 [INF] [jkecgy60mu] HTTP GET /api/auth/roles responded 200 in 4ms [Trace: jkecgy60mu]
2026-09-28 18:27:47.838 +05:30 [INF] [wkpiqbh8tuk] HTTP GET /api/audit-logs responded 200 in 40ms [Trace: wkpiqbh8tuk]
2026-09-28 18:27:47.862 +05:30 [INF] [2cw5x9nkzzk] HTTP GET /api/audit-logs responded 200 in 3ms [Trace: 2cw5x9nkzzk]
2026-09-28 18:27:51.393 +05:30 [INF] [ex17ofxov3q] HTTP GET /api/audit-logs responded 200 in 15ms [Trace: ex17ofxov3q]
2026-09-28 18:27:53.555 +05:30 [INF] [f4p3dv6unrc] HTTP GET /api/audit-logs responded 200 in 3ms [Trace: f4p3dv6unrc]
2026-09-28 18:27:56.110 +05:30 [INF] [ew12m15goub] HTTP GET /api/audit-logs responded 200 in 19ms [Trace: ew12m15goub]
2026-09-28 18:27:59.069 +05:30 [INF] [x7nhmowu8k] HTTP GET /api/audit-logs responded 200 in 3ms [Trace: x7nhmowu8k]
2026-09-28 18:28:04.724 +05:30 [INF] [wt2c6c5ov8] HTTP GET /api/notifications/unread-count responded 200 in 3ms [Trace: wt2c6c5ov8]
2026-09-28 18:28:04.746 +05:30 [INF] [o40gyrladgk] HTTP GET /api/notifications responded 200 in 0ms [Trace: o40gyrladgk]
2026-09-28 18:28:06.099 +05:30 [INF] [qfa53vt405] HTTP GET /api/audit-logs responded 200 in 2ms [Trace: qfa53vt405]
2026-09-28 18:28:25.522 +05:30 [INF] [7a2rg7y0bet] HTTP GET /api/audit-logs responded 200 in 2ms [Trace: 7a2rg7y0bet]
2026-09-28 18:28:32.554 +05:30 [INF] [ex81479nlwq] HTTP GET /api/audit-logs responded 200 in 3ms [Trace: ex81479nlwq]
2026-09-28 18:28:34.728 +05:30 [INF] [cpow6rq09no] HTTP GET /api/notifications/unread-count responded 200 in 2ms [Trace: cpow6rq09no]
2026-09-28 18:28:34.748 +05:30 [INF] [pjou7purk1k] HTTP GET /api/notifications responded 200 in 2ms [Trace: pjou7purk1k]
2026-09-28 18:28:45.563 +05:30 [INF] [xx3ikg8u86] HTTP GET /api/auth/roles responded 200 in 5ms [Trace: xx3ikg8u86]
2026-09-28 18:28:45.580 +05:30 [INF] [aoha14rgzvp] HTTP GET /api/auth/roles responded 200 in 2ms [Trace: aoha14rgzvp]
2026-09-28 18:28:47.512 +05:30 [INF] [y0mp3thrs1b] HTTP GET /api/auth/users responded 200 in 2ms [Trace: y0mp3thrs1b]
2026-09-28 18:28:47.530 +05:30 [INF] [fo5nowh6luh] HTTP GET /api/auth/users responded 200 in 3ms [Trace: fo5nowh6luh]
2026-09-28 18:28:48.833 +05:30 [INF] [ztb1ctt0o1e] HTTP GET /api/employees/1/payslips responded 200 in 43ms [Trace: ztb1ctt0o1e]
2026-09-28 18:28:48.860 +05:30 [INF] [venalb5hha] HTTP GET /api/employees/1/payslips responded 200 in 3ms [Trace: venalb5hha]
2026-09-28 18:28:50.344 +05:30 [INF] [4tgudi9nhj3] HTTP GET /api/employees/1/salary responded 200 in 25ms [Trace: 4tgudi9nhj3]
2026-09-28 18:28:50.356 +05:30 [INF] [8e48gdconx6] HTTP GET /api/employees responded 200 in 37ms [Trace: 8e48gdconx6]
2026-09-28 18:28:50.359 +05:30 [INF] [djkbv5894np] HTTP GET /api/employees/1/salary responded 200 in 1ms [Trace: djkbv5894np]
2026-09-28 18:28:50.372 +05:30 [INF] [g5cmgy8wuu] HTTP GET /api/employees responded 200 in 2ms [Trace: g5cmgy8wuu]
2026-09-28 18:29:04.725 +05:30 [INF] [gh7paeis6bi] HTTP GET /api/notifications/unread-count responded 200 in 3ms [Trace: gh7paeis6bi]
2026-09-28 18:29:04.742 +05:30 [INF] [05ub6pm5z0a3] HTTP GET /api/notifications responded 200 in 0ms [Trace: 05ub6pm5z0a3]
2026-09-28 18:29:28.152 +05:30 [INF] [2xshug3i50g] HTTP GET /api/employees/1/payslips responded 200 in 2ms [Trace: 2xshug3i50g]
2026-09-28 18:29:28.164 +05:30 [INF] [ae3v22cxgii] HTTP GET /api/employees/1/payslips responded 200 in 1ms [Trace: ae3v22cxgii]
2026-09-28 18:29:30.164 +05:30 [INF] [mc0ib6gjmm] HTTP GET /api/employees/1/salary responded 200 in 2ms [Trace: mc0ib6gjmm]
2026-09-28 18:29:30.166 +05:30 [INF] [s3l3xkeeb2b] HTTP GET /api/employees responded 200 in 4ms [Trace: s3l3xkeeb2b]
2026-09-28 18:29:30.176 +05:30 [INF] [v7i6rg651eh] HTTP GET /api/employees/1/salary responded 200 in 1ms [Trace: v7i6rg651eh]
2026-09-28 18:29:30.219 +05:30 [INF] [6hge5o1jf9y] HTTP GET /api/employees responded 200 in 41ms [Trace: 6hge5o1jf9y]
2026-09-28 18:29:32.635 +05:30 [INF] [uz4wc06zrf] HTTP GET /api/employees/5/salary responded 200 in 2ms [Trace: uz4wc06zrf]
2026-09-28 18:29:34.721 +05:30 [INF] [icathkkr5t] HTTP GET /api/notifications/unread-count responded 200 in 2ms [Trace: icathkkr5t]
2026-09-28 18:29:34.744 +05:30 [INF] [4goszo9kkle] HTTP GET /api/notifications responded 200 in 1ms [Trace: 4goszo9kkle]
2026-09-28 18:29:39.180 +05:30 [INF] [hflvsxf7wck] HTTP GET /api/employees/6/salary responded 200 in 44ms [Trace: hflvsxf7wck]
2026-09-28 18:29:48.933 +05:30 [INF] [acohgqyynxt] PAYSLIP_GENERATED. EmployeeId: 6, Month: 6, Year: 2026
2026-09-28 18:29:48.940 +05:30 [INF] [acohgqyynxt] HTTP POST /api/employees/6/payslips/generate responded 201 in 40ms [Trace: acohgqyynxt]
2026-09-28 18:29:58.555 +05:30 [INF] [wooe9s0yvoq] LOGOUT. User 1
2026-09-28 18:29:58.558 +05:30 [INF] [wooe9s0yvoq] HTTP POST /api/auth/logout responded 204 in 18ms [Trace: wooe9s0yvoq]
2026-09-28 18:30:08.625 +05:30 [INF] [vb9f4j12v5] LOGIN_SUCCESS. User sairaj@gmail.com, EmployeeId: 6
2026-09-28 18:30:08.628 +05:30 [INF] [vb9f4j12v5] HTTP POST /api/auth/login responded 200 in 29ms [Trace: vb9f4j12v5]
2026-09-28 18:30:08.659 +05:30 [INF] [5hvvs6ltijd] HTTP GET /api/employees/1/salary responded 403 in 0ms [Trace: 5hvvs6ltijd]
2026-09-28 18:30:08.659 +05:30 [INF] [arzeellpaz] HTTP GET /api/employees responded 403 in 0ms [Trace: arzeellpaz]
2026-09-28 18:30:08.715 +05:30 [INF] [9p2a0hz7mgp] HTTP GET /api/notifications/unread-count responded 200 in 55ms [Trace: 9p2a0hz7mgp]
2026-09-28 18:30:08.724 +05:30 [INF] [cjgnvxbokx] HTTP GET /api/employees/1/salary responded 403 in 5ms [Trace: cjgnvxbokx]
2026-09-28 18:30:08.735 +05:30 [INF] [ib9dbpbmfw] HTTP GET /api/employees responded 403 in 0ms [Trace: ib9dbpbmfw]
2026-09-28 18:30:08.739 +05:30 [INF] [reurutfg2ss] HTTP GET /api/notifications/unread-count responded 200 in 1ms [Trace: reurutfg2ss]
2026-09-28 18:30:08.767 +05:30 [INF] [0gg6fahswlzq] HTTP GET /api/notifications responded 200 in 28ms [Trace: 0gg6fahswlzq]
2026-09-28 18:30:08.785 +05:30 [INF] [g1vlr5h1xyb] HTTP GET /api/notifications responded 200 in 1ms [Trace: g1vlr5h1xyb]
2026-09-28 18:30:14.913 +05:30 [INF] [mpwll1g6uz] HTTP GET /api/employees/6/payslips responded 200 in 3ms [Trace: mpwll1g6uz]
2026-09-28 18:30:14.934 +05:30 [INF] [g4k2hdc22pi] HTTP GET /api/employees/6/payslips responded 200 in 1ms [Trace: g4k2hdc22pi]
2026-09-28 18:30:16.807 +05:30 [INF] [l54ercikta] HTTP PUT /api/notifications/11/read responded 204 in 5ms [Trace: l54ercikta]
2026-09-28 18:30:16.835 +05:30 [INF] [gbv5gxthyei] HTTP GET /api/notifications/unread-count responded 200 in 1ms [Trace: gbv5gxthyei]
2026-09-28 18:30:16.856 +05:30 [INF] [s3a7wemqcg] HTTP GET /api/notifications responded 200 in 2ms [Trace: s3a7wemqcg]
2026-09-28 18:30:39.011 +05:30 [INF] [nppkhuvjm5] HTTP GET /api/notifications/unread-count responded 200 in 3ms [Trace: nppkhuvjm5]
2026-09-28 18:30:39.022 +05:30 [INF] [zkrlqw0p1e] HTTP GET /api/notifications responded 200 in 1ms [Trace: zkrlqw0p1e]
2026-09-28 18:31:12.254 +05:30 [INF] [cmslfuqts7a] HTTP GET /api/notifications/unread-count responded 200 in 27ms [Trace: cmslfuqts7a]
2026-09-28 18:31:12.269 +05:30 [INF] [o0bypudknc] HTTP GET /api/notifications responded 200 in 1ms [Trace: o0bypudknc]
2026-09-28 18:31:21.634 +05:30 [INF] [d56vb94ach] HTTP GET /api/employees responded 403 in 0ms [Trace: d56vb94ach]
2026-09-28 18:31:21.652 +05:30 [INF] [jm5l1r202y9] HTTP GET /api/employees responded 403 in 0ms [Trace: jm5l1r202y9]
2026-09-28 18:31:21.697 +05:30 [INF] [xpmx0i6y5eo] HTTP GET /api/projects responded 200 in 63ms [Trace: xpmx0i6y5eo]
2026-09-28 18:31:21.714 +05:30 [INF] [cr43k1y1nr9] HTTP GET /api/projects responded 200 in 2ms [Trace: cr43k1y1nr9]
2026-09-28 18:31:38.674 +05:30 [INF] [ids44jh5up] HTTP GET /api/notifications/unread-count responded 200 in 1ms [Trace: ids44jh5up]
2026-09-28 18:31:38.686 +05:30 [INF] [08an1balyec9] HTTP GET /api/notifications responded 200 in 1ms [Trace: 08an1balyec9]
2026-09-28 18:32:08.701 +05:30 [INF] [emmxca71r8e] HTTP GET /api/notifications/unread-count responded 200 in 9ms [Trace: emmxca71r8e]
2026-09-28 18:32:08.722 +05:30 [INF] [nqdizlwjfwg] HTTP GET /api/notifications responded 200 in 1ms [Trace: nqdizlwjfwg]
2026-09-28 18:32:25.499 +05:30 [INF] [wz4lelx5zbe] LOGOUT. User 6
2026-09-28 18:32:25.502 +05:30 [INF] [wz4lelx5zbe] HTTP POST /api/auth/logout responded 204 in 16ms [Trace: wz4lelx5zbe]
2026-09-28 18:32:27.599 +05:30 [INF] [mbtj9na0mj] LOGIN_SUCCESS. User admin@company.com, EmployeeId: 1
2026-09-28 18:32:27.600 +05:30 [INF] [mbtj9na0mj] HTTP POST /api/auth/login responded 200 in 26ms [Trace: mbtj9na0mj]
2026-09-28 18:32:27.626 +05:30 [INF] [swpwm9al5c] HTTP GET /api/notifications/unread-count responded 200 in 1ms [Trace: swpwm9al5c]
2026-09-28 18:32:27.646 +05:30 [INF] [doadieqo3aj] HTTP GET /api/notifications/unread-count responded 200 in 8ms [Trace: doadieqo3aj]
2026-09-28 18:32:27.646 +05:30 [INF] [f5udyoe1tlf] HTTP GET /api/notifications responded 200 in 0ms [Trace: f5udyoe1tlf]
2026-09-28 18:32:27.661 +05:30 [INF] [ki8kn2b6yg] HTTP GET /api/notifications responded 200 in 1ms [Trace: ki8kn2b6yg]
2026-09-28 18:32:29.454 +05:30 [INF] [obhbeopdtz] HTTP GET /api/leaves/types responded 200 in 1ms [Trace: obhbeopdtz]
2026-09-28 18:32:29.455 +05:30 [INF] [7iqopsphnma] HTTP GET /api/leaves responded 200 in 3ms [Trace: 7iqopsphnma]
2026-09-28 18:32:29.473 +05:30 [INF] [snvmrnn37os] HTTP GET /api/leaves/types responded 200 in 1ms [Trace: snvmrnn37os]
2026-09-28 18:32:29.477 +05:30 [INF] [tl4gv1vp0m] HTTP GET /api/leaves responded 200 in 1ms [Trace: tl4gv1vp0m]
2026-09-28 18:32:30.038 +05:30 [INF] [b9ug3lf6xe] HTTP GET /api/attendance/today responded 200 in 2ms [Trace: b9ug3lf6xe]
2026-09-28 18:32:30.057 +05:30 [INF] [k8y1at1095] HTTP GET /api/attendance/today responded 200 in 1ms [Trace: k8y1at1095]
2026-09-28 18:32:30.058 +05:30 [INF] [xiy5yxvhl4] HTTP GET /api/attendance responded 200 in 1ms [Trace: xiy5yxvhl4]
2026-09-28 18:32:30.075 +05:30 [INF] [eiiybewjtyh] HTTP GET /api/attendance responded 200 in 1ms [Trace: eiiybewjtyh]
2026-09-28 18:32:31.497 +05:30 [INF] [agz94dvwkxj] CHECK_IN. EmployeeId: 1, Status: "Late"
2026-09-28 18:32:31.501 +05:30 [INF] [agz94dvwkxj] HTTP POST /api/attendance/check-in responded 200 in 41ms [Trace: agz94dvwkxj]
2026-09-28 18:32:31.542 +05:30 [INF] [rjhfg6t0q6c] HTTP GET /api/attendance/today responded 200 in 2ms [Trace: rjhfg6t0q6c]
2026-09-28 18:32:31.571 +05:30 [INF] [4ui3rgv0rz4] HTTP GET /api/attendance responded 200 in 2ms [Trace: 4ui3rgv0rz4]
2026-09-28 18:32:41.737 +05:30 [INF] [80nmtaia5bf] CHECK_OUT. EmployeeId: 1
2026-09-28 18:32:41.738 +05:30 [INF] [80nmtaia5bf] HTTP POST /api/attendance/check-out responded 200 in 20ms [Trace: 80nmtaia5bf]
2026-09-28 18:32:41.763 +05:30 [INF] [ngqzxlhbni] HTTP GET /api/attendance/today responded 200 in 1ms [Trace: ngqzxlhbni]
2026-09-28 18:32:41.780 +05:30 [INF] [r2eiwhzczrr] HTTP GET /api/attendance responded 200 in 1ms [Trace: r2eiwhzczrr]
2026-09-28 18:32:48.559 +05:30 [INF] [g9ceuu5mz5] HTTP GET /api/leaves/types responded 200 in 1ms [Trace: g9ceuu5mz5]
2026-09-28 18:32:48.559 +05:30 [INF] [wgcqg89ci2s] HTTP GET /api/leaves responded 200 in 1ms [Trace: wgcqg89ci2s]
2026-09-28 18:32:48.568 +05:30 [INF] [wtq2r1ylrko] HTTP GET /api/leaves/types responded 200 in 1ms [Trace: wtq2r1ylrko]
2026-09-28 18:32:48.572 +05:30 [INF] [5wyu2dv2v7a] HTTP GET /api/leaves responded 200 in 2ms [Trace: 5wyu2dv2v7a]
2026-09-28 18:32:49.048 +05:30 [INF] [cyxu5k2c5vv] HTTP GET /api/attendance/today responded 200 in 2ms [Trace: cyxu5k2c5vv]
2026-09-28 18:32:49.065 +05:30 [INF] [otn0x3hak4m] HTTP GET /api/attendance/today responded 200 in 1ms [Trace: otn0x3hak4m]
2026-09-28 18:32:49.065 +05:30 [INF] [dndxy7bs5pv] HTTP GET /api/attendance responded 200 in 2ms [Trace: dndxy7bs5pv]
2026-09-28 18:32:49.085 +05:30 [INF] [hrqjqpqfyn6] HTTP GET /api/attendance responded 200 in 2ms [Trace: hrqjqpqfyn6]
2026-09-28 18:32:53.895 +05:30 [INF] [qdgabhta2s] HTTP GET /api/leaves/types responded 200 in 1ms [Trace: qdgabhta2s]
2026-09-28 18:32:53.897 +05:30 [INF] [356hllnmyvf] HTTP GET /api/leaves responded 200 in 2ms [Trace: 356hllnmyvf]
2026-09-28 18:32:53.913 +05:30 [INF] [wlqmp5y51q] HTTP GET /api/leaves/types responded 200 in 1ms [Trace: wlqmp5y51q]
2026-09-28 18:32:53.919 +05:30 [INF] [c7ra0818fa] HTTP GET /api/leaves responded 200 in 3ms [Trace: c7ra0818fa]
2026-09-28 18:32:55.984 +05:30 [INF] [q4cpwvvcl6e] HTTP GET /api/auth/users responded 200 in 3ms [Trace: q4cpwvvcl6e]
2026-09-28 18:32:56.009 +05:30 [INF] [qkeeazvz51] HTTP GET /api/auth/users responded 200 in 2ms [Trace: qkeeazvz51]
2026-09-28 18:32:57.645 +05:30 [INF] [maym4qmvx4p] HTTP GET /api/notifications/unread-count responded 200 in 1ms [Trace: maym4qmvx4p]
2026-09-28 18:32:57.663 +05:30 [INF] [ce70hz8wyb] HTTP GET /api/notifications responded 200 in 0ms [Trace: ce70hz8wyb]
2026-09-28 18:32:59.087 +05:30 [INF] [faj7lwi20pp] HTTP GET /api/auth/roles responded 200 in 2ms [Trace: faj7lwi20pp]
2026-09-28 18:32:59.120 +05:30 [INF] [6cb1nln5hco] HTTP GET /api/auth/roles responded 200 in 4ms [Trace: 6cb1nln5hco]
2026-09-28 18:33:05.492 +05:30 [INF] [rhs1pxiq3x] HTTP GET /api/audit-logs responded 200 in 6ms [Trace: rhs1pxiq3x]
2026-09-28 18:33:05.511 +05:30 [INF] [7xskmrnz009] HTTP GET /api/audit-logs responded 200 in 1ms [Trace: 7xskmrnz009]
2026-09-28 18:33:27.644 +05:30 [INF] [8b553ttis6i] HTTP GET /api/notifications/unread-count responded 200 in 1ms [Trace: 8b553ttis6i]
2026-09-28 18:33:27.667 +05:30 [INF] [ins63ceeij] HTTP GET /api/notifications responded 200 in 0ms [Trace: ins63ceeij]
2026-09-28 18:33:31.864 +05:30 [INF] [yuqlz2d82e] HTTP GET /api/reports/project-allocation responded 200 in 18ms [Trace: yuqlz2d82e]
2026-09-28 18:33:31.866 +05:30 [INF] [hv238sns2rv] HTTP GET /api/reports/leave-utilization responded 200 in 20ms [Trace: hv238sns2rv]
2026-09-28 18:33:31.873 +05:30 [INF] [99sch0lz0eb] HTTP GET /api/reports/payroll-summary responded 200 in 26ms [Trace: 99sch0lz0eb]
2026-09-28 18:33:31.879 +05:30 [INF] [84uv5utvltr] HTTP GET /api/reports/project-allocation responded 200 in 1ms [Trace: 84uv5utvltr]
2026-09-28 18:33:31.880 +05:30 [INF] [x57fepqe5ze] HTTP GET /api/reports/employees-by-department responded 200 in 33ms [Trace: x57fepqe5ze]
2026-09-28 18:33:31.881 +05:30 [INF] [lbq76ronsg] HTTP GET /api/reports/leave-utilization responded 200 in 2ms [Trace: lbq76ronsg]
2026-09-28 18:33:31.886 +05:30 [INF] [pll2vdx6wkb] HTTP GET /api/reports/payroll-summary responded 200 in 1ms [Trace: pll2vdx6wkb]
2026-09-28 18:33:31.894 +05:30 [INF] [03chtgfzm5td] HTTP GET /api/reports/employees-by-department responded 200 in 1ms [Trace: 03chtgfzm5td]
2026-09-28 18:33:32.993 +05:30 [INF] [vh69xmubtk] HTTP GET /api/audit-logs responded 200 in 2ms [Trace: vh69xmubtk]
2026-09-28 18:33:33.006 +05:30 [INF] [7p46blrsbc] HTTP GET /api/audit-logs responded 200 in 2ms [Trace: 7p46blrsbc]
2026-09-28 18:33:33.473 +05:30 [INF] [716pztflk6a] HTTP GET /api/auth/roles responded 200 in 3ms [Trace: 716pztflk6a]
2026-09-28 18:33:33.491 +05:30 [INF] [t0al79ikc0t] HTTP GET /api/auth/roles responded 200 in 3ms [Trace: t0al79ikc0t]
2026-09-28 18:33:34.250 +05:30 [INF] [dwypgepbn8] HTTP GET /api/auth/users responded 200 in 2ms [Trace: dwypgepbn8]
2026-09-28 18:33:34.267 +05:30 [INF] [9nk7jj2y7rr] HTTP GET /api/auth/users responded 200 in 2ms [Trace: 9nk7jj2y7rr]
2026-09-28 18:33:48.304 +05:30 [INF] [0hac8erimdz] HTTP GET /api/employees responded 200 in 3ms [Trace: 0hac8erimdz]
2026-09-28 18:33:48.312 +05:30 [INF] [zn5gu69932o] HTTP GET /api/departments responded 200 in 10ms [Trace: zn5gu69932o]
2026-09-28 18:33:48.317 +05:30 [INF] [wraiq7066xm] HTTP GET /api/positions responded 200 in 15ms [Trace: wraiq7066xm]
2026-09-28 18:33:48.324 +05:30 [INF] [a2s8j4g6c3s] HTTP GET /api/employees responded 200 in 2ms [Trace: a2s8j4g6c3s]
2026-09-28 18:33:48.327 +05:30 [INF] [hgmdowh9yko] HTTP GET /api/departments responded 200 in 1ms [Trace: hgmdowh9yko]
2026-09-28 18:33:48.330 +05:30 [INF] [t0jbip14v5] HTTP GET /api/positions responded 200 in 0ms [Trace: t0jbip14v5]
2026-09-28 18:33:50.864 +05:30 [INF] [hzy4cf9tsr] HTTP GET /api/departments responded 200 in 2ms [Trace: hzy4cf9tsr]
2026-09-28 18:33:50.884 +05:30 [INF] [265sl7yqliv] HTTP GET /api/departments responded 200 in 2ms [Trace: 265sl7yqliv]
2026-09-28 18:33:52.999 +05:30 [INF] [38k1b9ze6vc] HTTP GET /api/positions responded 200 in 3ms [Trace: 38k1b9ze6vc]
2026-09-28 18:33:53.015 +05:30 [INF] [0s0vgum3038] HTTP GET /api/positions responded 200 in 1ms [Trace: 0s0vgum3038]
2026-09-28 18:33:54.915 +05:30 [INF] [rlmj1jdfwp] HTTP GET /api/auth/users responded 200 in 2ms [Trace: rlmj1jdfwp]
2026-09-28 18:33:54.933 +05:30 [INF] [90jj6a1cbrg] HTTP GET /api/auth/users responded 200 in 2ms [Trace: 90jj6a1cbrg]
2026-09-28 18:33:56.111 +05:30 [INF] [jh7fqx4vjnh] HTTP GET /api/auth/roles responded 200 in 1ms [Trace: jh7fqx4vjnh]
2026-09-28 18:33:56.128 +05:30 [INF] [8w0piftzq5e] HTTP GET /api/auth/roles responded 200 in 5ms [Trace: 8w0piftzq5e]
2026-09-28 18:33:57.633 +05:30 [INF] [brw85u86ib9] HTTP GET /api/notifications/unread-count responded 200 in 2ms [Trace: brw85u86ib9]
2026-09-28 18:33:57.649 +05:30 [INF] [qa4mg86ul5f] HTTP GET /api/notifications responded 200 in 0ms [Trace: qa4mg86ul5f]
2026-09-28 18:34:17.594 +05:30 [INF] [89iqso13xy] HTTP GET /api/audit-logs responded 200 in 3ms [Trace: 89iqso13xy]
2026-09-28 18:34:17.613 +05:30 [INF] [5f9ari52l6] HTTP GET /api/audit-logs responded 200 in 3ms [Trace: 5f9ari52l6]
2026-09-28 18:34:20.462 +05:30 [INF] [exsbkupbd3m] HTTP GET /api/audit-logs responded 200 in 3ms [Trace: exsbkupbd3m]
2026-09-28 18:34:27.659 +05:30 [INF] [xvdvxc4gku] HTTP GET /api/notifications/unread-count responded 200 in 14ms [Trace: xvdvxc4gku]
2026-09-28 18:34:27.689 +05:30 [INF] [vahrte5xdc] HTTP GET /api/notifications responded 200 in 0ms [Trace: vahrte5xdc]
2026-09-28 18:34:58.680 +05:30 [INF] [my2mjuxo6fi] HTTP GET /api/notifications/unread-count responded 200 in 34ms [Trace: my2mjuxo6fi]
2026-09-28 18:34:58.696 +05:30 [INF] [u41snrcbgrj] HTTP GET /api/notifications responded 200 in 0ms [Trace: u41snrcbgrj]
2026-09-28 18:35:28.652 +05:30 [INF] [qsclvqodeue] HTTP GET /api/notifications/unread-count responded 200 in 2ms [Trace: qsclvqodeue]
2026-09-28 18:35:28.676 +05:30 [INF] [ivq2l2fb8h] HTTP GET /api/notifications responded 200 in 0ms [Trace: ivq2l2fb8h]
2026-09-28 18:36:21.853 +05:30 [INF] [ln9z2kjjhze] HTTP GET /api/notifications/unread-count responded 200 in 25ms [Trace: ln9z2kjjhze]
2026-09-28 18:36:21.863 +05:30 [INF] [10t5vcjq94m] HTTP GET /api/notifications responded 200 in 1ms [Trace: 10t5vcjq94m]
2026-09-28 18:36:28.647 +05:30 [INF] [ih923akj7rs] HTTP GET /api/notifications/unread-count responded 200 in 3ms [Trace: ih923akj7rs]
2026-09-28 18:36:28.665 +05:30 [INF] [6k60u18iopg] HTTP GET /api/notifications responded 200 in 0ms [Trace: 6k60u18iopg]
