2026-10-05 11:41:58.602 +05:30 [INF] [] Now listening on: http://localhost:5000
2026-10-05 11:41:58.719 +05:30 [INF] [] Application started. Press Ctrl+C to shut down.
2026-10-05 11:41:58.721 +05:30 [INF] [] Hosting environment: Development
2026-10-05 11:41:58.722 +05:30 [INF] [] Content root path: C:\Users\sairajk\.gemini\antigravity\scratch\EMS\src\EMS.API
2026-10-05 11:42:16.636 +05:30 [WRN] [h865eodufsl] Compiling a query which loads related collections for more than one collection navigation, either via 'Include' or through projection, but no 'QuerySplittingBehavior' has been configured. By default, Entity Framework will use 'QuerySplittingBehavior.SingleQuery', which can potentially result in slow query performance. See https://go.microsoft.com/fwlink/?linkid=2134277 for more information. To identify the query that's triggering this warning call 'ConfigureWarnings(w => w.Throw(RelationalEventId.MultipleCollectionIncludeWarning))'.
2026-10-05 11:42:17.316 +05:30 [INF] [h865eodufsl] LOGIN_SUCCESS. User admin@company.com, EmployeeId: 1
2026-10-05 11:42:17.350 +05:30 [INF] [h865eodufsl] HTTP POST /api/auth/login responded 200 in 1931ms [Trace: h865eodufsl]
2026-10-05 11:42:17.533 +05:30 [INF] [4eo073urc96] HTTP GET /api/notifications/unread-count responded 200 in 133ms [Trace: 4eo073urc96]
2026-10-05 11:42:17.561 +05:30 [INF] [uhbu04loc1] HTTP GET /api/notifications/unread-count responded 200 in 12ms [Trace: uhbu04loc1]
2026-10-05 11:42:17.566 +05:30 [INF] [y2jr29n939k] HTTP GET /api/employees responded 200 in 154ms [Trace: y2jr29n939k]
2026-10-05 11:42:17.573 +05:30 [INF] [z1lr2ru28fn] HTTP GET /api/notifications responded 200 in 23ms [Trace: z1lr2ru28fn]
2026-10-05 11:42:17.588 +05:30 [INF] [2lu2vxqf7br] HTTP GET /api/employees responded 200 in 4ms [Trace: 2lu2vxqf7br]
2026-10-05 11:42:17.595 +05:30 [INF] [9xj4prnguot] HTTP GET /api/notifications responded 200 in 2ms [Trace: 9xj4prnguot]
2026-10-05 11:42:17.625 +05:30 [INF] [v2ak010c66] HTTP GET /api/departments responded 200 in 40ms [Trace: v2ak010c66]
2026-10-05 11:42:17.645 +05:30 [INF] [2x4uo83ht2z] HTTP GET /api/departments responded 200 in 3ms [Trace: 2x4uo83ht2z]
2026-10-05 11:42:17.732 +05:30 [INF] [yf6tmtd1dv] HTTP GET /api/leaves responded 200 in 89ms [Trace: yf6tmtd1dv]
2026-10-05 11:42:17.749 +05:30 [INF] [t4n9vx7n9r] HTTP GET /api/leaves responded 200 in 2ms [Trace: t4n9vx7n9r]
2026-10-05 11:42:17.768 +05:30 [INF] [8fz6yj3by8y] HTTP GET /api/attendance/today responded 200 in 20ms [Trace: 8fz6yj3by8y]
2026-10-05 11:42:17.800 +05:30 [INF] [pfgutx1x4l] HTTP GET /api/attendance/today responded 200 in 5ms [Trace: pfgutx1x4l]
2026-10-05 11:42:23.488 +05:30 [INF] [qe91klp4kg] HTTP GET /api/departments responded 200 in 16ms [Trace: qe91klp4kg]
2026-10-05 11:42:23.489 +05:30 [INF] [61bh0jnn65l] HTTP GET /api/employees responded 200 in 17ms [Trace: 61bh0jnn65l]
2026-10-05 11:42:23.501 +05:30 [INF] [wfo9hhtw7h] HTTP GET /api/departments responded 200 in 2ms [Trace: wfo9hhtw7h]
2026-10-05 11:42:23.502 +05:30 [INF] [l2kfoozmnai] HTTP GET /api/positions responded 200 in 31ms [Trace: l2kfoozmnai]
2026-10-05 11:42:23.510 +05:30 [INF] [r5wbfoc9s9s] HTTP GET /api/employees responded 200 in 3ms [Trace: r5wbfoc9s9s]
2026-10-05 11:42:23.520 +05:30 [INF] [ymev9wt9vy] HTTP GET /api/positions responded 200 in 2ms [Trace: ymev9wt9vy]
2026-10-05 11:42:24.290 +05:30 [INF] [ojknqc621r] HTTP GET /api/departments responded 200 in 5ms [Trace: ojknqc621r]
2026-10-05 11:42:24.307 +05:30 [INF] [jzffj9axya] HTTP GET /api/departments responded 200 in 3ms [Trace: jzffj9axya]
2026-10-05 11:42:25.598 +05:30 [INF] [dfmvfjo04uh] HTTP GET /api/positions responded 200 in 4ms [Trace: dfmvfjo04uh]
2026-10-05 11:42:25.615 +05:30 [INF] [5mwxprq7cul] HTTP GET /api/positions responded 200 in 2ms [Trace: 5mwxprq7cul]
2026-10-05 11:42:26.494 +05:30 [INF] [jlwsym6jloq] HTTP GET /api/departments responded 200 in 4ms [Trace: jlwsym6jloq]
2026-10-05 11:42:26.510 +05:30 [INF] [h4lnxd27nes] HTTP GET /api/departments responded 200 in 3ms [Trace: h4lnxd27nes]
2026-10-05 11:42:42.048 +05:30 [INF] [ini7v1i4u4] HTTP POST /api/departments responded 201 in 102ms [Trace: ini7v1i4u4]
2026-10-05 11:42:42.084 +05:30 [INF] [wh449dhrup] HTTP GET /api/departments responded 200 in 5ms [Trace: wh449dhrup]
2026-10-05 11:42:47.421 +05:30 [INF] [xb3onbmadl] HTTP GET /api/notifications/unread-count responded 200 in 6ms [Trace: xb3onbmadl]
2026-10-05 11:42:47.445 +05:30 [INF] [dicxi5lf9s8] HTTP GET /api/notifications responded 200 in 2ms [Trace: dicxi5lf9s8]
2026-10-05 11:42:48.575 +05:30 [INF] [irdwyrwgafl] HTTP GET /api/positions responded 200 in 3ms [Trace: irdwyrwgafl]
2026-10-05 11:42:48.588 +05:30 [INF] [2bti438ymcs] HTTP GET /api/positions responded 200 in 1ms [Trace: 2bti438ymcs]
2026-10-05 11:43:07.744 +05:30 [INF] [yqipdjhcum9] HTTP POST /api/positions responded 201 in 25ms [Trace: yqipdjhcum9]
2026-10-05 11:43:07.771 +05:30 [INF] [vjwjd9eqnim] HTTP GET /api/positions responded 200 in 2ms [Trace: vjwjd9eqnim]
2026-10-05 11:43:17.402 +05:30 [INF] [dqv5vfpuvop] HTTP GET /api/notifications/unread-count responded 200 in 2ms [Trace: dqv5vfpuvop]
2026-10-05 11:43:17.421 +05:30 [INF] [kns8c9oca7] HTTP GET /api/notifications responded 200 in 2ms [Trace: kns8c9oca7]
2026-10-05 11:43:18.609 +05:30 [INF] [bqv00a56ohf] HTTP GET /api/employees responded 200 in 5ms [Trace: bqv00a56ohf]
2026-10-05 11:43:18.623 +05:30 [INF] [rzm6x4vg4qh] HTTP GET /api/departments responded 200 in 2ms [Trace: rzm6x4vg4qh]
2026-10-05 11:43:18.623 +05:30 [INF] [m7g3y5wbzkp] HTTP GET /api/employees responded 200 in 3ms [Trace: m7g3y5wbzkp]
2026-10-05 11:43:18.635 +05:30 [INF] [4dlpzfvqwnw] HTTP GET /api/departments responded 200 in 1ms [Trace: 4dlpzfvqwnw]
2026-10-05 11:43:18.636 +05:30 [INF] [shlek0rdwxr] HTTP GET /api/leaves responded 200 in 2ms [Trace: shlek0rdwxr]
2026-10-05 11:43:18.648 +05:30 [INF] [i3yn25klbm] HTTP GET /api/leaves responded 200 in 2ms [Trace: i3yn25klbm]
2026-10-05 11:43:18.648 +05:30 [INF] [bim1xp3g7t] HTTP GET /api/attendance/today responded 200 in 1ms [Trace: bim1xp3g7t]
2026-10-05 11:43:18.663 +05:30 [INF] [z4sxy7p9z1i] HTTP GET /api/attendance/today responded 200 in 1ms [Trace: z4sxy7p9z1i]
2026-10-05 11:43:19.811 +05:30 [INF] [u2mq6l48lgk] HTTP GET /api/departments responded 200 in 49ms [Trace: u2mq6l48lgk]
2026-10-05 11:43:19.812 +05:30 [INF] [mdur4kqrgin] HTTP GET /api/employees responded 200 in 50ms [Trace: mdur4kqrgin]
2026-10-05 11:43:19.816 +05:30 [INF] [6ldmrsfbmoq] HTTP GET /api/positions responded 200 in 53ms [Trace: 6ldmrsfbmoq]
2026-10-05 11:43:19.829 +05:30 [INF] [8p5xs8823jx] HTTP GET /api/departments responded 200 in 3ms [Trace: 8p5xs8823jx]
2026-10-05 11:43:19.837 +05:30 [INF] [62xs1969t44] HTTP GET /api/positions responded 200 in 1ms [Trace: 62xs1969t44]
2026-10-05 11:43:19.838 +05:30 [INF] [sd6y6igvbn] HTTP GET /api/employees responded 200 in 4ms [Trace: sd6y6igvbn]
2026-10-05 11:43:22.518 +05:30 [INF] [1yhoqb2pzv] HTTP GET /api/attendance/today responded 200 in 3ms [Trace: 1yhoqb2pzv]
2026-10-05 11:43:22.537 +05:30 [INF] [l94bqa77uoj] HTTP GET /api/attendance/today responded 200 in 2ms [Trace: l94bqa77uoj]
2026-10-05 11:43:22.564 +05:30 [INF] [0d8voqh3hz2b] HTTP GET /api/attendance responded 200 in 29ms [Trace: 0d8voqh3hz2b]
2026-10-05 11:43:22.582 +05:30 [INF] [um9mvcnt99b] HTTP GET /api/attendance responded 200 in 2ms [Trace: um9mvcnt99b]
2026-10-05 11:43:26.164 +05:30 [INF] [rjtbt9hql6i] HTTP GET /api/leaves/types responded 200 in 14ms [Trace: rjtbt9hql6i]
2026-10-05 11:43:26.172 +05:30 [INF] [78xy2zou1h6] HTTP GET /api/leaves responded 200 in 22ms [Trace: 78xy2zou1h6]
2026-10-05 11:43:26.178 +05:30 [INF] [b2sukowystm] HTTP GET /api/leaves/types responded 200 in 1ms [Trace: b2sukowystm]
2026-10-05 11:43:26.186 +05:30 [INF] [thk75529dcc] HTTP GET /api/leaves responded 200 in 2ms [Trace: thk75529dcc]
2026-10-05 11:43:29.900 +05:30 [INF] [tiwaebvs4u] HTTP GET /api/attendance/today responded 200 in 2ms [Trace: tiwaebvs4u]
2026-10-05 11:43:29.917 +05:30 [INF] [iqcc7g7rohn] HTTP GET /api/attendance/today responded 200 in 2ms [Trace: iqcc7g7rohn]
2026-10-05 11:43:29.917 +05:30 [INF] [usqrsyysvdi] HTTP GET /api/attendance responded 200 in 2ms [Trace: usqrsyysvdi]
2026-10-05 11:43:29.939 +05:30 [INF] [u62pbz4sbj] HTTP GET /api/attendance responded 200 in 3ms [Trace: u62pbz4sbj]
2026-10-05 11:43:30.612 +05:30 [INF] [pwu78uehsm] HTTP GET /api/employees responded 200 in 4ms [Trace: pwu78uehsm]
2026-10-05 11:43:30.629 +05:30 [INF] [49dyd8kfo19] HTTP GET /api/employees responded 200 in 2ms [Trace: 49dyd8kfo19]
2026-10-05 11:43:30.649 +05:30 [INF] [7blc9d9yox9] HTTP GET /api/projects responded 200 in 41ms [Trace: 7blc9d9yox9]
2026-10-05 11:43:30.667 +05:30 [INF] [a43vc8bpldd] HTTP GET /api/projects responded 200 in 2ms [Trace: a43vc8bpldd]
2026-10-05 11:43:47.421 +05:30 [INF] [a51ta5hixuc] HTTP GET /api/notifications/unread-count responded 200 in 3ms [Trace: a51ta5hixuc]
2026-10-05 11:43:47.442 +05:30 [INF] [xxfvow9vnq] HTTP GET /api/notifications responded 200 in 2ms [Trace: xxfvow9vnq]
2026-10-05 11:43:58.937 +05:30 [INF] [aqqzteij3w] HTTP POST /api/projects responded 201 in 66ms [Trace: aqqzteij3w]
2026-10-05 11:43:58.961 +05:30 [INF] [z0rn9e3l95i] HTTP GET /api/projects responded 200 in 1ms [Trace: z0rn9e3l95i]
2026-10-05 11:44:06.185 +05:30 [INF] [573ub9p1cs] HTTP POST /api/projects/3/employees responded 200 in 107ms [Trace: 573ub9p1cs]
2026-10-05 11:44:06.204 +05:30 [INF] [gxt6r8kpeqj] HTTP GET /api/projects responded 200 in 1ms [Trace: gxt6r8kpeqj]
2026-10-05 11:44:17.421 +05:30 [INF] [e5tv5ebyumk] HTTP GET /api/notifications/unread-count responded 200 in 4ms [Trace: e5tv5ebyumk]
2026-10-05 11:44:17.445 +05:30 [INF] [96d9eppg4qg] HTTP GET /api/notifications responded 200 in 3ms [Trace: 96d9eppg4qg]
2026-10-05 11:44:20.900 +05:30 [WRN] [9zqr35gzcph] Compiling a query which loads related collections for more than one collection navigation, either via 'Include' or through projection, but no 'QuerySplittingBehavior' has been configured. By default, Entity Framework will use 'QuerySplittingBehavior.SingleQuery', which can potentially result in slow query performance. See https://go.microsoft.com/fwlink/?linkid=2134277 for more information. To identify the query that's triggering this warning call 'ConfigureWarnings(w => w.Throw(RelationalEventId.MultipleCollectionIncludeWarning))'.
2026-10-05 11:44:20.953 +05:30 [INF] [9zqr35gzcph] LOGOUT. User 1
2026-10-05 11:44:20.954 +05:30 [INF] [9zqr35gzcph] HTTP POST /api/auth/logout responded 204 in 80ms [Trace: 9zqr35gzcph]
2026-10-05 11:44:25.714 +05:30 [INF] [madqd19pkym] LOGIN_SUCCESS. User employee@company.com, EmployeeId: 4
2026-10-05 11:44:25.715 +05:30 [INF] [madqd19pkym] HTTP POST /api/auth/login responded 200 in 32ms [Trace: madqd19pkym]
2026-10-05 11:44:25.750 +05:30 [INF] [0h5gxmmi07p] HTTP GET /api/notifications/unread-count responded 200 in 1ms [Trace: 0h5gxmmi07p]
2026-10-05 11:44:25.750 +05:30 [INF] [5eoz92pl85k] HTTP GET /api/projects responded 200 in 2ms [Trace: 5eoz92pl85k]
2026-10-05 11:44:25.751 +05:30 [INF] [llz6c182ydc] HTTP GET /api/employees responded 403 in 2ms [Trace: llz6c182ydc]
2026-10-05 11:44:25.769 +05:30 [INF] [9hh7eus6tsu] HTTP GET /api/notifications/unread-count responded 200 in 1ms [Trace: 9hh7eus6tsu]
2026-10-05 11:44:25.801 +05:30 [INF] [p2z6poj47b] HTTP GET /api/projects responded 200 in 31ms [Trace: p2z6poj47b]
2026-10-05 11:44:25.770 +05:30 [INF] [0xcdyyzf8e2j] HTTP GET /api/notifications responded 200 in 1ms [Trace: 0xcdyyzf8e2j]
2026-10-05 11:44:25.860 +05:30 [INF] [zsra5umui1g] HTTP GET /api/employees responded 403 in 58ms [Trace: zsra5umui1g]
2026-10-05 11:44:25.884 +05:30 [INF] [c06121ytxfs] HTTP GET /api/notifications responded 200 in 1ms [Trace: c06121ytxfs]
2026-10-05 11:44:32.078 +05:30 [INF] [hj99kkjtf8t] HTTP GET /api/departments responded 200 in 3ms [Trace: hj99kkjtf8t]
2026-10-05 11:44:32.095 +05:30 [INF] [t7fayxgldaj] HTTP GET /api/departments responded 200 in 1ms [Trace: t7fayxgldaj]
2026-10-05 11:44:33.913 +05:30 [INF] [b5yj77zhb24] HTTP GET /api/employees responded 403 in 0ms [Trace: b5yj77zhb24]
2026-10-05 11:44:33.913 +05:30 [INF] [3cedjap046f] HTTP GET /api/positions responded 200 in 1ms [Trace: 3cedjap046f]
2026-10-05 11:44:33.914 +05:30 [INF] [ceoaek1ni9] HTTP GET /api/departments responded 200 in 1ms [Trace: ceoaek1ni9]
2026-10-05 11:44:33.926 +05:30 [INF] [vvwq3de4sp8] HTTP GET /api/employees responded 403 in 0ms [Trace: vvwq3de4sp8]
2026-10-05 11:44:33.928 +05:30 [INF] [zknvy8mxag] HTTP GET /api/departments responded 200 in 1ms [Trace: zknvy8mxag]
2026-10-05 11:44:33.930 +05:30 [INF] [wkfiij5502] HTTP GET /api/positions responded 200 in 0ms [Trace: wkfiij5502]
2026-10-05 11:44:35.556 +05:30 [INF] [z6p1vdjdiog] HTTP GET /api/departments responded 200 in 2ms [Trace: z6p1vdjdiog]
2026-10-05 11:44:35.571 +05:30 [INF] [mcp6ngwed4j] HTTP GET /api/departments responded 200 in 1ms [Trace: mcp6ngwed4j]
2026-10-05 11:44:36.684 +05:30 [INF] [hog18yj61tf] HTTP GET /api/positions responded 200 in 1ms [Trace: hog18yj61tf]
2026-10-05 11:44:36.701 +05:30 [INF] [iw4v0t73b98] HTTP GET /api/positions responded 200 in 1ms [Trace: iw4v0t73b98]
2026-10-05 11:44:38.118 +05:30 [INF] [zex2xyretgq] HTTP GET /api/attendance/today responded 200 in 2ms [Trace: zex2xyretgq]
2026-10-05 11:44:38.143 +05:30 [INF] [krx1tbfugh] HTTP GET /api/attendance/today responded 200 in 2ms [Trace: krx1tbfugh]
2026-10-05 11:44:40.326 +05:30 [INF] [28xoz9x883l] HTTP GET /api/attendance/today responded 200 in 2ms [Trace: 28xoz9x883l]
2026-10-05 11:44:40.342 +05:30 [INF] [txrm9mqm7ls] HTTP GET /api/attendance/today responded 200 in 2ms [Trace: txrm9mqm7ls]
2026-10-05 11:44:40.343 +05:30 [INF] [4c42wp7qckj] HTTP GET /api/attendance responded 200 in 2ms [Trace: 4c42wp7qckj]
2026-10-05 11:44:40.369 +05:30 [INF] [zjbghw6i57q] HTTP GET /api/attendance responded 200 in 2ms [Trace: zjbghw6i57q]
2026-10-05 11:44:42.876 +05:30 [INF] [adrjsb4lbvi] HTTP GET /api/notifications responded 200 in 1ms [Trace: adrjsb4lbvi]
2026-10-05 11:44:42.887 +05:30 [INF] [4de5rdpq9d7] HTTP GET /api/notifications responded 200 in 1ms [Trace: 4de5rdpq9d7]
2026-10-05 11:44:44.178 +05:30 [INF] [7r5lplqrj7s] HTTP GET /api/leaves/types responded 200 in 1ms [Trace: 7r5lplqrj7s]
2026-10-05 11:44:44.181 +05:30 [INF] [1c05fnupl8y] HTTP GET /api/leaves responded 200 in 3ms [Trace: 1c05fnupl8y]
2026-10-05 11:44:44.194 +05:30 [INF] [0gge4uopocp] HTTP GET /api/leaves/types responded 200 in 0ms [Trace: 0gge4uopocp]
2026-10-05 11:44:44.198 +05:30 [INF] [jk9ig4nz1mp] HTTP GET /api/leaves responded 200 in 1ms [Trace: jk9ig4nz1mp]
2026-10-05 11:44:45.099 +05:30 [INF] [5681lxuwaiy] HTTP GET /api/attendance/today responded 200 in 2ms [Trace: 5681lxuwaiy]
2026-10-05 11:44:45.116 +05:30 [INF] [22v6q600v96] HTTP GET /api/attendance responded 200 in 2ms [Trace: 22v6q600v96]
2026-10-05 11:44:45.117 +05:30 [INF] [855dt85qkkk] HTTP GET /api/attendance/today responded 200 in 3ms [Trace: 855dt85qkkk]
2026-10-05 11:44:45.135 +05:30 [INF] [ff0hogvxne5] HTTP GET /api/attendance responded 200 in 1ms [Trace: ff0hogvxne5]
2026-10-05 11:44:46.246 +05:30 [INF] [x9cid7jydlg] CHECK_IN. EmployeeId: 4, Status: "Present"
2026-10-05 11:44:46.248 +05:30 [INF] [x9cid7jydlg] HTTP POST /api/attendance/check-in responded 200 in 49ms [Trace: x9cid7jydlg]
2026-10-05 11:44:46.265 +05:30 [INF] [hw4tooqqsn] HTTP GET /api/attendance/today responded 200 in 0ms [Trace: hw4tooqqsn]
2026-10-05 11:44:46.279 +05:30 [INF] [x9b42hlu0b] HTTP GET /api/attendance responded 200 in 1ms [Trace: x9b42hlu0b]
2026-10-05 11:44:55.763 +05:30 [INF] [zlxc55lhb] HTTP GET /api/notifications/unread-count responded 200 in 3ms [Trace: zlxc55lhb]
2026-10-05 11:44:55.783 +05:30 [INF] [6h4y9gs05sq] HTTP GET /api/leaves/types responded 200 in 0ms [Trace: 6h4y9gs05sq]
2026-10-05 11:44:55.783 +05:30 [INF] [9565kwpf8c] HTTP GET /api/notifications responded 200 in 0ms [Trace: 9565kwpf8c]
2026-10-05 11:44:55.791 +05:30 [INF] [v90t8hydysn] HTTP GET /api/leaves responded 200 in 10ms [Trace: v90t8hydysn]
2026-10-05 11:44:55.801 +05:30 [INF] [ldhxhswj6de] HTTP GET /api/leaves/types responded 200 in 1ms [Trace: ldhxhswj6de]
2026-10-05 11:44:55.805 +05:30 [INF] [3hp06h57vqm] HTTP GET /api/leaves responded 200 in 1ms [Trace: 3hp06h57vqm]
2026-10-05 11:44:56.964 +05:30 [INF] [c0wdwf3uxeu] HTTP GET /api/employees responded 403 in 0ms [Trace: c0wdwf3uxeu]
2026-10-05 11:44:56.965 +05:30 [INF] [ud24n2la75o] HTTP GET /api/projects responded 200 in 1ms [Trace: ud24n2la75o]
2026-10-05 11:44:56.974 +05:30 [INF] [xb01wlwmh5] HTTP GET /api/employees responded 403 in 0ms [Trace: xb01wlwmh5]
2026-10-05 11:44:56.977 +05:30 [INF] [wys42bd2d6n] HTTP GET /api/projects responded 200 in 2ms [Trace: wys42bd2d6n]
2026-10-05 11:45:02.303 +05:30 [INF] [cd7yslbew1n] LOGOUT. User 4
2026-10-05 11:45:02.306 +05:30 [INF] [cd7yslbew1n] HTTP POST /api/auth/logout responded 204 in 15ms [Trace: cd7yslbew1n]
2026-10-05 11:46:41.699 +05:30 [INF] [p6crfl8bwl] LOGIN_SUCCESS. User sairaj@gmail.com, EmployeeId: 6
2026-10-05 11:46:41.701 +05:30 [INF] [p6crfl8bwl] HTTP POST /api/auth/login responded 200 in 19ms [Trace: p6crfl8bwl]
2026-10-05 11:46:41.728 +05:30 [INF] [wz9czil8ip] HTTP GET /api/employees responded 403 in 0ms [Trace: wz9czil8ip]
2026-10-05 11:46:41.731 +05:30 [INF] [r50f1himafj] HTTP GET /api/notifications/unread-count responded 200 in 4ms [Trace: r50f1himafj]
2026-10-05 11:46:41.735 +05:30 [INF] [xtf0gqnfdcg] HTTP GET /api/projects responded 200 in 5ms [Trace: xtf0gqnfdcg]
2026-10-05 11:46:41.745 +05:30 [INF] [hud95fh1jn6] HTTP GET /api/employees responded 403 in 0ms [Trace: hud95fh1jn6]
2026-10-05 11:46:41.755 +05:30 [INF] [ya85hcdfecm] HTTP GET /api/notifications/unread-count responded 200 in 1ms [Trace: ya85hcdfecm]
2026-10-05 11:46:41.756 +05:30 [INF] [mssg3igz94e] HTTP GET /api/notifications responded 200 in 0ms [Trace: mssg3igz94e]
2026-10-05 11:46:41.756 +05:30 [INF] [o5v22twi86e] HTTP GET /api/projects responded 200 in 1ms [Trace: o5v22twi86e]
2026-10-05 11:46:41.778 +05:30 [INF] [jeypgxso39g] HTTP GET /api/notifications responded 200 in 1ms [Trace: jeypgxso39g]
2026-10-05 11:46:50.625 +05:30 [INF] [d938ch1octq] HTTP GET /api/positions responded 200 in 1ms [Trace: d938ch1octq]
2026-10-05 11:46:50.648 +05:30 [INF] [d39fg9ah8s7] HTTP GET /api/positions responded 200 in 1ms [Trace: d39fg9ah8s7]
2026-10-05 11:46:51.737 +05:30 [INF] [ro8lz1u451] HTTP GET /api/employees responded 403 in 0ms [Trace: ro8lz1u451]
2026-10-05 11:46:51.739 +05:30 [INF] [hi5pm208me] HTTP GET /api/projects responded 200 in 2ms [Trace: hi5pm208me]
2026-10-05 11:46:51.746 +05:30 [INF] [qmjeppq2m2] HTTP GET /api/employees responded 403 in 0ms [Trace: qmjeppq2m2]
2026-10-05 11:46:51.748 +05:30 [INF] [qe4e20mxnq] HTTP GET /api/projects responded 200 in 1ms [Trace: qe4e20mxnq]
2026-10-05 11:46:54.092 +05:30 [INF] [g5trvy5hqzs] HTTP GET /api/attendance/today responded 200 in 2ms [Trace: g5trvy5hqzs]
2026-10-05 11:46:54.118 +05:30 [INF] [383zbiusohg] HTTP GET /api/attendance/today responded 200 in 1ms [Trace: 383zbiusohg]
2026-10-05 11:46:54.118 +05:30 [INF] [tgyb0m0g0b9] HTTP GET /api/attendance responded 200 in 2ms [Trace: tgyb0m0g0b9]
2026-10-05 11:46:54.139 +05:30 [INF] [pld48n726yf] HTTP GET /api/attendance responded 200 in 1ms [Trace: pld48n726yf]
2026-10-05 11:46:55.107 +05:30 [INF] [v7u8skk1h3] HTTP GET /api/leaves/types responded 200 in 1ms [Trace: v7u8skk1h3]
2026-10-05 11:46:55.108 +05:30 [INF] [n2c21ikrda] HTTP GET /api/leaves responded 200 in 2ms [Trace: n2c21ikrda]
2026-10-05 11:46:55.136 +05:30 [INF] [99acnhy3imv] HTTP GET /api/leaves/types responded 200 in 1ms [Trace: 99acnhy3imv]
2026-10-05 11:46:55.137 +05:30 [INF] [nh7ijwos6c] HTTP GET /api/leaves responded 200 in 1ms [Trace: nh7ijwos6c]
2026-10-05 11:46:56.521 +05:30 [INF] [7dc14hhvkm] HTTP GET /api/positions responded 200 in 1ms [Trace: 7dc14hhvkm]
2026-10-05 11:46:56.535 +05:30 [INF] [hfupklkc7e] HTTP GET /api/positions responded 200 in 1ms [Trace: hfupklkc7e]
2026-10-05 11:46:58.777 +05:30 [INF] [ug57guhgo5q] HTTP GET /api/departments responded 200 in 33ms [Trace: ug57guhgo5q]
2026-10-05 11:46:58.803 +05:30 [INF] [p5b8dr7x6pn] HTTP GET /api/departments responded 200 in 2ms [Trace: p5b8dr7x6pn]
2026-10-05 11:47:00.266 +05:30 [INF] [01u9z5olm4em] HTTP GET /api/leaves/types responded 200 in 1ms [Trace: 01u9z5olm4em]
2026-10-05 11:47:00.284 +05:30 [INF] [jd5ejg9zd6r] HTTP GET /api/leaves/types responded 200 in 1ms [Trace: jd5ejg9zd6r]
2026-10-05 11:47:00.301 +05:30 [INF] [cto2coi4d2] HTTP GET /api/leaves responded 200 in 36ms [Trace: cto2coi4d2]
2026-10-05 11:47:00.317 +05:30 [INF] [1r75sn42pjj] HTTP GET /api/leaves responded 200 in 2ms [Trace: 1r75sn42pjj]
2026-10-05 11:47:00.754 +05:30 [INF] [g7lrlevcasl] HTTP GET /api/attendance/today responded 200 in 1ms [Trace: g7lrlevcasl]
2026-10-05 11:47:00.768 +05:30 [INF] [cgw4pek7l7] HTTP GET /api/attendance/today responded 200 in 1ms [Trace: cgw4pek7l7]
2026-10-05 11:47:00.769 +05:30 [INF] [grvhk7isp7v] HTTP GET /api/attendance responded 200 in 2ms [Trace: grvhk7isp7v]
2026-10-05 11:47:00.782 +05:30 [INF] [tpz2d6pqn6g] HTTP GET /api/attendance responded 200 in 1ms [Trace: tpz2d6pqn6g]
2026-10-05 11:47:05.883 +05:30 [INF] [qa0yms1r8f] HTTP GET /api/employees responded 403 in 0ms [Trace: qa0yms1r8f]
2026-10-05 11:47:05.885 +05:30 [INF] [odq4qhhk0kc] HTTP GET /api/projects responded 200 in 1ms [Trace: odq4qhhk0kc]
2026-10-05 11:47:05.896 +05:30 [INF] [z8trivqt2ae] HTTP GET /api/employees responded 403 in 1ms [Trace: z8trivqt2ae]
2026-10-05 11:47:05.897 +05:30 [INF] [qbzhzwfdj4p] HTTP GET /api/projects responded 200 in 2ms [Trace: qbzhzwfdj4p]
2026-10-05 11:47:06.977 +05:30 [INF] [0vm7w13ok6f] HTTP GET /api/employees/6/payslips responded 200 in 40ms [Trace: 0vm7w13ok6f]
2026-10-05 11:47:06.994 +05:30 [INF] [y61cxai7zkc] HTTP GET /api/employees/6/payslips responded 200 in 1ms [Trace: y61cxai7zkc]
2026-10-05 11:47:11.742 +05:30 [INF] [jozcdhevcpm] HTTP GET /api/notifications/unread-count responded 200 in 5ms [Trace: jozcdhevcpm]
2026-10-05 11:47:11.773 +05:30 [INF] [tdvyghx7t4] HTTP GET /api/notifications responded 200 in 1ms [Trace: tdvyghx7t4]
2026-10-05 11:47:12.507 +05:30 [INF] [3ew2jb706fx] HTTP GET /api/attendance/today responded 200 in 2ms [Trace: 3ew2jb706fx]
2026-10-05 11:47:12.521 +05:30 [INF] [yjilf389l1l] HTTP GET /api/attendance/today responded 200 in 1ms [Trace: yjilf389l1l]
2026-10-05 11:47:13.573 +05:30 [INF] [bicyfawh5zs] HTTP GET /api/employees/6/payslips responded 200 in 3ms [Trace: bicyfawh5zs]
2026-10-05 11:47:13.591 +05:30 [INF] [fr0t3jbor69] HTTP GET /api/employees/6/payslips responded 200 in 2ms [Trace: fr0t3jbor69]
2026-10-05 11:47:21.425 +05:30 [INF] [rx044wivkor] LOGOUT. User 6
2026-10-05 11:47:21.426 +05:30 [INF] [rx044wivkor] HTTP POST /api/auth/logout responded 204 in 15ms [Trace: rx044wivkor]
2026-10-05 12:29:40.602 +05:30 [INF] [] Now listening on: http://localhost:5000
2026-10-05 12:29:40.650 +05:30 [INF] [] Application started. Press Ctrl+C to shut down.
2026-10-05 12:29:40.650 +05:30 [INF] [] Hosting environment: Development
2026-10-05 12:29:40.651 +05:30 [INF] [] Content root path: C:\Users\sairajk\.gemini\antigravity\scratch\EMS\src\EMS.API
2026-10-05 12:29:54.998 +05:30 [WRN] [gfhuv5k6x49] Compiling a query which loads related collections for more than one collection navigation, either via 'Include' or through projection, but no 'QuerySplittingBehavior' has been configured. By default, Entity Framework will use 'QuerySplittingBehavior.SingleQuery', which can potentially result in slow query performance. See https://go.microsoft.com/fwlink/?linkid=2134277 for more information. To identify the query that's triggering this warning call 'ConfigureWarnings(w => w.Throw(RelationalEventId.MultipleCollectionIncludeWarning))'.
2026-10-05 12:29:55.487 +05:30 [INF] [gfhuv5k6x49] LOGIN_SUCCESS. User admin@company.com, EmployeeId: 1
2026-10-05 12:29:55.525 +05:30 [INF] [gfhuv5k6x49] HTTP POST /api/auth/login responded 200 in 758ms [Trace: gfhuv5k6x49]
2026-10-05 12:29:55.713 +05:30 [INF] [564lkbkz9u] HTTP GET /api/notifications/unread-count responded 200 in 140ms [Trace: 564lkbkz9u]
2026-10-05 12:29:55.776 +05:30 [INF] [gpu9cj5ji8] HTTP GET /api/notifications/unread-count responded 200 in 13ms [Trace: gpu9cj5ji8]
2026-10-05 12:29:55.776 +05:30 [INF] [v4rhae8hbd] HTTP GET /api/employees responded 200 in 195ms [Trace: v4rhae8hbd]
2026-10-05 12:29:55.791 +05:30 [INF] [gqtgmhxuw4v] HTTP GET /api/notifications responded 200 in 27ms [Trace: gqtgmhxuw4v]
2026-10-05 12:29:55.802 +05:30 [INF] [ikdq5wi645] HTTP GET /api/employees responded 200 in 5ms [Trace: ikdq5wi645]
2026-10-05 12:29:55.814 +05:30 [INF] [3hgh0fkavya] HTTP GET /api/notifications responded 200 in 5ms [Trace: 3hgh0fkavya]
2026-10-05 12:29:55.837 +05:30 [INF] [z0enutr1fng] HTTP GET /api/departments responded 200 in 40ms [Trace: z0enutr1fng]
2026-10-05 12:29:55.856 +05:30 [INF] [qdqx2jx5joq] HTTP GET /api/departments responded 200 in 3ms [Trace: qdqx2jx5joq]
2026-10-05 12:29:55.901 +05:30 [INF] [vmsffbk4xwe] HTTP GET /api/leaves responded 200 in 47ms [Trace: vmsffbk4xwe]
2026-10-05 12:29:55.920 +05:30 [INF] [eyh2fzmzu9u] HTTP GET /api/leaves responded 200 in 4ms [Trace: eyh2fzmzu9u]
2026-10-05 12:29:55.940 +05:30 [INF] [esr7539o2ij] HTTP GET /api/attendance/today responded 200 in 23ms [Trace: esr7539o2ij]
2026-10-05 12:29:55.961 +05:30 [INF] [7tytivnkemx] HTTP GET /api/attendance/today responded 200 in 4ms [Trace: 7tytivnkemx]
2026-10-05 12:30:01.019 +05:30 [INF] [597n8rmrl63] HTTP GET /api/departments responded 200 in 6ms [Trace: 597n8rmrl63]
2026-10-05 12:30:01.019 +05:30 [INF] [ez873w1fdii] HTTP GET /api/employees responded 200 in 6ms [Trace: ez873w1fdii]
2026-10-05 12:30:01.030 +05:30 [INF] [3t73rt6u3dd] HTTP GET /api/positions responded 200 in 17ms [Trace: 3t73rt6u3dd]
2026-10-05 12:30:01.031 +05:30 [INF] [xtp2wg6pt9h] HTTP GET /api/departments responded 200 in 2ms [Trace: xtp2wg6pt9h]
2026-10-05 12:30:01.039 +05:30 [INF] [9wbuuerplhv] HTTP GET /api/employees responded 200 in 4ms [Trace: 9wbuuerplhv]
2026-10-05 12:30:01.046 +05:30 [INF] [0dg0jhkk18f7] HTTP GET /api/positions responded 200 in 2ms [Trace: 0dg0jhkk18f7]
2026-10-05 12:30:01.499 +05:30 [INF] [ifl8n4d48l8] HTTP GET /api/departments responded 200 in 2ms [Trace: ifl8n4d48l8]
2026-10-05 12:30:01.512 +05:30 [INF] [45msiixgtz2] HTTP GET /api/departments responded 200 in 2ms [Trace: 45msiixgtz2]
2026-10-05 12:30:02.609 +05:30 [INF] [wtljjih1nig] HTTP GET /api/positions responded 200 in 4ms [Trace: wtljjih1nig]
2026-10-05 12:30:02.628 +05:30 [INF] [325i6a4lcdb] HTTP GET /api/positions responded 200 in 2ms [Trace: 325i6a4lcdb]
2026-10-05 12:30:03.986 +05:30 [INF] [x4rvzpflxmk] HTTP GET /api/attendance/today responded 200 in 5ms [Trace: x4rvzpflxmk]
2026-10-05 12:30:04.006 +05:30 [INF] [cxx8v1sb2ec] HTTP GET /api/attendance/today responded 200 in 2ms [Trace: cxx8v1sb2ec]
2026-10-05 12:30:04.033 +05:30 [INF] [rey0lypuhzs] HTTP GET /api/attendance responded 200 in 29ms [Trace: rey0lypuhzs]
2026-10-05 12:30:04.051 +05:30 [INF] [pa4wahpg83] HTTP GET /api/attendance responded 200 in 2ms [Trace: pa4wahpg83]
2026-10-05 12:30:05.776 +05:30 [INF] [borncg2siy] HTTP GET /api/employees responded 200 in 4ms [Trace: borncg2siy]
2026-10-05 12:30:05.801 +05:30 [INF] [28mxcwmr18nh] HTTP GET /api/employees responded 200 in 3ms [Trace: 28mxcwmr18nh]
2026-10-05 12:30:05.817 +05:30 [INF] [ev5cn914ghp] HTTP GET /api/projects responded 200 in 45ms [Trace: ev5cn914ghp]
2026-10-05 12:30:05.831 +05:30 [INF] [welpnox4m2] HTTP GET /api/projects responded 200 in 2ms [Trace: welpnox4m2]
2026-10-05 12:30:07.981 +05:30 [INF] [tg7wq1i5ks] HTTP GET /api/leaves/types responded 200 in 13ms [Trace: tg7wq1i5ks]
2026-10-05 12:30:07.990 +05:30 [INF] [isoe6mmf00s] HTTP GET /api/leaves responded 200 in 23ms [Trace: isoe6mmf00s]
2026-10-05 12:30:07.997 +05:30 [INF] [uvnhov395g] HTTP GET /api/leaves/types responded 200 in 1ms [Trace: uvnhov395g]
2026-10-05 12:30:08.006 +05:30 [INF] [l9tdf5ezhh] HTTP GET /api/leaves responded 200 in 2ms [Trace: l9tdf5ezhh]
2026-10-05 12:30:08.984 +05:30 [INF] [u5wdfcvsoic] HTTP GET /api/employees responded 200 in 4ms [Trace: u5wdfcvsoic]
2026-10-05 12:30:09.005 +05:30 [INF] [5osojcr31oq] HTTP GET /api/employees responded 200 in 3ms [Trace: 5osojcr31oq]
2026-10-05 12:30:09.025 +05:30 [INF] [k8lhfq0xsqa] HTTP GET /api/employees/1/salary responded 200 in 45ms [Trace: k8lhfq0xsqa]
2026-10-05 12:30:09.043 +05:30 [INF] [9ume2fo1uv6] HTTP GET /api/employees/1/salary responded 200 in 2ms [Trace: 9ume2fo1uv6]
2026-10-05 12:30:11.175 +05:30 [INF] [ecuzy7cla2t] HTTP GET /api/employees/1/payslips responded 200 in 22ms [Trace: ecuzy7cla2t]
2026-10-05 12:30:11.190 +05:30 [INF] [owc0d27zwyb] HTTP GET /api/employees/1/payslips responded 200 in 1ms [Trace: owc0d27zwyb]
2026-10-05 12:30:12.882 +05:30 [INF] [3gcd5e86jci] HTTP GET /api/projects responded 200 in 4ms [Trace: 3gcd5e86jci]
2026-10-05 12:30:12.883 +05:30 [INF] [5eks7d6mhe] HTTP GET /api/employees responded 200 in 5ms [Trace: 5eks7d6mhe]
2026-10-05 12:30:12.895 +05:30 [INF] [ejthxact73] HTTP GET /api/projects responded 200 in 2ms [Trace: ejthxact73]
2026-10-05 12:30:12.897 +05:30 [INF] [22phedv01vk] HTTP GET /api/employees responded 200 in 2ms [Trace: 22phedv01vk]
2026-10-05 12:30:13.384 +05:30 [INF] [jdin9vv9d5p] HTTP GET /api/leaves/types responded 200 in 3ms [Trace: jdin9vv9d5p]
2026-10-05 12:30:13.384 +05:30 [INF] [ebu4hpwqs4h] HTTP GET /api/leaves responded 200 in 4ms [Trace: ebu4hpwqs4h]
2026-10-05 12:30:13.401 +05:30 [INF] [lev6bggu9qq] HTTP GET /api/leaves/types responded 200 in 1ms [Trace: lev6bggu9qq]
2026-10-05 12:30:13.414 +05:30 [INF] [lrqfqge2gjd] HTTP GET /api/leaves responded 200 in 7ms [Trace: lrqfqge2gjd]
2026-10-05 12:30:14.244 +05:30 [INF] [kviykmwy43h] HTTP GET /api/attendance/today responded 200 in 1ms [Trace: kviykmwy43h]
2026-10-05 12:30:14.255 +05:30 [INF] [rvtl8pl0c6] HTTP GET /api/attendance/today responded 200 in 1ms [Trace: rvtl8pl0c6]
2026-10-05 12:30:14.255 +05:30 [INF] [jkdj9s7lj5g] HTTP GET /api/attendance responded 200 in 1ms [Trace: jkdj9s7lj5g]
2026-10-05 12:30:14.268 +05:30 [INF] [53qgdofbb9g] HTTP GET /api/attendance responded 200 in 1ms [Trace: 53qgdofbb9g]
2026-10-05 12:30:26.132 +05:30 [INF] [1tf04zs43qt] HTTP GET /api/notifications/unread-count responded 200 in 2ms [Trace: 1tf04zs43qt]
2026-10-05 12:30:26.156 +05:30 [INF] [yd10sokh77] HTTP GET /api/notifications responded 200 in 1ms [Trace: yd10sokh77]
2026-10-05 12:30:56.179 +05:30 [INF] [h2kkktsizyv] HTTP GET /api/notifications/unread-count responded 200 in 50ms [Trace: h2kkktsizyv]
2026-10-05 12:30:56.192 +05:30 [INF] [igyeyvins4l] HTTP GET /api/notifications responded 200 in 1ms [Trace: igyeyvins4l]
2026-10-05 12:31:26.141 +05:30 [INF] [uth3uafl398] HTTP GET /api/notifications/unread-count responded 200 in 10ms [Trace: uth3uafl398]
2026-10-05 12:31:26.157 +05:30 [INF] [8jf29t2yqns] HTTP GET /api/notifications responded 200 in 1ms [Trace: 8jf29t2yqns]
2026-10-05 12:47:29.482 +05:30 [INF] [] Now listening on: http://localhost:5000
2026-10-05 12:47:29.528 +05:30 [INF] [] Application started. Press Ctrl+C to shut down.
2026-10-05 12:47:29.529 +05:30 [INF] [] Hosting environment: Development
2026-10-05 12:47:29.530 +05:30 [INF] [] Content root path: C:\Users\sairajk\.gemini\antigravity\scratch\EMS\src\EMS.API
2026-10-05 12:48:22.484 +05:30 [INF] [kmuhl38ye] HTTP GET /api/notifications/unread-count responded 401 in 111ms [Trace: kmuhl38ye]
2026-10-05 12:48:22.517 +05:30 [INF] [1qlfpw7dpmii] HTTP GET /api/auth/me responded 401 in 3ms [Trace: 1qlfpw7dpmii]
2026-10-05 12:48:22.536 +05:30 [INF] [qjvyhnrltmp] HTTP GET /api/auth/me responded 401 in 7ms [Trace: qjvyhnrltmp]
2026-10-05 12:48:22.697 +05:30 [WRN] [09d82dcdac734872995051c137038a0a] Compiling a query which loads related collections for more than one collection navigation, either via 'Include' or through projection, but no 'QuerySplittingBehavior' has been configured. By default, Entity Framework will use 'QuerySplittingBehavior.SingleQuery', which can potentially result in slow query performance. See https://go.microsoft.com/fwlink/?linkid=2134277 for more information. To identify the query that's triggering this warning call 'ConfigureWarnings(w => w.Throw(RelationalEventId.MultipleCollectionIncludeWarning))'.
2026-10-05 12:48:23.110 +05:30 [INF] [09d82dcdac734872995051c137038a0a] TOKEN_REFRESHED. User: 1
2026-10-05 12:48:23.110 +05:30 [INF] [4aa67968becd4aa5a3166862d8f7b4ca] TOKEN_REFRESHED. User: 1
2026-10-05 12:48:23.148 +05:30 [INF] [4aa67968becd4aa5a3166862d8f7b4ca] HTTP POST /api/auth/refresh responded 200 in 614ms [Trace: 4aa67968becd4aa5a3166862d8f7b4ca]
2026-10-05 12:48:23.148 +05:30 [INF] [09d82dcdac734872995051c137038a0a] HTTP POST /api/auth/refresh responded 200 in 631ms [Trace: 09d82dcdac734872995051c137038a0a]
2026-10-05 12:48:23.229 +05:30 [WRN] [1qlfpw7dpmii] Compiling a query which loads related collections for more than one collection navigation, either via 'Include' or through projection, but no 'QuerySplittingBehavior' has been configured. By default, Entity Framework will use 'QuerySplittingBehavior.SingleQuery', which can potentially result in slow query performance. See https://go.microsoft.com/fwlink/?linkid=2134277 for more information. To identify the query that's triggering this warning call 'ConfigureWarnings(w => w.Throw(RelationalEventId.MultipleCollectionIncludeWarning))'.
2026-10-05 12:48:23.247 +05:30 [INF] [kmuhl38ye] HTTP GET /api/notifications/unread-count responded 200 in 74ms [Trace: kmuhl38ye]
2026-10-05 12:48:23.273 +05:30 [INF] [1qlfpw7dpmii] HTTP GET /api/auth/me responded 200 in 103ms [Trace: 1qlfpw7dpmii]
2026-10-05 12:48:23.295 +05:30 [INF] [qjvyhnrltmp] HTTP GET /api/auth/me responded 200 in 6ms [Trace: qjvyhnrltmp]
2026-10-05 12:48:23.296 +05:30 [INF] [g2027p0psm] HTTP GET /api/notifications responded 200 in 32ms [Trace: g2027p0psm]
2026-10-05 12:48:23.314 +05:30 [INF] [lqspu0ie13q] HTTP GET /api/notifications/unread-count responded 200 in 3ms [Trace: lqspu0ie13q]
2026-10-05 12:48:23.326 +05:30 [INF] [bvuwaairqe] HTTP GET /api/notifications/unread-count responded 200 in 2ms [Trace: bvuwaairqe]
2026-10-05 12:48:23.337 +05:30 [INF] [d3q7835zars] HTTP GET /api/notifications responded 200 in 3ms [Trace: d3q7835zars]
2026-10-05 12:48:23.350 +05:30 [INF] [sgttmsj0alj] HTTP GET /api/notifications responded 200 in 2ms [Trace: sgttmsj0alj]
2026-10-05 12:48:23.395 +05:30 [INF] [ppxn9qqnj59] HTTP GET /api/employees responded 200 in 61ms [Trace: ppxn9qqnj59]
2026-10-05 12:48:23.413 +05:30 [INF] [18er7kw5qzm] HTTP GET /api/employees responded 200 in 3ms [Trace: 18er7kw5qzm]
2026-10-05 12:48:23.442 +05:30 [INF] [zr1wywwtt2] HTTP GET /api/departments responded 200 in 31ms [Trace: zr1wywwtt2]
2026-10-05 12:48:23.458 +05:30 [INF] [54yzci3kknj] HTTP GET /api/departments responded 200 in 4ms [Trace: 54yzci3kknj]
2026-10-05 12:48:23.505 +05:30 [INF] [dyh8j22vrpf] HTTP GET /api/leaves responded 200 in 50ms [Trace: dyh8j22vrpf]
2026-10-05 12:48:23.529 +05:30 [INF] [5f5ah0g3s5] HTTP GET /api/leaves responded 200 in 10ms [Trace: 5f5ah0g3s5]
2026-10-05 12:48:23.542 +05:30 [INF] [186e7luw2ol] HTTP GET /api/attendance/today responded 200 in 22ms [Trace: 186e7luw2ol]
2026-10-05 12:48:23.558 +05:30 [INF] [qo9ef5q4vt] HTTP GET /api/attendance/today responded 200 in 3ms [Trace: qo9ef5q4vt]
2026-10-05 12:48:25.506 +05:30 [INF] [dc44cj2cw7] HTTP GET /api/leaves/types responded 200 in 20ms [Trace: dc44cj2cw7]
2026-10-05 12:48:25.521 +05:30 [INF] [o7e57z8clb] HTTP GET /api/leaves responded 200 in 35ms [Trace: o7e57z8clb]
2026-10-05 12:48:25.521 +05:30 [INF] [x5gggz4sapd] HTTP GET /api/leaves/types responded 200 in 1ms [Trace: x5gggz4sapd]
2026-10-05 12:48:25.536 +05:30 [INF] [1op4oqqfg27g] HTTP GET /api/leaves responded 200 in 3ms [Trace: 1op4oqqfg27g]
2026-10-05 12:48:26.131 +05:30 [INF] [2zv5jzkj0x8] HTTP GET /api/notifications/unread-count responded 200 in 2ms [Trace: 2zv5jzkj0x8]
2026-10-05 12:48:26.147 +05:30 [INF] [wvy92t1ussf] HTTP GET /api/notifications responded 200 in 2ms [Trace: wvy92t1ussf]
2026-10-05 12:48:27.496 +05:30 [INF] [ykw1nc83tj] HTTP GET /api/attendance/today responded 200 in 4ms [Trace: ykw1nc83tj]
2026-10-05 12:48:27.511 +05:30 [INF] [1bmmuh1pdysh] HTTP GET /api/attendance/today responded 200 in 2ms [Trace: 1bmmuh1pdysh]
2026-10-05 12:48:27.537 +05:30 [INF] [cg3amozw2ae] HTTP GET /api/attendance responded 200 in 27ms [Trace: cg3amozw2ae]
2026-10-05 12:48:27.554 +05:30 [INF] [f9j8d94wpmh] HTTP GET /api/attendance responded 200 in 2ms [Trace: f9j8d94wpmh]
2026-10-05 12:48:30.888 +05:30 [INF] [9b75tf01tl] LOGOUT. User 1
2026-10-05 12:48:30.890 +05:30 [INF] [9b75tf01tl] HTTP POST /api/auth/logout responded 204 in 27ms [Trace: 9b75tf01tl]
2026-10-05 12:48:32.438 +05:30 [WRN] [d0rmpytjehf] Compiling a query which loads related collections for more than one collection navigation, either via 'Include' or through projection, but no 'QuerySplittingBehavior' has been configured. By default, Entity Framework will use 'QuerySplittingBehavior.SingleQuery', which can potentially result in slow query performance. See https://go.microsoft.com/fwlink/?linkid=2134277 for more information. To identify the query that's triggering this warning call 'ConfigureWarnings(w => w.Throw(RelationalEventId.MultipleCollectionIncludeWarning))'.
2026-10-05 12:48:32.501 +05:30 [INF] [d0rmpytjehf] LOGIN_SUCCESS. User employee@company.com, EmployeeId: 4
2026-10-05 12:48:32.504 +05:30 [INF] [d0rmpytjehf] HTTP POST /api/auth/login responded 200 in 91ms [Trace: d0rmpytjehf]
2026-10-05 12:48:32.543 +05:30 [INF] [4uchx8lsixx] HTTP GET /api/notifications/unread-count responded 200 in 1ms [Trace: 4uchx8lsixx]
2026-10-05 12:48:32.551 +05:30 [INF] [czjz3edmki] HTTP GET /api/attendance/today responded 200 in 9ms [Trace: czjz3edmki]
2026-10-05 12:48:32.556 +05:30 [INF] [js624f30ed] HTTP GET /api/notifications/unread-count responded 200 in 1ms [Trace: js624f30ed]
2026-10-05 12:48:32.556 +05:30 [INF] [xm3oc7d253] HTTP GET /api/notifications responded 200 in 1ms [Trace: xm3oc7d253]
2026-10-05 12:48:32.572 +05:30 [INF] [2574csc1tjd] HTTP GET /api/attendance/today responded 200 in 2ms [Trace: 2574csc1tjd]
2026-10-05 12:48:32.582 +05:30 [INF] [lentboi0tvl] HTTP GET /api/notifications responded 200 in 2ms [Trace: lentboi0tvl]
2026-10-05 12:48:32.586 +05:30 [INF] [0fgct9xc3u6o] HTTP GET /api/attendance responded 200 in 15ms [Trace: 0fgct9xc3u6o]
2026-10-05 12:48:32.600 +05:30 [INF] [89rpy0kby3o] HTTP GET /api/attendance responded 200 in 2ms [Trace: 89rpy0kby3o]
2026-10-05 12:48:35.950 +05:30 [INF] [tez3jprlusp] HTTP GET /api/leaves/types responded 200 in 4ms [Trace: tez3jprlusp]
2026-10-05 12:48:35.964 +05:30 [INF] [96looll98jl] HTTP GET /api/leaves/types responded 200 in 1ms [Trace: 96looll98jl]
2026-10-05 12:48:35.964 +05:30 [INF] [e0cuz1d12up] HTTP GET /api/leaves responded 200 in 17ms [Trace: e0cuz1d12up]
2026-10-05 12:48:35.981 +05:30 [INF] [4lvhc73miwy] HTTP GET /api/leaves responded 200 in 2ms [Trace: 4lvhc73miwy]
2026-10-05 12:48:36.697 +05:30 [INF] [r7031yqjk7] HTTP GET /api/employees responded 403 in 4ms [Trace: r7031yqjk7]
2026-10-05 12:48:36.716 +05:30 [INF] [dpm96andrgp] HTTP GET /api/employees responded 403 in 0ms [Trace: dpm96andrgp]
2026-10-05 12:48:36.739 +05:30 [INF] [tz6f6zn0u6b] HTTP GET /api/projects responded 200 in 46ms [Trace: tz6f6zn0u6b]
2026-10-05 12:48:36.756 +05:30 [INF] [siiuwtdkkks] HTTP GET /api/projects responded 200 in 2ms [Trace: siiuwtdkkks]
2026-10-05 12:48:38.923 +05:30 [INF] [krght529ewc] HTTP GET /api/employees/4/payslips responded 200 in 30ms [Trace: krght529ewc]
2026-10-05 12:48:38.944 +05:30 [INF] [ddpmk31z1vu] HTTP GET /api/employees/4/payslips responded 200 in 3ms [Trace: ddpmk31z1vu]
2026-10-05 12:48:40.320 +05:30 [INF] [ygmqt3puue] HTTP GET /api/leaves/types responded 200 in 2ms [Trace: ygmqt3puue]
2026-10-05 12:48:40.322 +05:30 [INF] [npwl86w9yoe] HTTP GET /api/leaves responded 200 in 4ms [Trace: npwl86w9yoe]
2026-10-05 12:48:40.336 +05:30 [INF] [jrw31mc0f3] HTTP GET /api/leaves/types responded 200 in 1ms [Trace: jrw31mc0f3]
2026-10-05 12:48:40.338 +05:30 [INF] [1qb5onwm1dd] HTTP GET /api/leaves responded 200 in 1ms [Trace: 1qb5onwm1dd]
2026-10-05 12:48:40.944 +05:30 [INF] [q3lke8jvubl] HTTP GET /api/departments responded 200 in 6ms [Trace: q3lke8jvubl]
2026-10-05 12:48:40.969 +05:30 [INF] [zyxrf7f7hic] HTTP GET /api/departments responded 200 in 2ms [Trace: zyxrf7f7hic]
2026-10-05 12:48:41.471 +05:30 [INF] [9mwmszg96zt] HTTP GET /api/employees responded 403 in 0ms [Trace: 9mwmszg96zt]
2026-10-05 12:48:41.473 +05:30 [INF] [m8nx49hqocp] HTTP GET /api/departments responded 200 in 2ms [Trace: m8nx49hqocp]
2026-10-05 12:48:41.483 +05:30 [INF] [m13l9q4vcvi] HTTP GET /api/employees responded 403 in 0ms [Trace: m13l9q4vcvi]
2026-10-05 12:48:41.484 +05:30 [INF] [8vpub33n21f] HTTP GET /api/positions responded 200 in 13ms [Trace: 8vpub33n21f]
2026-10-05 12:48:41.484 +05:30 [INF] [mecs0ti6vbr] HTTP GET /api/departments responded 200 in 1ms [Trace: mecs0ti6vbr]
2026-10-05 12:48:41.497 +05:30 [INF] [zuy6rj6n74o] HTTP GET /api/positions responded 200 in 1ms [Trace: zuy6rj6n74o]
2026-10-05 12:48:42.657 +05:30 [INF] [4yaqlsdo4a] HTTP GET /api/attendance/today responded 200 in 2ms [Trace: 4yaqlsdo4a]
2026-10-05 12:48:42.689 +05:30 [INF] [y6m7xwvgth] HTTP GET /api/attendance/today responded 200 in 21ms [Trace: y6m7xwvgth]
2026-10-05 12:48:46.547 +05:30 [INF] [11wh81qk4y3r] LOGOUT. User 4
2026-10-05 12:48:46.551 +05:30 [INF] [11wh81qk4y3r] HTTP POST /api/auth/logout responded 204 in 13ms [Trace: 11wh81qk4y3r]
2026-10-05 14:04:33.026 +05:30 [INF] [] Now listening on: http://localhost:5000
2026-10-05 14:04:33.065 +05:30 [INF] [] Application started. Press Ctrl+C to shut down.
2026-10-05 14:04:33.065 +05:30 [INF] [] Hosting environment: Development
2026-10-05 14:04:33.066 +05:30 [INF] [] Content root path: C:\Users\sairajk\.gemini\antigravity\scratch\EMS\src\EMS.API
2026-10-05 14:04:35.782 +05:30 [INF] [] Now listening on: http://localhost:5000
2026-10-05 14:04:35.835 +05:30 [INF] [] Application started. Press Ctrl+C to shut down.
2026-10-05 14:04:35.836 +05:30 [INF] [] Hosting environment: Development
2026-10-05 14:04:35.837 +05:30 [INF] [] Content root path: C:\Users\sairajk\.gemini\antigravity\scratch\EMS\src\EMS.API
2026-10-05 14:04:39.811 +05:30 [WRN] [8gak9af996n] Compiling a query which loads related collections for more than one collection navigation, either via 'Include' or through projection, but no 'QuerySplittingBehavior' has been configured. By default, Entity Framework will use 'QuerySplittingBehavior.SingleQuery', which can potentially result in slow query performance. See https://go.microsoft.com/fwlink/?linkid=2134277 for more information. To identify the query that's triggering this warning call 'ConfigureWarnings(w => w.Throw(RelationalEventId.MultipleCollectionIncludeWarning))'.
2026-10-05 14:04:40.239 +05:30 [INF] [8gak9af996n] LOGIN_SUCCESS. User employee@company.com, EmployeeId: 4
2026-10-05 14:04:40.274 +05:30 [INF] [8gak9af996n] HTTP POST /api/auth/login responded 200 in 731ms [Trace: 8gak9af996n]
2026-10-05 14:04:40.476 +05:30 [INF] [tudyiiq7kbm] HTTP GET /api/attendance/today responded 200 in 156ms [Trace: tudyiiq7kbm]
2026-10-05 14:04:40.487 +05:30 [INF] [zp492d784r] HTTP GET /api/notifications/unread-count responded 200 in 165ms [Trace: zp492d784r]
2026-10-05 14:04:40.533 +05:30 [INF] [qv0ndbbrxul] HTTP GET /api/notifications/unread-count responded 200 in 33ms [Trace: qv0ndbbrxul]
2026-10-05 14:04:40.533 +05:30 [INF] [wtjkbvml4y] HTTP GET /api/attendance/today responded 200 in 43ms [Trace: wtjkbvml4y]
2026-10-05 14:04:40.591 +05:30 [INF] [5v173g1h3vx] HTTP GET /api/notifications responded 200 in 90ms [Trace: 5v173g1h3vx]
2026-10-05 14:04:40.611 +05:30 [INF] [o8y4wuokzm] HTTP GET /api/notifications responded 200 in 4ms [Trace: o8y4wuokzm]
2026-10-05 14:04:42.248 +05:30 [INF] [j607ljpy5is] HTTP GET /api/leaves/types responded 200 in 22ms [Trace: j607ljpy5is]
2026-10-05 14:04:42.266 +05:30 [INF] [8kolkdycwm] HTTP GET /api/leaves/types responded 200 in 3ms [Trace: 8kolkdycwm]
2026-10-05 14:04:42.282 +05:30 [INF] [6mfam96rmnj] HTTP GET /api/leaves responded 200 in 56ms [Trace: 6mfam96rmnj]
2026-10-05 14:04:42.301 +05:30 [INF] [r386aztzj1i] HTTP GET /api/leaves responded 200 in 5ms [Trace: r386aztzj1i]
2026-10-05 14:04:50.510 +05:30 [INF] [jvndvlqt83h] LEAVE_APPLIED. LeaveId: 4, EmployeeId: 4
2026-10-05 14:04:50.513 +05:30 [INF] [jvndvlqt83h] HTTP POST /api/leaves responded 201 in 147ms [Trace: jvndvlqt83h]
2026-10-05 14:04:50.538 +05:30 [INF] [zla3o5nx7d9] HTTP GET /api/leaves/types responded 200 in 2ms [Trace: zla3o5nx7d9]
2026-10-05 14:04:50.539 +05:30 [INF] [ko41okbmwrg] HTTP GET /api/leaves responded 200 in 3ms [Trace: ko41okbmwrg]
2026-10-05 14:04:52.871 +05:30 [WRN] [cz4rqjnls6] Compiling a query which loads related collections for more than one collection navigation, either via 'Include' or through projection, but no 'QuerySplittingBehavior' has been configured. By default, Entity Framework will use 'QuerySplittingBehavior.SingleQuery', which can potentially result in slow query performance. See https://go.microsoft.com/fwlink/?linkid=2134277 for more information. To identify the query that's triggering this warning call 'ConfigureWarnings(w => w.Throw(RelationalEventId.MultipleCollectionIncludeWarning))'.
2026-10-05 14:04:52.916 +05:30 [INF] [cz4rqjnls6] LOGOUT. User 4
2026-10-05 14:04:52.922 +05:30 [INF] [cz4rqjnls6] HTTP POST /api/auth/logout responded 204 in 77ms [Trace: cz4rqjnls6]
2026-10-05 14:04:54.879 +05:30 [INF] [itk8gwrnwy8] LOGIN_SUCCESS. User manager@company.com, EmployeeId: 3
2026-10-05 14:04:54.880 +05:30 [INF] [itk8gwrnwy8] HTTP POST /api/auth/login responded 200 in 30ms [Trace: itk8gwrnwy8]
2026-10-05 14:04:54.913 +05:30 [INF] [84pls5clkyu] HTTP GET /api/notifications/unread-count responded 200 in 2ms [Trace: 84pls5clkyu]
2026-10-05 14:04:54.913 +05:30 [INF] [7rnji2js1gn] HTTP GET /api/leaves/types responded 200 in 2ms [Trace: 7rnji2js1gn]
2026-10-05 14:04:54.941 +05:30 [INF] [gw2cpovhr97] HTTP GET /api/notifications/unread-count responded 200 in 2ms [Trace: gw2cpovhr97]
2026-10-05 14:04:54.942 +05:30 [INF] [rudnaip33xp] HTTP GET /api/notifications responded 200 in 1ms [Trace: rudnaip33xp]
2026-10-05 14:04:54.943 +05:30 [INF] [b2w3qyi2lop] HTTP GET /api/leaves/types responded 200 in 1ms [Trace: b2w3qyi2lop]
2026-10-05 14:04:54.952 +05:30 [INF] [9uei9tmnv4] HTTP GET /api/leaves responded 200 in 40ms [Trace: 9uei9tmnv4]
2026-10-05 14:04:54.961 +05:30 [INF] [rbbwvrv3zz] HTTP GET /api/notifications responded 200 in 1ms [Trace: rbbwvrv3zz]
2026-10-05 14:04:54.969 +05:30 [INF] [vip5sgpxk8o] HTTP GET /api/leaves responded 200 in 6ms [Trace: vip5sgpxk8o]
2026-10-05 14:04:56.864 +05:30 [INF] [iyr71nj2xdn] HTTP PUT /api/notifications/12/read responded 204 in 19ms [Trace: iyr71nj2xdn]
2026-10-05 14:04:56.893 +05:30 [INF] [3jiswofugzo] HTTP GET /api/notifications/unread-count responded 200 in 3ms [Trace: 3jiswofugzo]
2026-10-05 14:04:56.908 +05:30 [INF] [cjufrun2soh] HTTP GET /api/notifications responded 200 in 1ms [Trace: cjufrun2soh]
2026-10-05 14:04:58.073 +05:30 [INF] [psqniieiiqp] HTTP PUT /api/notifications/12/read responded 204 in 4ms [Trace: psqniieiiqp]
2026-10-05 14:04:58.088 +05:30 [INF] [tbaw1w4wmga] HTTP GET /api/notifications/unread-count responded 200 in 1ms [Trace: tbaw1w4wmga]
2026-10-05 14:04:58.101 +05:30 [INF] [czw9dhtscyu] HTTP GET /api/notifications responded 200 in 1ms [Trace: czw9dhtscyu]
2026-10-05 14:04:58.705 +05:30 [INF] [v1gga6h4jei] HTTP PUT /api/notifications/12/read responded 204 in 13ms [Trace: v1gga6h4jei]
2026-10-05 14:04:58.727 +05:30 [INF] [2aq7sp3e9vz] HTTP GET /api/notifications/unread-count responded 200 in 1ms [Trace: 2aq7sp3e9vz]
2026-10-05 14:04:58.741 +05:30 [INF] [isvi0042q7e] HTTP GET /api/notifications responded 200 in 2ms [Trace: isvi0042q7e]
2026-10-05 14:05:00.701 +05:30 [INF] [dz9ocmooedg] HTTP GET /api/employees responded 403 in 5ms [Trace: dz9ocmooedg]
2026-10-05 14:05:00.716 +05:30 [INF] [a99yum9vsfb] HTTP GET /api/employees responded 403 in 0ms [Trace: a99yum9vsfb]
2026-10-05 14:05:00.738 +05:30 [INF] [ff9rfg5av5p] HTTP GET /api/projects responded 200 in 42ms [Trace: ff9rfg5av5p]
2026-10-05 14:05:00.754 +05:30 [INF] [c9zmheqsj4v] HTTP GET /api/projects responded 200 in 2ms [Trace: c9zmheqsj4v]
2026-10-05 14:05:01.240 +05:30 [INF] [um0ct24mvo] HTTP GET /api/leaves/types responded 200 in 2ms [Trace: um0ct24mvo]
2026-10-05 14:05:01.241 +05:30 [INF] [m022zq6dken] HTTP GET /api/leaves responded 200 in 3ms [Trace: m022zq6dken]
2026-10-05 14:05:01.256 +05:30 [INF] [b11k1sgjcju] HTTP GET /api/leaves/types responded 200 in 2ms [Trace: b11k1sgjcju]
2026-10-05 14:05:01.263 +05:30 [INF] [by81kcxpql4] HTTP GET /api/leaves responded 200 in 2ms [Trace: by81kcxpql4]
2026-10-05 14:05:05.658 +05:30 [INF] [ryxdz6lwqt] HTTP GET /api/employees/3/payslips responded 200 in 20ms [Trace: ryxdz6lwqt]
2026-10-05 14:05:05.673 +05:30 [INF] [qisf2389g5s] HTTP GET /api/employees/3/payslips responded 200 in 2ms [Trace: qisf2389g5s]
2026-10-05 14:05:06.529 +05:30 [INF] [wkwpoei80ic] HTTP GET /api/employees responded 403 in 0ms [Trace: wkwpoei80ic]
2026-10-05 14:05:06.534 +05:30 [INF] [bga21hr9z1p] HTTP GET /api/projects responded 200 in 5ms [Trace: bga21hr9z1p]
2026-10-05 14:05:06.545 +05:30 [INF] [ntz2act2xx] HTTP GET /api/employees responded 403 in 0ms [Trace: ntz2act2xx]
2026-10-05 14:05:06.549 +05:30 [INF] [l46mt24xtis] HTTP GET /api/projects responded 200 in 2ms [Trace: l46mt24xtis]
2026-10-05 14:05:07.819 +05:30 [INF] [h3m2bmj0mc8] HTTP GET /api/attendance/today responded 200 in 4ms [Trace: h3m2bmj0mc8]
2026-10-05 14:05:07.841 +05:30 [INF] [3gj283r2o8x] HTTP GET /api/attendance/today responded 200 in 2ms [Trace: 3gj283r2o8x]
2026-10-05 14:05:07.866 +05:30 [INF] [1tq3faytucn] HTTP GET /api/attendance responded 200 in 27ms [Trace: 1tq3faytucn]
2026-10-05 14:05:07.879 +05:30 [INF] [yx2zmpibep] HTTP GET /api/attendance responded 200 in 2ms [Trace: yx2zmpibep]
2026-10-05 14:05:08.860 +05:30 [INF] [xlog6otx9c] HTTP GET /api/leaves/types responded 200 in 2ms [Trace: xlog6otx9c]
2026-10-05 14:05:08.860 +05:30 [INF] [vm9l1llql8s] HTTP GET /api/leaves responded 200 in 3ms [Trace: vm9l1llql8s]
2026-10-05 14:05:08.876 +05:30 [INF] [wn6xfn29ngf] HTTP GET /api/leaves/types responded 200 in 1ms [Trace: wn6xfn29ngf]
2026-10-05 14:05:08.879 +05:30 [INF] [1b4cobt687l] HTTP GET /api/leaves responded 200 in 2ms [Trace: 1b4cobt687l]
2026-10-05 14:05:10.477 +05:30 [INF] [0wqr14edytf] HTTP GET /api/positions responded 200 in 20ms [Trace: 0wqr14edytf]
2026-10-05 14:05:10.492 +05:30 [INF] [gstvy9psusq] HTTP GET /api/positions responded 200 in 1ms [Trace: gstvy9psusq]
2026-10-05 14:05:12.370 +05:30 [INF] [ib27mrhmy8] LOGOUT. User 3
2026-10-05 14:05:12.371 +05:30 [INF] [ib27mrhmy8] HTTP POST /api/auth/logout responded 204 in 13ms [Trace: ib27mrhmy8]
2026-10-05 14:05:16.410 +05:30 [INF] [2r9uqro8fto] LOGIN_SUCCESS. User hr@company.com, EmployeeId: 2
2026-10-05 14:05:16.412 +05:30 [INF] [2r9uqro8fto] HTTP POST /api/auth/login responded 200 in 28ms [Trace: 2r9uqro8fto]
2026-10-05 14:05:16.446 +05:30 [INF] [2e8b8fp7drv] HTTP GET /api/notifications/unread-count responded 200 in 1ms [Trace: 2e8b8fp7drv]
2026-10-05 14:05:16.447 +05:30 [INF] [o9yxajom4lj] HTTP GET /api/positions responded 200 in 1ms [Trace: o9yxajom4lj]
2026-10-05 14:05:16.460 +05:30 [INF] [px5qv90y8ke] HTTP GET /api/notifications/unread-count responded 200 in 1ms [Trace: px5qv90y8ke]
2026-10-05 14:05:16.462 +05:30 [INF] [lovtv5ce2yi] HTTP GET /api/positions responded 200 in 0ms [Trace: lovtv5ce2yi]
2026-10-05 14:05:16.462 +05:30 [INF] [qun1umfoca] HTTP GET /api/notifications responded 200 in 1ms [Trace: qun1umfoca]
2026-10-05 14:05:16.480 +05:30 [INF] [bvue1yt97vk] HTTP GET /api/notifications responded 200 in 1ms [Trace: bvue1yt97vk]
2026-10-05 14:05:20.608 +05:30 [INF] [i4qvjlo54lc] LOGOUT. User 2
2026-10-05 14:05:20.611 +05:30 [INF] [i4qvjlo54lc] HTTP POST /api/auth/logout responded 204 in 12ms [Trace: i4qvjlo54lc]
2026-10-05 14:05:22.234 +05:30 [INF] [o4p580gn0q] LOGIN_SUCCESS. User admin@company.com, EmployeeId: 1
2026-10-05 14:05:22.237 +05:30 [INF] [o4p580gn0q] HTTP POST /api/auth/login responded 200 in 21ms [Trace: o4p580gn0q]
2026-10-05 14:05:22.275 +05:30 [INF] [vit64nalxt] HTTP GET /api/notifications/unread-count responded 200 in 1ms [Trace: vit64nalxt]
2026-10-05 14:05:22.275 +05:30 [INF] [z6lt2ekgdag] HTTP GET /api/positions responded 200 in 1ms [Trace: z6lt2ekgdag]
2026-10-05 14:05:22.289 +05:30 [INF] [g3nnn2eyzwj] HTTP GET /api/notifications/unread-count responded 200 in 1ms [Trace: g3nnn2eyzwj]
2026-10-05 14:05:22.289 +05:30 [INF] [1w02c0f9bro] HTTP GET /api/notifications responded 200 in 1ms [Trace: 1w02c0f9bro]
2026-10-05 14:05:22.290 +05:30 [INF] [zd3hmwvdhhp] HTTP GET /api/positions responded 200 in 1ms [Trace: zd3hmwvdhhp]
2026-10-05 14:05:22.306 +05:30 [INF] [x4fo6aj9zb] HTTP GET /api/notifications responded 200 in 1ms [Trace: x4fo6aj9zb]
2026-10-05 14:05:24.674 +05:30 [INF] [ptkbuv085j] HTTP GET /api/leaves/types responded 200 in 2ms [Trace: ptkbuv085j]
2026-10-05 14:05:24.693 +05:30 [INF] [fppkv10qjic] HTTP GET /api/leaves/types responded 200 in 0ms [Trace: fppkv10qjic]
2026-10-05 14:05:24.694 +05:30 [INF] [xcxsh56gvi] HTTP GET /api/leaves responded 200 in 21ms [Trace: xcxsh56gvi]
2026-10-05 14:05:24.708 +05:30 [INF] [pgwxd2tc9uq] HTTP GET /api/leaves responded 200 in 2ms [Trace: pgwxd2tc9uq]
2026-10-05 14:05:31.737 +05:30 [INF] [55wlt1b1138] LEAVE_STATUS_CHANGED. LeaveId: 4, Status: "Approved", By: 1
2026-10-05 14:05:31.740 +05:30 [INF] [55wlt1b1138] HTTP PUT /api/leaves/4/approve responded 200 in 106ms [Trace: 55wlt1b1138]
2026-10-05 14:05:31.760 +05:30 [INF] [g4jrhcuvbf7] HTTP GET /api/leaves responded 200 in 2ms [Trace: g4jrhcuvbf7]
2026-10-05 14:05:31.760 +05:30 [INF] [zs32n0k8yq9] HTTP GET /api/leaves/types responded 200 in 1ms [Trace: zs32n0k8yq9]
2026-10-05 14:05:33.919 +05:30 [INF] [57llxu8pyod] LOGOUT. User 1
2026-10-05 14:05:33.922 +05:30 [INF] [57llxu8pyod] HTTP POST /api/auth/logout responded 204 in 14ms [Trace: 57llxu8pyod]
2026-10-05 14:05:35.814 +05:30 [INF] [spni1qex5f] LOGIN_SUCCESS. User employee@company.com, EmployeeId: 4
2026-10-05 14:05:35.815 +05:30 [INF] [spni1qex5f] HTTP POST /api/auth/login responded 200 in 22ms [Trace: spni1qex5f]
2026-10-05 14:05:35.841 +05:30 [INF] [9k0f3jgh6d] HTTP GET /api/notifications/unread-count responded 200 in 1ms [Trace: 9k0f3jgh6d]
2026-10-05 14:05:35.841 +05:30 [INF] [kz4vz4vzpj] HTTP GET /api/leaves/types responded 200 in 1ms [Trace: kz4vz4vzpj]
2026-10-05 14:05:35.841 +05:30 [INF] [giyuu2l9k5t] HTTP GET /api/leaves responded 200 in 1ms [Trace: giyuu2l9k5t]
2026-10-05 14:05:35.855 +05:30 [INF] [njwojg4k0q9] HTTP GET /api/notifications/unread-count responded 200 in 1ms [Trace: njwojg4k0q9]
2026-10-05 14:05:35.856 +05:30 [INF] [dvy8tcvlt2] HTTP GET /api/notifications responded 200 in 1ms [Trace: dvy8tcvlt2]
2026-10-05 14:05:35.856 +05:30 [INF] [0b9e7ma957uj] HTTP GET /api/leaves/types responded 200 in 0ms [Trace: 0b9e7ma957uj]
2026-10-05 14:05:35.858 +05:30 [INF] [je8czk9lkc] HTTP GET /api/leaves responded 200 in 1ms [Trace: je8czk9lkc]
2026-10-05 14:05:35.870 +05:30 [INF] [1sijoyvfd3z] HTTP GET /api/notifications responded 200 in 1ms [Trace: 1sijoyvfd3z]
2026-10-05 14:05:42.985 +05:30 [INF] [k1yzzss7aal] LOGOUT. User 4
2026-10-05 14:05:42.990 +05:30 [INF] [k1yzzss7aal] HTTP POST /api/auth/logout responded 204 in 13ms [Trace: k1yzzss7aal]
2026-10-05 14:06:30.287 +05:30 [INF] [bp86g5cehfg] LOGIN_SUCCESS. User admin@company.com, EmployeeId: 1
2026-10-05 14:06:30.289 +05:30 [INF] [bp86g5cehfg] HTTP POST /api/auth/login responded 200 in 19ms [Trace: bp86g5cehfg]
2026-10-05 14:06:30.314 +05:30 [INF] [7pduudrfbwt] HTTP GET /api/leaves/types responded 200 in 1ms [Trace: 7pduudrfbwt]
2026-10-05 14:06:30.315 +05:30 [INF] [mhuit8i14fk] HTTP GET /api/leaves responded 200 in 1ms [Trace: mhuit8i14fk]
2026-10-05 14:06:30.355 +05:30 [INF] [ipcf6kxa00o] HTTP GET /api/notifications/unread-count responded 200 in 40ms [Trace: ipcf6kxa00o]
2026-10-05 14:06:30.388 +05:30 [INF] [e92vv0bopct] HTTP GET /api/leaves/types responded 200 in 1ms [Trace: e92vv0bopct]
2026-10-05 14:06:30.393 +05:30 [INF] [d0mewxounxg] HTTP GET /api/leaves responded 200 in 2ms [Trace: d0mewxounxg]
2026-10-05 14:06:30.396 +05:30 [INF] [lz12t6n8dha] HTTP GET /api/notifications/unread-count responded 200 in 0ms [Trace: lz12t6n8dha]
2026-10-05 14:06:30.396 +05:30 [INF] [jpgb4a4ddvm] HTTP GET /api/notifications responded 200 in 0ms [Trace: jpgb4a4ddvm]
2026-10-05 14:06:30.412 +05:30 [INF] [324z3euzuol] HTTP GET /api/notifications responded 200 in 1ms [Trace: 324z3euzuol]
2026-10-05 14:07:00.324 +05:30 [INF] [4tidp1jr4w] HTTP GET /api/notifications/unread-count responded 200 in 4ms [Trace: 4tidp1jr4w]
2026-10-05 14:07:00.335 +05:30 [INF] [jcjm0h6zs2b] HTTP GET /api/notifications responded 200 in 1ms [Trace: jcjm0h6zs2b]
2026-10-05 14:07:31.188 +05:30 [INF] [06lbvnd2qwt] HTTP GET /api/notifications/unread-count responded 200 in 29ms [Trace: 06lbvnd2qwt]
2026-10-05 14:07:31.196 +05:30 [INF] [7i1q8gkitra] HTTP GET /api/notifications responded 200 in 0ms [Trace: 7i1q8gkitra]
2026-10-05 14:08:01.155 +05:30 [INF] [hluo29xelxi] HTTP GET /api/notifications/unread-count responded 200 in 5ms [Trace: hluo29xelxi]
2026-10-05 14:08:01.188 +05:30 [INF] [sbyqnha320o] HTTP GET /api/notifications responded 200 in 1ms [Trace: sbyqnha320o]
2026-10-05 14:08:31.155 +05:30 [INF] [572yz1n372g] HTTP GET /api/notifications/unread-count responded 200 in 3ms [Trace: 572yz1n372g]
2026-10-05 14:08:31.186 +05:30 [INF] [oph32c1zm5n] HTTP GET /api/notifications responded 200 in 1ms [Trace: oph32c1zm5n]
2026-10-05 14:11:02.689 +05:30 [INF] [] Now listening on: http://localhost:5000
2026-10-05 14:11:02.735 +05:30 [INF] [] Application started. Press Ctrl+C to shut down.
2026-10-05 14:11:02.736 +05:30 [INF] [] Hosting environment: Development
2026-10-05 14:11:02.737 +05:30 [INF] [] Content root path: C:\Users\sairajk\.gemini\antigravity\scratch\EMS\src\EMS.API
2026-10-05 14:11:07.856 +05:30 [INF] [mid9d4aard] HTTP GET /api/notifications/unread-count responded 200 in 233ms [Trace: mid9d4aard]
2026-10-05 14:11:07.979 +05:30 [INF] [8m8oclxza5i] HTTP GET /api/notifications responded 200 in 104ms [Trace: 8m8oclxza5i]
2026-10-05 14:11:11.536 +05:30 [WRN] [h4vzws1oz3] Compiling a query which loads related collections for more than one collection navigation, either via 'Include' or through projection, but no 'QuerySplittingBehavior' has been configured. By default, Entity Framework will use 'QuerySplittingBehavior.SingleQuery', which can potentially result in slow query performance. See https://go.microsoft.com/fwlink/?linkid=2134277 for more information. To identify the query that's triggering this warning call 'ConfigureWarnings(w => w.Throw(RelationalEventId.MultipleCollectionIncludeWarning))'.
2026-10-05 14:11:11.900 +05:30 [INF] [h4vzws1oz3] LOGOUT. User 1
2026-10-05 14:11:11.902 +05:30 [INF] [h4vzws1oz3] HTTP POST /api/auth/logout responded 204 in 481ms [Trace: h4vzws1oz3]
2026-10-05 14:11:14.914 +05:30 [WRN] [fum253gxja] Compiling a query which loads related collections for more than one collection navigation, either via 'Include' or through projection, but no 'QuerySplittingBehavior' has been configured. By default, Entity Framework will use 'QuerySplittingBehavior.SingleQuery', which can potentially result in slow query performance. See https://go.microsoft.com/fwlink/?linkid=2134277 for more information. To identify the query that's triggering this warning call 'ConfigureWarnings(w => w.Throw(RelationalEventId.MultipleCollectionIncludeWarning))'.
2026-10-05 14:11:14.983 +05:30 [INF] [fum253gxja] LOGIN_SUCCESS. User employee@company.com, EmployeeId: 4
2026-10-05 14:11:14.996 +05:30 [INF] [fum253gxja] HTTP POST /api/auth/login responded 200 in 130ms [Trace: fum253gxja]
2026-10-05 14:11:15.040 +05:30 [INF] [uolu83chc9p] HTTP GET /api/notifications/unread-count responded 200 in 8ms [Trace: uolu83chc9p]
2026-10-05 14:11:15.045 +05:30 [INF] [83vrcldma7f] HTTP GET /api/leaves/types responded 200 in 15ms [Trace: 83vrcldma7f]
2026-10-05 14:11:15.056 +05:30 [INF] [dwk5llksky] HTTP GET /api/notifications/unread-count responded 200 in 2ms [Trace: dwk5llksky]
2026-10-05 14:11:15.129 +05:30 [INF] [b4csza81sxi] HTTP GET /api/leaves/types responded 200 in 29ms [Trace: b4csza81sxi]
2026-10-05 14:11:15.189 +05:30 [INF] [x58nho55k5] HTTP GET /api/notifications responded 200 in 135ms [Trace: x58nho55k5]
2026-10-05 14:11:15.219 +05:30 [INF] [o1t5gummjub] HTTP GET /api/notifications responded 200 in 2ms [Trace: o1t5gummjub]
2026-10-05 14:11:15.232 +05:30 [INF] [3dw37scqenw] HTTP GET /api/leaves responded 200 in 201ms [Trace: 3dw37scqenw]
2026-10-05 14:11:15.248 +05:30 [INF] [52polwptsmh] HTTP GET /api/leaves responded 200 in 4ms [Trace: 52polwptsmh]
2026-10-05 14:11:51.562 +05:30 [INF] [7bpst21hs5h] HTTP GET /api/notifications/unread-count responded 200 in 232ms [Trace: 7bpst21hs5h]
2026-10-05 14:11:51.650 +05:30 [INF] [vdbim7pouvd] HTTP GET /api/notifications responded 200 in 1ms [Trace: vdbim7pouvd]
2026-10-05 14:11:51.681 +05:30 [INF] [37l643klfst] HTTP PUT /api/notifications/13/read responded 204 in 188ms [Trace: 37l643klfst]
2026-10-05 14:11:51.695 +05:30 [INF] [lazgz5wg2xs] HTTP GET /api/notifications/unread-count responded 200 in 1ms [Trace: lazgz5wg2xs]
2026-10-05 14:11:51.712 +05:30 [INF] [hb6neadfznc] HTTP GET /api/notifications responded 200 in 2ms [Trace: hb6neadfznc]
2026-10-05 14:11:51.757 +05:30 [INF] [71dus90fc9g] LEAVE_APPLIED. LeaveId: 7, EmployeeId: 4
2026-10-05 14:11:51.757 +05:30 [INF] [20a1wcn55h6] LEAVE_APPLIED. LeaveId: 6, EmployeeId: 4
2026-10-05 14:11:51.757 +05:30 [INF] [tlioft3ccpi] LEAVE_APPLIED. LeaveId: 8, EmployeeId: 4
2026-10-05 14:11:51.757 +05:30 [INF] [ruziu07xht] LEAVE_APPLIED. LeaveId: 5, EmployeeId: 4
2026-10-05 14:11:51.760 +05:30 [INF] [ruziu07xht] HTTP POST /api/leaves responded 201 in 199ms [Trace: ruziu07xht]
2026-10-05 14:11:51.759 +05:30 [INF] [71dus90fc9g] HTTP POST /api/leaves responded 201 in 196ms [Trace: 71dus90fc9g]
2026-10-05 14:11:51.759 +05:30 [INF] [tlioft3ccpi] HTTP POST /api/leaves responded 201 in 113ms [Trace: tlioft3ccpi]
2026-10-05 14:11:51.759 +05:30 [INF] [20a1wcn55h6] HTTP POST /api/leaves responded 201 in 136ms [Trace: 20a1wcn55h6]
2026-10-05 14:11:51.781 +05:30 [INF] [ievuyhaao8] HTTP GET /api/leaves/types responded 200 in 1ms [Trace: ievuyhaao8]
2026-10-05 14:11:51.787 +05:30 [INF] [o271wtb2hcq] HTTP GET /api/leaves responded 200 in 3ms [Trace: o271wtb2hcq]
2026-10-05 14:11:51.790 +05:30 [INF] [no4a06ev7sn] HTTP GET /api/leaves responded 200 in 10ms [Trace: no4a06ev7sn]
2026-10-05 14:11:51.791 +05:30 [INF] [y7aiegjk9o] HTTP GET /api/leaves responded 200 in 2ms [Trace: y7aiegjk9o]
2026-10-05 14:11:51.793 +05:30 [INF] [5w7b60to3p] HTTP GET /api/leaves/types responded 200 in 1ms [Trace: 5w7b60to3p]
2026-10-05 14:11:51.803 +05:30 [INF] [p8iwlrrnv3o] HTTP GET /api/leaves responded 200 in 2ms [Trace: p8iwlrrnv3o]
2026-10-05 14:11:51.804 +05:30 [INF] [pger3f0h94] HTTP GET /api/leaves/types responded 200 in 1ms [Trace: pger3f0h94]
2026-10-05 14:11:51.814 +05:30 [INF] [bmkqa3x19zc] HTTP GET /api/leaves/types responded 200 in 1ms [Trace: bmkqa3x19zc]
2026-10-05 14:11:56.711 +05:30 [INF] [o4duaq11fzg] HTTP GET /api/notifications responded 200 in 5ms [Trace: o4duaq11fzg]
2026-10-05 14:11:56.729 +05:30 [INF] [5es3menvenn] HTTP GET /api/notifications responded 200 in 2ms [Trace: 5es3menvenn]
2026-10-05 14:11:59.441 +05:30 [INF] [yl75pauoecn] HTTP GET /api/leaves/types responded 200 in 1ms [Trace: yl75pauoecn]
2026-10-05 14:11:59.441 +05:30 [INF] [yacgl7lad5p] HTTP GET /api/leaves responded 200 in 2ms [Trace: yacgl7lad5p]
2026-10-05 14:11:59.450 +05:30 [INF] [tthjaeb2cef] HTTP GET /api/leaves/types responded 200 in 1ms [Trace: tthjaeb2cef]
2026-10-05 14:11:59.452 +05:30 [INF] [hjyv4kawc5o] HTTP GET /api/leaves responded 200 in 1ms [Trace: hjyv4kawc5o]
2026-10-05 14:12:02.338 +05:30 [WRN] [2hh1rvewrre] Compiling a query which loads related collections for more than one collection navigation, either via 'Include' or through projection, but no 'QuerySplittingBehavior' has been configured. By default, Entity Framework will use 'QuerySplittingBehavior.SingleQuery', which can potentially result in slow query performance. See https://go.microsoft.com/fwlink/?linkid=2134277 for more information. To identify the query that's triggering this warning call 'ConfigureWarnings(w => w.Throw(RelationalEventId.MultipleCollectionIncludeWarning))'.
2026-10-05 14:12:02.404 +05:30 [INF] [2hh1rvewrre] LEAVE_CANCELLED. LeaveId: 8
2026-10-05 14:12:02.408 +05:30 [INF] [2hh1rvewrre] HTTP POST /api/leaves/8/cancel responded 204 in 124ms [Trace: 2hh1rvewrre]
2026-10-05 14:12:02.425 +05:30 [INF] [kcx6yd0149o] HTTP GET /api/leaves/types responded 200 in 1ms [Trace: kcx6yd0149o]
2026-10-05 14:12:02.426 +05:30 [INF] [p9tk9pvdm6] HTTP GET /api/leaves responded 200 in 1ms [Trace: p9tk9pvdm6]
2026-10-05 14:12:04.638 +05:30 [INF] [6payjpbo9fs] LEAVE_CANCELLED. LeaveId: 5
2026-10-05 14:12:04.639 +05:30 [INF] [6payjpbo9fs] HTTP POST /api/leaves/5/cancel responded 204 in 24ms [Trace: 6payjpbo9fs]
2026-10-05 14:12:04.652 +05:30 [INF] [gg1xauhyxv] HTTP GET /api/leaves/types responded 200 in 1ms [Trace: gg1xauhyxv]
2026-10-05 14:12:04.653 +05:30 [INF] [9i7z0os0t1o] HTTP GET /api/leaves responded 200 in 2ms [Trace: 9i7z0os0t1o]
2026-10-05 14:12:06.898 +05:30 [INF] [fdem5t4y61u] LEAVE_CANCELLED. LeaveId: 7
2026-10-05 14:12:06.900 +05:30 [INF] [fdem5t4y61u] HTTP POST /api/leaves/7/cancel responded 204 in 17ms [Trace: fdem5t4y61u]
2026-10-05 14:12:06.916 +05:30 [INF] [5ulc1ew5obk] HTTP GET /api/leaves/types responded 200 in 1ms [Trace: 5ulc1ew5obk]
2026-10-05 14:12:06.917 +05:30 [INF] [908c0n0zb3r] HTTP GET /api/leaves responded 200 in 2ms [Trace: 908c0n0zb3r]
2026-10-05 14:12:09.390 +05:30 [INF] [k4mu4vtr4z] LOGOUT. User 4
2026-10-05 14:12:09.394 +05:30 [INF] [k4mu4vtr4z] HTTP POST /api/auth/logout responded 204 in 17ms [Trace: k4mu4vtr4z]
2026-10-05 14:12:12.301 +05:30 [INF] [65geb21tixx] LOGIN_SUCCESS. User manager@company.com, EmployeeId: 3
2026-10-05 14:12:12.303 +05:30 [INF] [65geb21tixx] HTTP POST /api/auth/login responded 200 in 25ms [Trace: 65geb21tixx]
2026-10-05 14:12:12.341 +05:30 [INF] [6y30wyb6afw] HTTP GET /api/notifications/unread-count responded 200 in 2ms [Trace: 6y30wyb6afw]
2026-10-05 14:12:12.343 +05:30 [INF] [qipc2xpeysa] HTTP GET /api/leaves/types responded 200 in 3ms [Trace: qipc2xpeysa]
2026-10-05 14:12:12.343 +05:30 [INF] [y38nf9srml] HTTP GET /api/leaves responded 200 in 3ms [Trace: y38nf9srml]
2026-10-05 14:12:12.377 +05:30 [INF] [70cyma4bnzu] HTTP GET /api/notifications/unread-count responded 200 in 1ms [Trace: 70cyma4bnzu]
2026-10-05 14:12:12.377 +05:30 [INF] [r1ms0ojhmmh] HTTP GET /api/leaves/types responded 200 in 0ms [Trace: r1ms0ojhmmh]
2026-10-05 14:12:12.378 +05:30 [INF] [iysk3ecploq] HTTP GET /api/notifications responded 200 in 1ms [Trace: iysk3ecploq]
2026-10-05 14:12:12.380 +05:30 [INF] [8uzcts8pp4o] HTTP GET /api/leaves responded 200 in 1ms [Trace: 8uzcts8pp4o]
2026-10-05 14:12:12.400 +05:30 [INF] [rx7bznw3q5a] HTTP GET /api/notifications responded 200 in 1ms [Trace: rx7bznw3q5a]
2026-10-05 14:12:17.511 +05:30 [INF] [6itcsuxczvm] HTTP PUT /api/notifications/15/read responded 204 in 5ms [Trace: 6itcsuxczvm]
2026-10-05 14:12:17.561 +05:30 [INF] [m4d9vn5941] HTTP GET /api/notifications/unread-count responded 200 in 29ms [Trace: m4d9vn5941]
2026-10-05 14:12:17.585 +05:30 [INF] [cq8gjl5zigo] HTTP GET /api/notifications responded 200 in 2ms [Trace: cq8gjl5zigo]
2026-10-05 14:12:18.212 +05:30 [INF] [r46lahb2zij] HTTP PUT /api/notifications/15/read responded 204 in 4ms [Trace: r46lahb2zij]
2026-10-05 14:12:18.230 +05:30 [INF] [r62txa61ltf] HTTP GET /api/notifications/unread-count responded 200 in 2ms [Trace: r62txa61ltf]
2026-10-05 14:12:18.246 +05:30 [INF] [lpnnz15xuth] HTTP GET /api/notifications responded 200 in 2ms [Trace: lpnnz15xuth]
2026-10-05 14:12:18.776 +05:30 [INF] [xq9xh8eb5zd] HTTP PUT /api/notifications/16/read responded 204 in 5ms [Trace: xq9xh8eb5zd]
2026-10-05 14:12:18.808 +05:30 [INF] [bl9fxp14s1e] HTTP GET /api/notifications/unread-count responded 200 in 2ms [Trace: bl9fxp14s1e]
2026-10-05 14:12:18.841 +05:30 [INF] [2hty02eltzo] HTTP GET /api/notifications responded 200 in 3ms [Trace: 2hty02eltzo]
2026-10-05 14:12:19.324 +05:30 [INF] [tbe0xg7ylo] HTTP PUT /api/notifications/14/read responded 204 in 5ms [Trace: tbe0xg7ylo]
2026-10-05 14:12:19.348 +05:30 [INF] [5q9wctpf9tq] HTTP GET /api/notifications/unread-count responded 200 in 1ms [Trace: 5q9wctpf9tq]
2026-10-05 14:12:19.373 +05:30 [INF] [jgoa278mt8p] HTTP GET /api/notifications responded 200 in 2ms [Trace: jgoa278mt8p]
2026-10-05 14:12:20.293 +05:30 [INF] [kmgj76brzhe] HTTP PUT /api/notifications/17/read responded 204 in 4ms [Trace: kmgj76brzhe]
2026-10-05 14:12:20.314 +05:30 [INF] [csp012md8o] HTTP GET /api/notifications/unread-count responded 200 in 1ms [Trace: csp012md8o]
2026-10-05 14:12:20.328 +05:30 [INF] [wkoynkwhma] HTTP GET /api/notifications responded 200 in 1ms [Trace: wkoynkwhma]
2026-10-05 14:12:21.303 +05:30 [INF] [au2p4mye2ar] HTTP GET /api/employees responded 403 in 4ms [Trace: au2p4mye2ar]
2026-10-05 14:12:21.317 +05:30 [INF] [2le55n0h1m5] HTTP GET /api/employees responded 403 in 0ms [Trace: 2le55n0h1m5]
2026-10-05 14:12:21.338 +05:30 [INF] [7y5sb00lmec] HTTP GET /api/projects responded 200 in 39ms [Trace: 7y5sb00lmec]
2026-10-05 14:12:21.352 +05:30 [INF] [1ctpm0wxqeo] HTTP GET /api/projects responded 200 in 2ms [Trace: 1ctpm0wxqeo]
2026-10-05 14:12:22.673 +05:30 [INF] [swnssxm65ed] HTTP GET /api/leaves/types responded 200 in 1ms [Trace: swnssxm65ed]
2026-10-05 14:12:22.674 +05:30 [INF] [z8aqlrqr7hs] HTTP GET /api/leaves responded 200 in 2ms [Trace: z8aqlrqr7hs]
2026-10-05 14:12:22.688 +05:30 [INF] [rlend93ozbs] HTTP GET /api/leaves/types responded 200 in 1ms [Trace: rlend93ozbs]
2026-10-05 14:12:22.692 +05:30 [INF] [qtpclv6ogne] HTTP GET /api/leaves responded 200 in 1ms [Trace: qtpclv6ogne]
2026-10-05 14:12:23.621 +05:30 [INF] [s80kgcnt0gl] HTTP GET /api/attendance/today responded 200 in 21ms [Trace: s80kgcnt0gl]
2026-10-05 14:12:23.637 +05:30 [INF] [49uiapq8hcr] HTTP GET /api/attendance/today responded 200 in 1ms [Trace: 49uiapq8hcr]
2026-10-05 14:12:23.670 +05:30 [INF] [r7q4a1ub1de] HTTP GET /api/attendance responded 200 in 34ms [Trace: r7q4a1ub1de]
2026-10-05 14:12:23.692 +05:30 [INF] [lbfm7stkckb] HTTP GET /api/attendance responded 200 in 2ms [Trace: lbfm7stkckb]
2026-10-05 14:12:25.057 +05:30 [INF] [zqup109hv2] HTTP GET /api/employees/3/payslips responded 200 in 25ms [Trace: zqup109hv2]
2026-10-05 14:12:25.073 +05:30 [INF] [qt5komnez3f] HTTP GET /api/employees/3/payslips responded 200 in 2ms [Trace: qt5komnez3f]
2026-10-05 14:12:25.722 +05:30 [INF] [ll670du8lk] HTTP GET /api/reports/payroll-summary responded 403 in 0ms [Trace: ll670du8lk]
2026-10-05 14:12:25.731 +05:30 [INF] [3yv1pia76xc] HTTP GET /api/reports/project-allocation responded 200 in 9ms [Trace: 3yv1pia76xc]
2026-10-05 14:12:25.735 +05:30 [INF] [31dgqfsxms] HTTP GET /api/reports/payroll-summary responded 403 in 0ms [Trace: 31dgqfsxms]
2026-10-05 14:12:25.745 +05:30 [INF] [mt58cyzw21b] HTTP GET /api/reports/project-allocation responded 200 in 1ms [Trace: mt58cyzw21b]
2026-10-05 14:12:25.748 +05:30 [INF] [3bn4y2u1i52] HTTP GET /api/reports/employees-by-department responded 200 in 26ms [Trace: 3bn4y2u1i52]
2026-10-05 14:12:25.761 +05:30 [INF] [k6l0y2dyqxe] HTTP GET /api/reports/employees-by-department responded 200 in 1ms [Trace: k6l0y2dyqxe]
2026-10-05 14:12:25.763 +05:30 [INF] [0d7pf7qsxx] HTTP GET /api/reports/leave-utilization responded 200 in 41ms [Trace: 0d7pf7qsxx]
2026-10-05 14:12:25.777 +05:30 [INF] [1hrq0ky8nh1] HTTP GET /api/reports/leave-utilization responded 200 in 3ms [Trace: 1hrq0ky8nh1]
2026-10-05 14:12:28.452 +05:30 [INF] [v895bnl5ad8] HTTP GET /api/attendance/today responded 200 in 2ms [Trace: v895bnl5ad8]
2026-10-05 14:12:28.467 +05:30 [INF] [36th5q9rjim] HTTP GET /api/attendance/today responded 200 in 1ms [Trace: 36th5q9rjim]
2026-10-05 14:12:28.468 +05:30 [INF] [5woycy0t6sa] HTTP GET /api/attendance responded 200 in 1ms [Trace: 5woycy0t6sa]
2026-10-05 14:12:28.479 +05:30 [INF] [pqf1nax29i] HTTP GET /api/attendance responded 200 in 1ms [Trace: pqf1nax29i]
2026-10-05 14:12:30.336 +05:30 [INF] [13x702bol9zs] HTTP GET /api/leaves/types responded 200 in 1ms [Trace: 13x702bol9zs]
2026-10-05 14:12:30.337 +05:30 [INF] [9tvludu492r] HTTP GET /api/leaves responded 200 in 2ms [Trace: 9tvludu492r]
2026-10-05 14:12:30.353 +05:30 [INF] [3rx7hatq9pd] HTTP GET /api/leaves/types responded 200 in 1ms [Trace: 3rx7hatq9pd]
2026-10-05 14:12:30.356 +05:30 [INF] [wiezcxwzy9] HTTP GET /api/leaves responded 200 in 2ms [Trace: wiezcxwzy9]
2026-10-05 14:12:31.350 +05:30 [INF] [kb2ayvdo59] HTTP GET /api/employees responded 403 in 0ms [Trace: kb2ayvdo59]
2026-10-05 14:12:31.352 +05:30 [INF] [s67hbnm7hi9] HTTP GET /api/projects responded 200 in 2ms [Trace: s67hbnm7hi9]
2026-10-05 14:12:31.359 +05:30 [INF] [5t4068h89d6] HTTP GET /api/employees responded 403 in 0ms [Trace: 5t4068h89d6]
2026-10-05 14:12:31.361 +05:30 [INF] [iif25sixc3s] HTTP GET /api/projects responded 200 in 1ms [Trace: iif25sixc3s]
2026-10-05 14:12:32.025 +05:30 [INF] [bpr1xkcov45] HTTP GET /api/leaves/types responded 200 in 1ms [Trace: bpr1xkcov45]
2026-10-05 14:12:32.026 +05:30 [INF] [ck4jxos1i8] HTTP GET /api/leaves responded 200 in 2ms [Trace: ck4jxos1i8]
2026-10-05 14:12:32.036 +05:30 [INF] [8khbaceyeoy] HTTP GET /api/leaves/types responded 200 in 0ms [Trace: 8khbaceyeoy]
2026-10-05 14:12:32.040 +05:30 [INF] [83dbn6krpf2] HTTP GET /api/leaves responded 200 in 1ms [Trace: 83dbn6krpf2]
2026-10-05 14:12:33.192 +05:30 [INF] [oxhy2smycua] HTTP GET /api/departments responded 200 in 17ms [Trace: oxhy2smycua]
2026-10-05 14:12:33.209 +05:30 [INF] [cctp54oy8aa] HTTP GET /api/departments responded 200 in 2ms [Trace: cctp54oy8aa]
2026-10-05 14:12:33.889 +05:30 [INF] [47vaj6qulsg] HTTP GET /api/employees responded 403 in 0ms [Trace: 47vaj6qulsg]
2026-10-05 14:12:33.892 +05:30 [INF] [9etv6fruln] HTTP GET /api/departments responded 200 in 3ms [Trace: 9etv6fruln]
2026-10-05 14:12:33.903 +05:30 [INF] [798ub6q4z9e] HTTP GET /api/employees responded 403 in 0ms [Trace: 798ub6q4z9e]
2026-10-05 14:12:33.904 +05:30 [INF] [yz5q5n0zi7] HTTP GET /api/departments responded 200 in 1ms [Trace: yz5q5n0zi7]
2026-10-05 14:12:33.905 +05:30 [INF] [wei9v6v1ago] HTTP GET /api/positions responded 200 in 16ms [Trace: wei9v6v1ago]
2026-10-05 14:12:33.921 +05:30 [INF] [31zicvvkc75] HTTP GET /api/positions responded 200 in 1ms [Trace: 31zicvvkc75]
2026-10-05 14:12:34.484 +05:30 [INF] [rzkz8kj2ik] HTTP GET /api/positions responded 200 in 3ms [Trace: rzkz8kj2ik]
2026-10-05 14:12:34.501 +05:30 [INF] [1rs7ixawvhoi] HTTP GET /api/positions responded 200 in 1ms [Trace: 1rs7ixawvhoi]
2026-10-05 14:12:35.305 +05:30 [INF] [kt2xaj5upda] HTTP GET /api/employees responded 403 in 0ms [Trace: kt2xaj5upda]
2026-10-05 14:12:35.323 +05:30 [INF] [yy5625qwspj] HTTP GET /api/employees responded 403 in 0ms [Trace: yy5625qwspj]
2026-10-05 14:12:37.412 +05:30 [INF] [p88kb0yxc4] LOGOUT. User 3
2026-10-05 14:12:37.416 +05:30 [INF] [p88kb0yxc4] HTTP POST /api/auth/logout responded 204 in 17ms [Trace: p88kb0yxc4]
2026-10-05 14:12:38.638 +05:30 [INF] [o7pcw41yhlf] LOGIN_SUCCESS. User hr@company.com, EmployeeId: 2
2026-10-05 14:12:38.640 +05:30 [INF] [o7pcw41yhlf] HTTP POST /api/auth/login responded 200 in 31ms [Trace: o7pcw41yhlf]
2026-10-05 14:12:38.675 +05:30 [INF] [o8s82ieytln] HTTP GET /api/notifications/unread-count responded 200 in 1ms [Trace: o8s82ieytln]
2026-10-05 14:12:38.692 +05:30 [INF] [q25lqlfueu] HTTP GET /api/notifications/unread-count responded 200 in 1ms [Trace: q25lqlfueu]
2026-10-05 14:12:38.692 +05:30 [INF] [rz1ltu18zk] HTTP GET /api/employees responded 200 in 18ms [Trace: rz1ltu18zk]
2026-10-05 14:12:38.692 +05:30 [INF] [w1m77zm8mj] HTTP GET /api/notifications responded 200 in 1ms [Trace: w1m77zm8mj]
2026-10-05 14:12:38.710 +05:30 [INF] [59xrheqca3m] HTTP GET /api/notifications responded 200 in 1ms [Trace: 59xrheqca3m]
2026-10-05 14:12:38.710 +05:30 [INF] [zxyr3631h0i] HTTP GET /api/departments responded 200 in 1ms [Trace: zxyr3631h0i]
2026-10-05 14:12:38.710 +05:30 [INF] [wti0tndrcm] HTTP GET /api/employees responded 200 in 1ms [Trace: wti0tndrcm]
2026-10-05 14:12:38.728 +05:30 [INF] [mcyh2ynn7h] HTTP GET /api/departments responded 200 in 1ms [Trace: mcyh2ynn7h]
2026-10-05 14:12:38.741 +05:30 [INF] [ay7d8qt0f3a] HTTP GET /api/leaves responded 200 in 14ms [Trace: ay7d8qt0f3a]
2026-10-05 14:12:38.756 +05:30 [INF] [x2l2hihz9dt] HTTP GET /api/leaves responded 200 in 2ms [Trace: x2l2hihz9dt]
2026-10-05 14:12:38.756 +05:30 [INF] [ejjkumzs0br] HTTP GET /api/attendance/today responded 200 in 0ms [Trace: ejjkumzs0br]
2026-10-05 14:12:38.769 +05:30 [INF] [ltxw1thminf] HTTP GET /api/attendance/today responded 200 in 1ms [Trace: ltxw1thminf]
2026-10-05 14:12:40.558 +05:30 [INF] [k6oiu7zmeto] HTTP GET /api/leaves/types responded 200 in 1ms [Trace: k6oiu7zmeto]
2026-10-05 14:12:40.559 +05:30 [INF] [8qgeedk8n2i] HTTP GET /api/leaves responded 200 in 1ms [Trace: 8qgeedk8n2i]
2026-10-05 14:12:40.573 +05:30 [INF] [46hgjk76cmw] HTTP GET /api/leaves/types responded 200 in 1ms [Trace: 46hgjk76cmw]
2026-10-05 14:12:40.580 +05:30 [INF] [kkrecyz01ee] HTTP GET /api/leaves responded 200 in 1ms [Trace: kkrecyz01ee]
2026-10-05 14:12:47.721 +05:30 [INF] [rgtdd70laj] LEAVE_STATUS_CHANGED. LeaveId: 6, Status: "Approved", By: 2
2026-10-05 14:12:47.729 +05:30 [INF] [rgtdd70laj] HTTP PUT /api/leaves/6/approve responded 200 in 43ms [Trace: rgtdd70laj]
2026-10-05 14:12:47.761 +05:30 [INF] [3dfljhe65bv] HTTP GET /api/leaves/types responded 200 in 1ms [Trace: 3dfljhe65bv]
2026-10-05 14:12:47.762 +05:30 [INF] [rt0h5valk4] HTTP GET /api/leaves responded 200 in 3ms [Trace: rt0h5valk4]
2026-10-05 14:12:49.485 +05:30 [INF] [m6f38mogp0b] LOGOUT. User 2
2026-10-05 14:12:49.488 +05:30 [INF] [m6f38mogp0b] HTTP POST /api/auth/logout responded 204 in 11ms [Trace: m6f38mogp0b]
2026-10-05 14:12:51.035 +05:30 [INF] [xecxwktaq3] LOGIN_SUCCESS. User admin@company.com, EmployeeId: 1
2026-10-05 14:12:51.039 +05:30 [INF] [xecxwktaq3] HTTP POST /api/auth/login responded 200 in 27ms [Trace: xecxwktaq3]
2026-10-05 14:12:51.138 +05:30 [INF] [7iwxxo57j0n] HTTP GET /api/leaves/types responded 200 in 65ms [Trace: 7iwxxo57j0n]
2026-10-05 14:12:51.139 +05:30 [INF] [9xhzlw4u17n] HTTP GET /api/notifications/unread-count responded 200 in 66ms [Trace: 9xhzlw4u17n]
2026-10-05 14:12:51.139 +05:30 [INF] [t35dz1l8nrl] HTTP GET /api/leaves responded 200 in 66ms [Trace: t35dz1l8nrl]
2026-10-05 14:12:51.173 +05:30 [INF] [ux7pom5sh9] HTTP GET /api/leaves/types responded 200 in 1ms [Trace: ux7pom5sh9]
2026-10-05 14:12:51.179 +05:30 [INF] [1kx7vy7as71] HTTP GET /api/notifications/unread-count responded 200 in 1ms [Trace: 1kx7vy7as71]
2026-10-05 14:12:51.180 +05:30 [INF] [2fcpsy1cvk2] HTTP GET /api/notifications responded 200 in 1ms [Trace: 2fcpsy1cvk2]
2026-10-05 14:12:51.185 +05:30 [INF] [yn36bobh6u] HTTP GET /api/leaves responded 200 in 2ms [Trace: yn36bobh6u]
2026-10-05 14:12:51.196 +05:30 [INF] [fwsz3w2e5fc] HTTP GET /api/notifications responded 200 in 1ms [Trace: fwsz3w2e5fc]
2026-10-05 14:12:56.028 +05:30 [INF] [nujvg7r2oko] LOGOUT. User 1
2026-10-05 14:12:56.031 +05:30 [INF] [nujvg7r2oko] HTTP POST /api/auth/logout responded 204 in 17ms [Trace: nujvg7r2oko]
2026-10-05 14:12:58.048 +05:30 [INF] [aokputh8vhq] LOGIN_SUCCESS. User manager@company.com, EmployeeId: 3
2026-10-05 14:12:58.050 +05:30 [INF] [aokputh8vhq] HTTP POST /api/auth/login responded 200 in 16ms [Trace: aokputh8vhq]
2026-10-05 14:12:58.080 +05:30 [INF] [khh3zsf3heq] HTTP GET /api/leaves/types responded 200 in 1ms [Trace: khh3zsf3heq]
2026-10-05 14:12:58.081 +05:30 [INF] [wrxzq2arb38] HTTP GET /api/leaves responded 200 in 1ms [Trace: wrxzq2arb38]
2026-10-05 14:12:58.081 +05:30 [INF] [gbvi9m7lnrf] HTTP GET /api/notifications/unread-count responded 200 in 0ms [Trace: gbvi9m7lnrf]
2026-10-05 14:12:58.096 +05:30 [INF] [nzt6iuaq20a] HTTP GET /api/leaves/types responded 200 in 1ms [Trace: nzt6iuaq20a]
2026-10-05 14:12:58.098 +05:30 [INF] [ut40pfnpfqk] HTTP GET /api/leaves responded 200 in 1ms [Trace: ut40pfnpfqk]
2026-10-05 14:12:58.099 +05:30 [INF] [8wg6cy4mdv] HTTP GET /api/notifications/unread-count responded 200 in 1ms [Trace: 8wg6cy4mdv]
2026-10-05 14:12:58.100 +05:30 [INF] [qovg8ni78mc] HTTP GET /api/notifications responded 200 in 0ms [Trace: qovg8ni78mc]
2026-10-05 14:12:58.116 +05:30 [INF] [8tdsd0rnh4] HTTP GET /api/notifications responded 200 in 1ms [Trace: 8tdsd0rnh4]
2026-10-05 14:13:02.899 +05:30 [INF] [n1es2mr8gq] HTTP GET /api/employees/3/payslips responded 200 in 3ms [Trace: n1es2mr8gq]
2026-10-05 14:13:02.923 +05:30 [INF] [rlrutkr8gv] HTTP GET /api/employees/3/payslips responded 200 in 2ms [Trace: rlrutkr8gv]
2026-10-05 14:13:03.841 +05:30 [INF] [583cn20uet] HTTP GET /api/reports/payroll-summary responded 403 in 8ms [Trace: 583cn20uet]
2026-10-05 14:13:03.842 +05:30 [INF] [vwztxeqcrh] HTTP GET /api/reports/employees-by-department responded 200 in 10ms [Trace: vwztxeqcrh]
2026-10-05 14:13:03.842 +05:30 [INF] [g9ekc31cjet] HTTP GET /api/reports/project-allocation responded 200 in 10ms [Trace: g9ekc31cjet]
2026-10-05 14:13:03.844 +05:30 [INF] [2bm9usbovrv] HTTP GET /api/reports/leave-utilization responded 200 in 12ms [Trace: 2bm9usbovrv]
2026-10-05 14:13:03.854 +05:30 [INF] [t0z8sbstqed] HTTP GET /api/reports/payroll-summary responded 403 in 0ms [Trace: t0z8sbstqed]
2026-10-05 14:13:03.860 +05:30 [INF] [t17aaiqxyv] HTTP GET /api/reports/employees-by-department responded 200 in 1ms [Trace: t17aaiqxyv]
2026-10-05 14:13:03.864 +05:30 [INF] [uh5fj8jdjqf] HTTP GET /api/reports/project-allocation responded 200 in 1ms [Trace: uh5fj8jdjqf]
2026-10-05 14:13:03.866 +05:30 [INF] [6ssxirmfq9q] HTTP GET /api/reports/leave-utilization responded 200 in 2ms [Trace: 6ssxirmfq9q]
2026-10-05 14:13:05.504 +05:30 [INF] [oqmk1yhde7a] HTTP GET /api/employees responded 403 in 0ms [Trace: oqmk1yhde7a]
2026-10-05 14:13:05.505 +05:30 [INF] [x6213sbyfce] HTTP GET /api/positions responded 200 in 1ms [Trace: x6213sbyfce]
2026-10-05 14:13:05.506 +05:30 [INF] [qvv11qmpw4c] HTTP GET /api/departments responded 200 in 1ms [Trace: qvv11qmpw4c]
2026-10-05 14:13:05.517 +05:30 [INF] [y783za2l4vm] HTTP GET /api/employees responded 403 in 0ms [Trace: y783za2l4vm]
2026-10-05 14:13:05.519 +05:30 [INF] [g9po1qsxmh] HTTP GET /api/positions responded 200 in 0ms [Trace: g9po1qsxmh]
2026-10-05 14:13:05.522 +05:30 [INF] [63s8w6mk046] HTTP GET /api/departments responded 200 in 1ms [Trace: 63s8w6mk046]
2026-10-05 14:13:06.316 +05:30 [INF] [pyinf335wla] HTTP GET /api/departments responded 200 in 1ms [Trace: pyinf335wla]
2026-10-05 14:13:06.327 +05:30 [INF] [zf8l0fym2ae] HTTP GET /api/departments responded 200 in 1ms [Trace: zf8l0fym2ae]
2026-10-05 14:13:06.877 +05:30 [INF] [z1p5y2unfh] HTTP GET /api/positions responded 200 in 1ms [Trace: z1p5y2unfh]
2026-10-05 14:13:06.886 +05:30 [INF] [dyze24lrv4q] HTTP GET /api/positions responded 200 in 0ms [Trace: dyze24lrv4q]
2026-10-05 14:13:07.333 +05:30 [INF] [qgdno7rlcb] HTTP GET /api/departments responded 200 in 2ms [Trace: qgdno7rlcb]
2026-10-05 14:13:07.348 +05:30 [INF] [t5t92lvvjhi] HTTP GET /api/departments responded 200 in 2ms [Trace: t5t92lvvjhi]
2026-10-05 14:13:08.146 +05:30 [INF] [b7oyygu2fll] HTTP GET /api/employees responded 403 in 0ms [Trace: b7oyygu2fll]
2026-10-05 14:13:08.146 +05:30 [INF] [5wxde5hvdpf] HTTP GET /api/positions responded 200 in 1ms [Trace: 5wxde5hvdpf]
2026-10-05 14:13:08.147 +05:30 [INF] [o09u1kuc7v] HTTP GET /api/departments responded 200 in 1ms [Trace: o09u1kuc7v]
2026-10-05 14:13:08.155 +05:30 [INF] [kdtzsw10ole] HTTP GET /api/employees responded 403 in 0ms [Trace: kdtzsw10ole]
2026-10-05 14:13:08.157 +05:30 [INF] [yqd1uddvadc] HTTP GET /api/positions responded 200 in 0ms [Trace: yqd1uddvadc]
2026-10-05 14:13:08.159 +05:30 [INF] [vzuk6gwcakh] HTTP GET /api/departments responded 200 in 1ms [Trace: vzuk6gwcakh]
2026-10-05 14:13:08.769 +05:30 [INF] [2wo5dashhr6] HTTP GET /api/employees responded 403 in 0ms [Trace: 2wo5dashhr6]
2026-10-05 14:13:08.789 +05:30 [INF] [u40zx1opq5o] HTTP GET /api/employees responded 403 in 0ms [Trace: u40zx1opq5o]
2026-10-05 14:13:10.235 +05:30 [INF] [2lhh8mko0yr] HTTP GET /api/employees responded 403 in 0ms [Trace: 2lhh8mko0yr]
2026-10-05 14:13:10.236 +05:30 [INF] [qvpiwda8tzp] HTTP GET /api/positions responded 200 in 1ms [Trace: qvpiwda8tzp]
2026-10-05 14:13:10.236 +05:30 [INF] [33qv1zskmw9] HTTP GET /api/departments responded 200 in 2ms [Trace: 33qv1zskmw9]
2026-10-05 14:13:10.249 +05:30 [INF] [6czgrwah8fq] HTTP GET /api/employees responded 403 in 0ms [Trace: 6czgrwah8fq]
2026-10-05 14:13:10.250 +05:30 [INF] [68fh2enu8y5] HTTP GET /api/positions responded 200 in 0ms [Trace: 68fh2enu8y5]
2026-10-05 14:13:10.253 +05:30 [INF] [b3ek5p41ldt] HTTP GET /api/departments responded 200 in 1ms [Trace: b3ek5p41ldt]
2026-10-05 14:13:17.275 +05:30 [INF] [tq1x3kfwrh] LOGOUT. User 3
2026-10-05 14:13:17.279 +05:30 [INF] [tq1x3kfwrh] HTTP POST /api/auth/logout responded 204 in 14ms [Trace: tq1x3kfwrh]
2026-10-05 14:13:19.644 +05:30 [INF] [2bebh8a9f0v] LOGIN_SUCCESS. User employee@company.com, EmployeeId: 4
2026-10-05 14:13:19.646 +05:30 [INF] [2bebh8a9f0v] HTTP POST /api/auth/login responded 200 in 26ms [Trace: 2bebh8a9f0v]
2026-10-05 14:13:19.674 +05:30 [INF] [golkd2e5rqm] HTTP GET /api/notifications/unread-count responded 200 in 1ms [Trace: golkd2e5rqm]
2026-10-05 14:13:19.692 +05:30 [INF] [szpjs7ei3j] HTTP GET /api/notifications/unread-count responded 200 in 1ms [Trace: szpjs7ei3j]
2026-10-05 14:13:19.695 +05:30 [INF] [lbnfk2aywm] HTTP GET /api/notifications responded 200 in 1ms [Trace: lbnfk2aywm]
2026-10-05 14:13:19.716 +05:30 [INF] [px49757yxvt] HTTP GET /api/notifications responded 200 in 0ms [Trace: px49757yxvt]
2026-10-05 14:13:21.051 +05:30 [INF] [5vwucdag0jv] HTTP GET /api/employees responded 403 in 0ms [Trace: 5vwucdag0jv]
2026-10-05 14:13:21.052 +05:30 [INF] [vl95wus6rb] HTTP GET /api/positions responded 200 in 1ms [Trace: vl95wus6rb]
2026-10-05 14:13:21.053 +05:30 [INF] [sc88vx5xdv] HTTP GET /api/departments responded 200 in 2ms [Trace: sc88vx5xdv]
2026-10-05 14:13:21.066 +05:30 [INF] [3vs53yfaxuy] HTTP GET /api/employees responded 403 in 0ms [Trace: 3vs53yfaxuy]
2026-10-05 14:13:21.071 +05:30 [INF] [iwugxer2bca] HTTP GET /api/positions responded 200 in 1ms [Trace: iwugxer2bca]
2026-10-05 14:13:21.073 +05:30 [INF] [iuxte4y5r9m] HTTP GET /api/departments responded 200 in 1ms [Trace: iuxte4y5r9m]
2026-10-05 14:13:21.981 +05:30 [INF] [qfvnpi2ugd] HTTP GET /api/departments responded 200 in 2ms [Trace: qfvnpi2ugd]
2026-10-05 14:13:21.996 +05:30 [INF] [hfjx7r37tt] HTTP GET /api/departments responded 200 in 2ms [Trace: hfjx7r37tt]
2026-10-05 14:13:22.816 +05:30 [INF] [5d1tv10zgex] HTTP GET /api/positions responded 200 in 1ms [Trace: 5d1tv10zgex]
2026-10-05 14:13:22.833 +05:30 [INF] [otufwx9kgeb] HTTP GET /api/positions responded 200 in 1ms [Trace: otufwx9kgeb]
2026-10-05 14:13:23.632 +05:30 [INF] [mddrnt7qy0s] HTTP GET /api/attendance/today responded 200 in 14ms [Trace: mddrnt7qy0s]
2026-10-05 14:13:23.651 +05:30 [INF] [3q3nxhbzt8k] HTTP GET /api/attendance/today responded 200 in 2ms [Trace: 3q3nxhbzt8k]
2026-10-05 14:13:25.927 +05:30 [INF] [nt004r2efl9] HTTP PUT /api/notifications/18/read responded 204 in 4ms [Trace: nt004r2efl9]
2026-10-05 14:13:25.948 +05:30 [INF] [3st13vqze3j] HTTP GET /api/notifications/unread-count responded 200 in 1ms [Trace: 3st13vqze3j]
2026-10-05 14:13:25.963 +05:30 [INF] [9n28unqpatm] HTTP GET /api/notifications responded 200 in 1ms [Trace: 9n28unqpatm]
2026-10-05 14:13:27.153 +05:30 [INF] [agpcqo7i57l] HTTP GET /api/leaves/types responded 200 in 1ms [Trace: agpcqo7i57l]
2026-10-05 14:13:27.153 +05:30 [INF] [w5zurkejzeq] HTTP GET /api/leaves responded 200 in 1ms [Trace: w5zurkejzeq]
2026-10-05 14:13:27.167 +05:30 [INF] [xuebl19893k] HTTP GET /api/leaves/types responded 200 in 1ms [Trace: xuebl19893k]
2026-10-05 14:13:27.168 +05:30 [INF] [wrztmrx2ih] HTTP GET /api/leaves responded 200 in 1ms [Trace: wrztmrx2ih]
2026-10-05 14:13:30.712 +05:30 [INF] [zzc49quswqs] HTTP GET /api/employees/4/payslips responded 200 in 1ms [Trace: zzc49quswqs]
2026-10-05 14:13:30.731 +05:30 [INF] [8087fnuhipg] HTTP GET /api/employees/4/payslips responded 200 in 1ms [Trace: 8087fnuhipg]
2026-10-05 14:13:31.272 +05:30 [INF] [w9l44jnbq4e] HTTP GET /api/employees responded 403 in 0ms [Trace: w9l44jnbq4e]
2026-10-05 14:13:31.274 +05:30 [INF] [pqe6h1xc4me] HTTP GET /api/projects responded 200 in 2ms [Trace: pqe6h1xc4me]
2026-10-05 14:13:31.289 +05:30 [INF] [jyl7257klyp] HTTP GET /api/employees responded 403 in 0ms [Trace: jyl7257klyp]
2026-10-05 14:13:31.297 +05:30 [INF] [hslkq9226yr] HTTP GET /api/projects responded 200 in 1ms [Trace: hslkq9226yr]
2026-10-05 14:13:33.791 +05:30 [INF] [al0514c5ouo] LOGOUT. User 4
2026-10-05 14:13:33.795 +05:30 [INF] [al0514c5ouo] HTTP POST /api/auth/logout responded 204 in 12ms [Trace: al0514c5ouo]
2026-10-05 14:13:57.735 +05:30 [INF] [wlkzuj0fm9m] LOGIN_SUCCESS. User sairaj@gmail.com, EmployeeId: 6
2026-10-05 14:13:57.737 +05:30 [INF] [wlkzuj0fm9m] HTTP POST /api/auth/login responded 200 in 29ms [Trace: wlkzuj0fm9m]
2026-10-05 14:13:57.766 +05:30 [INF] [sfkgy8zvsop] HTTP GET /api/employees responded 403 in 0ms [Trace: sfkgy8zvsop]
2026-10-05 14:13:57.810 +05:30 [INF] [qzonvktlqu] HTTP GET /api/notifications/unread-count responded 200 in 43ms [Trace: qzonvktlqu]
2026-10-05 14:13:57.821 +05:30 [INF] [xom1jcj1ejm] HTTP GET /api/projects responded 200 in 55ms [Trace: xom1jcj1ejm]
2026-10-05 14:13:57.831 +05:30 [INF] [jc07xwqxsii] HTTP GET /api/employees responded 403 in 0ms [Trace: jc07xwqxsii]
2026-10-05 14:13:57.834 +05:30 [INF] [drplqw0mu44] HTTP GET /api/notifications/unread-count responded 200 in 1ms [Trace: drplqw0mu44]
2026-10-05 14:13:57.835 +05:30 [INF] [qtxliyem6o9] HTTP GET /api/notifications responded 200 in 0ms [Trace: qtxliyem6o9]
2026-10-05 14:13:57.838 +05:30 [INF] [lkmdiuyaga] HTTP GET /api/projects responded 200 in 1ms [Trace: lkmdiuyaga]
2026-10-05 14:13:57.850 +05:30 [INF] [lqw2q0592gg] HTTP GET /api/notifications responded 200 in 1ms [Trace: lqw2q0592gg]
2026-10-05 14:13:59.889 +05:30 [INF] [opcdknuaqj] HTTP GET /api/employees responded 403 in 0ms [Trace: opcdknuaqj]
2026-10-05 14:13:59.890 +05:30 [INF] [3oxjvdobvxc] HTTP GET /api/positions responded 200 in 1ms [Trace: 3oxjvdobvxc]
2026-10-05 14:13:59.890 +05:30 [INF] [zeywy59h6x] HTTP GET /api/departments responded 200 in 1ms [Trace: zeywy59h6x]
2026-10-05 14:13:59.902 +05:30 [INF] [zei58p4p2k8] HTTP GET /api/employees responded 403 in 0ms [Trace: zei58p4p2k8]
2026-10-05 14:13:59.905 +05:30 [INF] [6ze94i3sqpr] HTTP GET /api/positions responded 200 in 0ms [Trace: 6ze94i3sqpr]
2026-10-05 14:13:59.909 +05:30 [INF] [wg6vnzgyk5j] HTTP GET /api/departments responded 200 in 1ms [Trace: wg6vnzgyk5j]
2026-10-05 14:14:01.003 +05:30 [INF] [4sx2se9ualt] HTTP GET /api/departments responded 200 in 2ms [Trace: 4sx2se9ualt]
2026-10-05 14:14:01.019 +05:30 [INF] [yc1er7wg3fe] HTTP GET /api/departments responded 200 in 2ms [Trace: yc1er7wg3fe]
2026-10-05 14:14:01.699 +05:30 [INF] [p6fbhkeeos] HTTP GET /api/positions responded 200 in 1ms [Trace: p6fbhkeeos]
2026-10-05 14:14:01.708 +05:30 [INF] [t4auwvxjzya] HTTP GET /api/positions responded 200 in 1ms [Trace: t4auwvxjzya]
2026-10-05 14:14:02.972 +05:30 [INF] [08wsdx0nte7e] HTTP GET /api/attendance/today responded 200 in 1ms [Trace: 08wsdx0nte7e]
2026-10-05 14:14:02.989 +05:30 [INF] [ag54yldf0xi] HTTP GET /api/attendance/today responded 200 in 1ms [Trace: ag54yldf0xi]
2026-10-05 14:14:02.990 +05:30 [INF] [cpqftgw0sq5] HTTP GET /api/attendance responded 200 in 1ms [Trace: cpqftgw0sq5]
2026-10-05 14:14:03.005 +05:30 [INF] [rwkgwhdtq9k] HTTP GET /api/attendance responded 200 in 1ms [Trace: rwkgwhdtq9k]
2026-10-05 14:14:03.682 +05:30 [INF] [aql0hq68rnm] HTTP GET /api/leaves/types responded 200 in 1ms [Trace: aql0hq68rnm]
2026-10-05 14:14:03.683 +05:30 [INF] [4hcj58isbzw] HTTP GET /api/leaves responded 200 in 2ms [Trace: 4hcj58isbzw]
2026-10-05 14:14:03.703 +05:30 [INF] [oxy4jqezt4r] HTTP GET /api/leaves/types responded 200 in 1ms [Trace: oxy4jqezt4r]
2026-10-05 14:14:03.707 +05:30 [INF] [oiliqbn312] HTTP GET /api/leaves responded 200 in 2ms [Trace: oiliqbn312]
2026-10-05 14:14:05.231 +05:30 [INF] [gg9z11urpqg] HTTP GET /api/employees responded 403 in 0ms [Trace: gg9z11urpqg]
2026-10-05 14:14:05.233 +05:30 [INF] [jfyazngshxa] HTTP GET /api/projects responded 200 in 1ms [Trace: jfyazngshxa]
2026-10-05 14:14:05.241 +05:30 [INF] [m51l5j9j2lq] HTTP GET /api/employees responded 403 in 0ms [Trace: m51l5j9j2lq]
2026-10-05 14:14:05.243 +05:30 [INF] [nv1svbzsfpi] HTTP GET /api/projects responded 200 in 1ms [Trace: nv1svbzsfpi]
2026-10-05 14:14:08.302 +05:30 [INF] [mwst1vavdv] HTTP GET /api/employees/6/payslips responded 200 in 8ms [Trace: mwst1vavdv]
2026-10-05 14:14:08.320 +05:30 [INF] [dhjenk34nsi] HTTP GET /api/employees/6/payslips responded 200 in 1ms [Trace: dhjenk34nsi]
2026-10-05 14:14:09.564 +05:30 [INF] [2fzgrmbovd4] HTTP GET /api/leaves/types responded 200 in 1ms [Trace: 2fzgrmbovd4]
2026-10-05 14:14:09.565 +05:30 [INF] [a5iptph42fl] HTTP GET /api/leaves responded 200 in 1ms [Trace: a5iptph42fl]
2026-10-05 14:14:09.580 +05:30 [INF] [eorlvsjk8jo] HTTP GET /api/leaves/types responded 200 in 1ms [Trace: eorlvsjk8jo]
2026-10-05 14:14:09.582 +05:30 [INF] [2z92bq1hewx] HTTP GET /api/leaves responded 200 in 1ms [Trace: 2z92bq1hewx]
2026-10-05 14:14:27.774 +05:30 [INF] [23k776zy6eu] HTTP GET /api/notifications/unread-count responded 200 in 2ms [Trace: 23k776zy6eu]
2026-10-05 14:14:27.792 +05:30 [INF] [xokqyridyy] HTTP GET /api/notifications responded 200 in 0ms [Trace: xokqyridyy]
2026-10-05 14:14:57.784 +05:30 [INF] [4kj9ks33gue] HTTP GET /api/notifications/unread-count responded 200 in 5ms [Trace: 4kj9ks33gue]
2026-10-05 14:14:57.796 +05:30 [INF] [w3l50aipbwl] HTTP GET /api/notifications responded 200 in 1ms [Trace: w3l50aipbwl]
2026-10-05 14:15:27.819 +05:30 [INF] [4gjik6q9p3w] HTTP GET /api/notifications/unread-count responded 200 in 47ms [Trace: 4gjik6q9p3w]
2026-10-05 14:15:27.840 +05:30 [INF] [gv1ftz94yle] HTTP GET /api/notifications responded 200 in 1ms [Trace: gv1ftz94yle]
2026-10-05 14:15:57.818 +05:30 [INF] [vvp35wmguz] HTTP GET /api/notifications/unread-count responded 200 in 37ms [Trace: vvp35wmguz]
2026-10-05 14:15:57.836 +05:30 [INF] [xzvkb1zcjpg] HTTP GET /api/notifications responded 200 in 1ms [Trace: xzvkb1zcjpg]
2026-10-05 14:16:27.814 +05:30 [INF] [a4yezn9455v] HTTP GET /api/notifications/unread-count responded 200 in 42ms [Trace: a4yezn9455v]
2026-10-05 14:16:27.822 +05:30 [INF] [zp2flzsfjwr] HTTP GET /api/notifications responded 200 in 1ms [Trace: zp2flzsfjwr]
2026-10-05 14:16:28.637 +05:30 [INF] [2ufqmta0xnt] LOGOUT. User 6
2026-10-05 14:16:28.639 +05:30 [INF] [2ufqmta0xnt] HTTP POST /api/auth/logout responded 204 in 14ms [Trace: 2ufqmta0xnt]
2026-10-05 14:19:30.019 +05:30 [INF] [] Now listening on: http://localhost:5000
2026-10-05 14:19:30.066 +05:30 [INF] [] Application started. Press Ctrl+C to shut down.
2026-10-05 14:19:30.068 +05:30 [INF] [] Hosting environment: Development
2026-10-05 14:19:30.069 +05:30 [INF] [] Content root path: C:\Users\sairajk\.gemini\antigravity\scratch\EMS\src\EMS.API
2026-10-05 14:19:37.390 +05:30 [WRN] [wr0bjdx5d9] Compiling a query which loads related collections for more than one collection navigation, either via 'Include' or through projection, but no 'QuerySplittingBehavior' has been configured. By default, Entity Framework will use 'QuerySplittingBehavior.SingleQuery', which can potentially result in slow query performance. See https://go.microsoft.com/fwlink/?linkid=2134277 for more information. To identify the query that's triggering this warning call 'ConfigureWarnings(w => w.Throw(RelationalEventId.MultipleCollectionIncludeWarning))'.
2026-10-05 14:19:37.829 +05:30 [INF] [wr0bjdx5d9] LOGIN_SUCCESS. User employee@company.com, EmployeeId: 4
2026-10-05 14:19:37.871 +05:30 [INF] [wr0bjdx5d9] HTTP POST /api/auth/login responded 200 in 835ms [Trace: wr0bjdx5d9]
2026-10-05 14:19:38.026 +05:30 [INF] [5lzqerrwic8] HTTP GET /api/leaves/types responded 200 in 116ms [Trace: 5lzqerrwic8]
2026-10-05 14:19:38.114 +05:30 [INF] [ozkgyuer7e] HTTP GET /api/notifications/unread-count responded 200 in 203ms [Trace: ozkgyuer7e]
2026-10-05 14:19:38.136 +05:30 [INF] [9rk1jxy89b4] HTTP GET /api/notifications/unread-count responded 200 in 4ms [Trace: 9rk1jxy89b4]
2026-10-05 14:19:38.145 +05:30 [INF] [jjewsolk8vf] HTTP GET /api/leaves responded 200 in 235ms [Trace: jjewsolk8vf]
2026-10-05 14:19:38.152 +05:30 [INF] [up2o9td3k3] HTTP GET /api/leaves/types responded 200 in 40ms [Trace: up2o9td3k3]
2026-10-05 14:19:38.160 +05:30 [INF] [5p7gz8ngh99] HTTP GET /api/notifications responded 200 in 28ms [Trace: 5p7gz8ngh99]
2026-10-05 14:19:38.164 +05:30 [INF] [ak7g2f0tdmg] HTTP GET /api/leaves responded 200 in 4ms [Trace: ak7g2f0tdmg]
2026-10-05 14:19:38.176 +05:30 [INF] [2z2jm71pg7w] HTTP GET /api/notifications responded 200 in 2ms [Trace: 2z2jm71pg7w]
2026-10-05 14:19:55.814 +05:30 [INF] [0iukgrktdkwc] LEAVE_APPLIED. LeaveId: 9, EmployeeId: 4, AvailableRemaining: 8
2026-10-05 14:19:55.816 +05:30 [INF] [0iukgrktdkwc] HTTP POST /api/leaves responded 201 in 188ms [Trace: 0iukgrktdkwc]
2026-10-05 14:19:55.844 +05:30 [INF] [0ki5sh2o1ha] HTTP GET /api/leaves/types responded 200 in 4ms [Trace: 0ki5sh2o1ha]
2026-10-05 14:19:55.847 +05:30 [INF] [h0h2n6mwp] HTTP GET /api/leaves responded 200 in 7ms [Trace: h0h2n6mwp]
2026-10-05 14:19:59.723 +05:30 [WRN] [n9qhq0easo] Compiling a query which loads related collections for more than one collection navigation, either via 'Include' or through projection, but no 'QuerySplittingBehavior' has been configured. By default, Entity Framework will use 'QuerySplittingBehavior.SingleQuery', which can potentially result in slow query performance. See https://go.microsoft.com/fwlink/?linkid=2134277 for more information. To identify the query that's triggering this warning call 'ConfigureWarnings(w => w.Throw(RelationalEventId.MultipleCollectionIncludeWarning))'.
2026-10-05 14:19:59.781 +05:30 [INF] [n9qhq0easo] LOGOUT. User 4
2026-10-05 14:19:59.784 +05:30 [INF] [n9qhq0easo] HTTP POST /api/auth/logout responded 204 in 90ms [Trace: n9qhq0easo]
2026-10-05 14:20:01.585 +05:30 [INF] [ujstl46syhn] LOGIN_SUCCESS. User manager@company.com, EmployeeId: 3
2026-10-05 14:20:01.586 +05:30 [INF] [ujstl46syhn] HTTP POST /api/auth/login responded 200 in 33ms [Trace: ujstl46syhn]
2026-10-05 14:20:01.620 +05:30 [INF] [nzimp0xxmn] HTTP GET /api/notifications/unread-count responded 200 in 1ms [Trace: nzimp0xxmn]
2026-10-05 14:20:01.628 +05:30 [INF] [uwv4g9lzlc] HTTP GET /api/leaves/types responded 200 in 9ms [Trace: uwv4g9lzlc]
2026-10-05 14:20:01.644 +05:30 [INF] [iepes2e85d] HTTP GET /api/notifications/unread-count responded 200 in 2ms [Trace: iepes2e85d]
2026-10-05 14:20:01.644 +05:30 [INF] [bv27gkv73ne] HTTP GET /api/notifications responded 200 in 2ms [Trace: bv27gkv73ne]
2026-10-05 14:20:01.648 +05:30 [INF] [6rq8gkghdjc] HTTP GET /api/leaves/types responded 200 in 1ms [Trace: 6rq8gkghdjc]
2026-10-05 14:20:01.665 +05:30 [INF] [8sym6up1mtj] HTTP GET /api/notifications responded 200 in 1ms [Trace: 8sym6up1mtj]
2026-10-05 14:20:01.773 +05:30 [INF] [ga0gu9hp9mo] HTTP GET /api/leaves responded 200 in 154ms [Trace: ga0gu9hp9mo]
2026-10-05 14:20:01.788 +05:30 [INF] [k83lwoq6rie] HTTP GET /api/leaves responded 200 in 1ms [Trace: k83lwoq6rie]
2026-10-05 14:20:03.793 +05:30 [INF] [urdnt6a523] HTTP PUT /api/notifications/19/read responded 204 in 27ms [Trace: urdnt6a523]
2026-10-05 14:20:03.812 +05:30 [INF] [i00gmfx8sm] HTTP GET /api/notifications/unread-count responded 200 in 2ms [Trace: i00gmfx8sm]
2026-10-05 14:20:03.831 +05:30 [INF] [17nzz2scdof] HTTP GET /api/notifications responded 200 in 3ms [Trace: 17nzz2scdof]
2026-10-05 14:20:04.037 +05:30 [INF] [fka7q3c721d] HTTP PUT /api/notifications/19/read responded 204 in 3ms [Trace: fka7q3c721d]
2026-10-05 14:20:04.048 +05:30 [INF] [nr7xqmn0n4] HTTP GET /api/notifications/unread-count responded 200 in 1ms [Trace: nr7xqmn0n4]
2026-10-05 14:20:04.058 +05:30 [INF] [xs33h42iar] HTTP GET /api/notifications responded 200 in 1ms [Trace: xs33h42iar]
2026-10-05 14:20:04.732 +05:30 [INF] [yg30wszep3] HTTP PUT /api/notifications/19/read responded 204 in 6ms [Trace: yg30wszep3]
2026-10-05 14:20:04.755 +05:30 [INF] [gccvsxala0h] HTTP GET /api/notifications/unread-count responded 200 in 3ms [Trace: gccvsxala0h]
2026-10-05 14:20:04.774 +05:30 [INF] [8mu9udgow15] HTTP GET /api/notifications responded 200 in 3ms [Trace: 8mu9udgow15]
2026-10-05 14:20:05.650 +05:30 [INF] [zcljhxtc3ur] HTTP GET /api/notifications responded 200 in 3ms [Trace: zcljhxtc3ur]
2026-10-05 14:20:05.667 +05:30 [INF] [rxx782wdgrg] HTTP GET /api/notifications responded 200 in 2ms [Trace: rxx782wdgrg]
2026-10-05 14:20:06.793 +05:30 [INF] [p0k7fovr1j] HTTP PUT /api/notifications/19/read responded 204 in 5ms [Trace: p0k7fovr1j]
2026-10-05 14:20:06.814 +05:30 [INF] [oos700nn3gn] HTTP GET /api/notifications responded 200 in 3ms [Trace: oos700nn3gn]
2026-10-05 14:20:08.076 +05:30 [INF] [takowwnsl7] HTTP PUT /api/notifications/19/read responded 204 in 4ms [Trace: takowwnsl7]
2026-10-05 14:20:08.097 +05:30 [INF] [jukws71xll] HTTP GET /api/notifications responded 200 in 2ms [Trace: jukws71xll]
2026-10-05 14:20:08.475 +05:30 [INF] [t634w5ximpe] HTTP PUT /api/notifications/19/read responded 204 in 6ms [Trace: t634w5ximpe]
2026-10-05 14:20:08.495 +05:30 [INF] [k4y8g29lgko] HTTP GET /api/notifications responded 200 in 2ms [Trace: k4y8g29lgko]
2026-10-05 14:20:08.872 +05:30 [INF] [0d3cbm74uiq] HTTP PUT /api/notifications/19/read responded 204 in 4ms [Trace: 0d3cbm74uiq]
2026-10-05 14:20:08.889 +05:30 [INF] [mk08yyt0pcg] HTTP GET /api/notifications responded 200 in 2ms [Trace: mk08yyt0pcg]
2026-10-05 14:20:09.159 +05:30 [INF] [p3cqa0wm65] HTTP PUT /api/notifications/15/read responded 204 in 3ms [Trace: p3cqa0wm65]
2026-10-05 14:20:09.174 +05:30 [INF] [9dpd0tgkfsn] HTTP GET /api/notifications responded 200 in 1ms [Trace: 9dpd0tgkfsn]
2026-10-05 14:20:09.732 +05:30 [INF] [hl2j3xl4ah5] HTTP PUT /api/notifications/16/read responded 204 in 4ms [Trace: hl2j3xl4ah5]
2026-10-05 14:20:09.751 +05:30 [INF] [b0t8hk8zdxb] HTTP GET /api/notifications responded 200 in 2ms [Trace: b0t8hk8zdxb]
2026-10-05 14:20:12.320 +05:30 [INF] [h9sfdlg75tg] LOGOUT. User 3
2026-10-05 14:20:12.321 +05:30 [INF] [h9sfdlg75tg] HTTP POST /api/auth/logout responded 204 in 8ms [Trace: h9sfdlg75tg]
2026-10-05 14:20:14.282 +05:30 [INF] [fdpt5keh9sn] LOGIN_SUCCESS. User hr@company.com, EmployeeId: 2
2026-10-05 14:20:14.284 +05:30 [INF] [fdpt5keh9sn] HTTP POST /api/auth/login responded 200 in 28ms [Trace: fdpt5keh9sn]
2026-10-05 14:20:14.323 +05:30 [INF] [g62rq7uo6zs] HTTP GET /api/notifications/unread-count responded 200 in 2ms [Trace: g62rq7uo6zs]
2026-10-05 14:20:14.323 +05:30 [INF] [namtsoz7l1j] HTTP GET /api/notifications responded 200 in 2ms [Trace: namtsoz7l1j]
2026-10-05 14:20:14.345 +05:30 [INF] [wlqdgfs60zm] HTTP GET /api/notifications/unread-count responded 200 in 1ms [Trace: wlqdgfs60zm]
2026-10-05 14:20:14.348 +05:30 [INF] [y01z7heokni] HTTP GET /api/notifications responded 200 in 1ms [Trace: y01z7heokni]
2026-10-05 14:20:14.357 +05:30 [INF] [3or5j1nig8r] HTTP GET /api/notifications responded 200 in 1ms [Trace: 3or5j1nig8r]
2026-10-05 14:20:14.366 +05:30 [INF] [yoowur7qxx] HTTP GET /api/notifications responded 200 in 1ms [Trace: yoowur7qxx]
2026-10-05 14:20:16.938 +05:30 [INF] [kqjocwpqfff] HTTP GET /api/positions responded 200 in 20ms [Trace: kqjocwpqfff]
2026-10-05 14:20:16.951 +05:30 [INF] [hcp7poxdrf] HTTP GET /api/departments responded 200 in 33ms [Trace: hcp7poxdrf]
2026-10-05 14:20:16.953 +05:30 [INF] [eqbvzyb0go9] HTTP GET /api/positions responded 200 in 1ms [Trace: eqbvzyb0go9]
2026-10-05 14:20:16.961 +05:30 [INF] [50roc5eeujg] HTTP GET /api/employees responded 200 in 44ms [Trace: 50roc5eeujg]
2026-10-05 14:20:16.965 +05:30 [INF] [0pwtqd1c41te] HTTP GET /api/departments responded 200 in 1ms [Trace: 0pwtqd1c41te]
2026-10-05 14:20:16.976 +05:30 [INF] [x4rpo4vlx3] HTTP GET /api/employees responded 200 in 2ms [Trace: x4rpo4vlx3]
2026-10-05 14:20:19.110 +05:30 [INF] [t133nnpm87] HTTP GET /api/departments responded 200 in 4ms [Trace: t133nnpm87]
2026-10-05 14:20:19.126 +05:30 [INF] [eq65xq9nsbq] HTTP GET /api/departments responded 200 in 2ms [Trace: eq65xq9nsbq]
2026-10-05 14:20:19.595 +05:30 [INF] [hedwihivf] HTTP GET /api/positions responded 200 in 3ms [Trace: hedwihivf]
2026-10-05 14:20:19.611 +05:30 [INF] [xdx3oha2j3j] HTTP GET /api/positions responded 200 in 1ms [Trace: xdx3oha2j3j]
2026-10-05 14:20:20.379 +05:30 [INF] [ol7h95mt7vj] HTTP GET /api/leaves/types responded 200 in 2ms [Trace: ol7h95mt7vj]
2026-10-05 14:20:20.396 +05:30 [INF] [zsvweltzrd] HTTP GET /api/leaves/types responded 200 in 1ms [Trace: zsvweltzrd]
2026-10-05 14:20:20.397 +05:30 [INF] [26h5h90x62ej] HTTP GET /api/leaves responded 200 in 21ms [Trace: 26h5h90x62ej]
2026-10-05 14:20:20.412 +05:30 [INF] [a5wytkih127] HTTP GET /api/leaves responded 200 in 2ms [Trace: a5wytkih127]
2026-10-05 14:20:23.185 +05:30 [INF] [yzgbufibfsg] LOGOUT. User 2
2026-10-05 14:20:23.188 +05:30 [INF] [yzgbufibfsg] HTTP POST /api/auth/logout responded 204 in 13ms [Trace: yzgbufibfsg]
2026-10-05 14:20:24.693 +05:30 [INF] [k5g0uwfv10n] LOGIN_SUCCESS. User admin@company.com, EmployeeId: 1
2026-10-05 14:20:24.696 +05:30 [INF] [k5g0uwfv10n] HTTP POST /api/auth/login responded 200 in 21ms [Trace: k5g0uwfv10n]
2026-10-05 14:20:24.727 +05:30 [INF] [d6nds4bg3a4] HTTP GET /api/leaves/types responded 200 in 1ms [Trace: d6nds4bg3a4]
2026-10-05 14:20:24.727 +05:30 [INF] [ftk00buf6p] HTTP GET /api/notifications/unread-count responded 200 in 1ms [Trace: ftk00buf6p]
2026-10-05 14:20:24.727 +05:30 [INF] [2d0h3any2my] HTTP GET /api/leaves responded 200 in 1ms [Trace: 2d0h3any2my]
2026-10-05 14:20:24.743 +05:30 [INF] [m97qxn26yv] HTTP GET /api/leaves/types responded 200 in 1ms [Trace: m97qxn26yv]
2026-10-05 14:20:24.745 +05:30 [INF] [rjcp89oshnn] HTTP GET /api/notifications/unread-count responded 200 in 1ms [Trace: rjcp89oshnn]
2026-10-05 14:20:24.745 +05:30 [INF] [rq2be0stc8j] HTTP GET /api/notifications responded 200 in 1ms [Trace: rq2be0stc8j]
2026-10-05 14:20:24.751 +05:30 [INF] [byjf8n0swno] HTTP GET /api/leaves responded 200 in 2ms [Trace: byjf8n0swno]
2026-10-05 14:20:24.761 +05:30 [INF] [bxrogwq7vvm] HTTP GET /api/notifications responded 200 in 1ms [Trace: bxrogwq7vvm]
2026-10-05 14:20:27.705 +05:30 [WRN] [ii8r9yxrvgr] Compiling a query which loads related collections for more than one collection navigation, either via 'Include' or through projection, but no 'QuerySplittingBehavior' has been configured. By default, Entity Framework will use 'QuerySplittingBehavior.SingleQuery', which can potentially result in slow query performance. See https://go.microsoft.com/fwlink/?linkid=2134277 for more information. To identify the query that's triggering this warning call 'ConfigureWarnings(w => w.Throw(RelationalEventId.MultipleCollectionIncludeWarning))'.
2026-10-05 14:20:27.776 +05:30 [INF] [ii8r9yxrvgr] LEAVE_STATUS_CHANGED. LeaveId: 9, Status: "Approved", By: 1
2026-10-05 14:20:27.778 +05:30 [INF] [ii8r9yxrvgr] HTTP PUT /api/leaves/9/approve responded 200 in 157ms [Trace: ii8r9yxrvgr]
2026-10-05 14:20:27.801 +05:30 [INF] [w07mk9ay0n] HTTP GET /api/leaves responded 200 in 1ms [Trace: w07mk9ay0n]
2026-10-05 14:20:27.801 +05:30 [INF] [cta7cin3y25] HTTP GET /api/leaves/types responded 200 in 0ms [Trace: cta7cin3y25]
2026-10-05 14:20:35.174 +05:30 [INF] [l8f4rri3rv] HTTP GET /api/auth/users responded 200 in 23ms [Trace: l8f4rri3rv]
2026-10-05 14:20:35.190 +05:30 [INF] [fz11v4ae0f4] HTTP GET /api/auth/users responded 200 in 2ms [Trace: fz11v4ae0f4]
2026-10-05 14:20:35.674 +05:30 [INF] [b5gjz7rbdh4] HTTP GET /api/auth/roles responded 200 in 26ms [Trace: b5gjz7rbdh4]
2026-10-05 14:20:35.690 +05:30 [INF] [3963f2o304r] HTTP GET /api/auth/roles responded 200 in 1ms [Trace: 3963f2o304r]
2026-10-05 14:20:36.450 +05:30 [INF] [7h7soxfyf5g] HTTP GET /api/audit-logs responded 200 in 32ms [Trace: 7h7soxfyf5g]
2026-10-05 14:20:36.476 +05:30 [INF] [4jtjcx89pxb] HTTP GET /api/audit-logs responded 200 in 3ms [Trace: 4jtjcx89pxb]
2026-10-05 14:20:37.707 +05:30 [INF] [67gu4l5uxma] HTTP GET /api/reports/employees-by-department responded 200 in 11ms [Trace: 67gu4l5uxma]
2026-10-05 14:20:37.709 +05:30 [INF] [572uyxx0s45] HTTP GET /api/reports/leave-utilization responded 200 in 13ms [Trace: 572uyxx0s45]
2026-10-05 14:20:37.723 +05:30 [INF] [ri8qxzj03rr] HTTP GET /api/reports/employees-by-department responded 200 in 1ms [Trace: ri8qxzj03rr]
2026-10-05 14:20:37.723 +05:30 [INF] [blnz1muu0o9] HTTP GET /api/reports/payroll-summary responded 200 in 27ms [Trace: blnz1muu0o9]
2026-10-05 14:20:37.729 +05:30 [INF] [fyx6f44fbs] HTTP GET /api/reports/leave-utilization responded 200 in 3ms [Trace: fyx6f44fbs]
2026-10-05 14:20:37.734 +05:30 [INF] [qqik0qkohoe] HTTP GET /api/reports/project-allocation responded 200 in 38ms [Trace: qqik0qkohoe]
2026-10-05 14:20:37.738 +05:30 [INF] [6ybaolzhbu] HTTP GET /api/reports/payroll-summary responded 200 in 1ms [Trace: 6ybaolzhbu]
2026-10-05 14:20:37.748 +05:30 [INF] [yaf775v9yv] HTTP GET /api/reports/project-allocation responded 200 in 1ms [Trace: yaf775v9yv]
2026-10-05 14:20:38.247 +05:30 [INF] [o0ymcxzjb6i] HTTP GET /api/audit-logs responded 200 in 4ms [Trace: o0ymcxzjb6i]
2026-10-05 14:20:38.265 +05:30 [INF] [hw2sry99rb] HTTP GET /api/audit-logs responded 200 in 3ms [Trace: hw2sry99rb]
2026-10-05 14:20:44.006 +05:30 [INF] [nz7gyomqhrk] HTTP GET /api/auth/roles responded 200 in 4ms [Trace: nz7gyomqhrk]
2026-10-05 14:20:44.019 +05:30 [INF] [4tm8q5ovh8] HTTP GET /api/auth/roles responded 200 in 2ms [Trace: 4tm8q5ovh8]
2026-10-05 14:20:46.673 +05:30 [INF] [q8ywc4bccad] HTTP GET /api/auth/users responded 200 in 2ms [Trace: q8ywc4bccad]
2026-10-05 14:20:46.689 +05:30 [INF] [xvveu77rls] HTTP GET /api/auth/users responded 200 in 2ms [Trace: xvveu77rls]
2026-10-05 14:20:49.033 +05:30 [INF] [z726jtcqib] HTTP GET /api/reports/employees-by-department responded 200 in 1ms [Trace: z726jtcqib]
2026-10-05 14:20:49.033 +05:30 [INF] [5btc53cuqm] HTTP GET /api/reports/project-allocation responded 200 in 1ms [Trace: 5btc53cuqm]
2026-10-05 14:20:49.037 +05:30 [INF] [svwzig8v54n] HTTP GET /api/reports/leave-utilization responded 200 in 5ms [Trace: svwzig8v54n]
2026-10-05 14:20:49.048 +05:30 [INF] [fu2sbzzkzu8] HTTP GET /api/reports/employees-by-department responded 200 in 1ms [Trace: fu2sbzzkzu8]
2026-10-05 14:20:49.049 +05:30 [INF] [rtimt3ee2y] HTTP GET /api/reports/project-allocation responded 200 in 1ms [Trace: rtimt3ee2y]
2026-10-05 14:20:49.052 +05:30 [INF] [zfermpzjw1] HTTP GET /api/reports/leave-utilization responded 200 in 2ms [Trace: zfermpzjw1]
2026-10-05 14:20:49.060 +05:30 [INF] [0ief9hf6bygg] HTTP GET /api/reports/payroll-summary responded 200 in 28ms [Trace: 0ief9hf6bygg]
2026-10-05 14:20:49.069 +05:30 [INF] [ed60pc9wwir] HTTP GET /api/reports/payroll-summary responded 200 in 1ms [Trace: ed60pc9wwir]
2026-10-05 14:20:54.388 +05:30 [INF] [z792nszbnf] HTTP GET /api/employees/1/payslips responded 200 in 27ms [Trace: z792nszbnf]
2026-10-05 14:20:54.408 +05:30 [INF] [q3t54qtqv2] HTTP GET /api/employees/1/payslips responded 200 in 2ms [Trace: q3t54qtqv2]
2026-10-05 14:20:54.735 +05:30 [INF] [e97ryvwwu2t] HTTP GET /api/notifications/unread-count responded 200 in 2ms [Trace: e97ryvwwu2t]
2026-10-05 14:20:54.752 +05:30 [INF] [h1owlawa558] HTTP GET /api/notifications responded 200 in 2ms [Trace: h1owlawa558]
2026-10-05 14:20:55.014 +05:30 [INF] [myudefku1ei] HTTP GET /api/employees responded 200 in 5ms [Trace: myudefku1ei]
2026-10-05 14:20:55.030 +05:30 [INF] [i8zct2fbp2] HTTP GET /api/employees responded 200 in 1ms [Trace: i8zct2fbp2]
2026-10-05 14:20:55.030 +05:30 [INF] [8iihh4i0tu7] HTTP GET /api/employees/1/salary responded 200 in 21ms [Trace: 8iihh4i0tu7]
2026-10-05 14:20:55.046 +05:30 [INF] [4yzbss0ywd7] HTTP GET /api/employees/1/salary responded 200 in 1ms [Trace: 4yzbss0ywd7]
2026-10-05 14:20:56.177 +05:30 [INF] [8jsloednxik] HTTP GET /api/leaves/types responded 200 in 1ms [Trace: 8jsloednxik]
2026-10-05 14:20:56.178 +05:30 [INF] [z97r67mx7ar] HTTP GET /api/leaves responded 200 in 2ms [Trace: z97r67mx7ar]
2026-10-05 14:20:56.192 +05:30 [INF] [rh2d8gumkpp] HTTP GET /api/leaves/types responded 200 in 1ms [Trace: rh2d8gumkpp]
2026-10-05 14:20:56.198 +05:30 [INF] [3unk42ns3ov] HTTP GET /api/leaves responded 200 in 2ms [Trace: 3unk42ns3ov]
2026-10-05 14:21:00.717 +05:30 [INF] [v3ys9nafwib] LOGOUT. User 1
2026-10-05 14:21:00.720 +05:30 [INF] [v3ys9nafwib] HTTP POST /api/auth/logout responded 204 in 13ms [Trace: v3ys9nafwib]
2026-10-05 14:28:45.694 +05:30 [INF] [] Now listening on: http://localhost:5000
2026-10-05 14:28:45.740 +05:30 [INF] [] Application started. Press Ctrl+C to shut down.
2026-10-05 14:28:45.740 +05:30 [INF] [] Hosting environment: Development
2026-10-05 14:28:45.740 +05:30 [INF] [] Content root path: C:\Users\sairajk\.gemini\antigravity\scratch\EMS\src\EMS.API
2026-10-05 14:29:12.944 +05:30 [WRN] [zfmpnk7io7p] Compiling a query which loads related collections for more than one collection navigation, either via 'Include' or through projection, but no 'QuerySplittingBehavior' has been configured. By default, Entity Framework will use 'QuerySplittingBehavior.SingleQuery', which can potentially result in slow query performance. See https://go.microsoft.com/fwlink/?linkid=2134277 for more information. To identify the query that's triggering this warning call 'ConfigureWarnings(w => w.Throw(RelationalEventId.MultipleCollectionIncludeWarning))'.
2026-10-05 14:29:13.378 +05:30 [INF] [zfmpnk7io7p] LOGIN_SUCCESS. User employee@company.com, EmployeeId: 4
2026-10-05 14:29:13.422 +05:30 [INF] [zfmpnk7io7p] HTTP POST /api/auth/login responded 200 in 731ms [Trace: zfmpnk7io7p]
2026-10-05 14:29:13.621 +05:30 [INF] [zw2pkgdrf4] HTTP GET /api/attendance/today responded 200 in 132ms [Trace: zw2pkgdrf4]
2026-10-05 14:29:13.666 +05:30 [INF] [gk2dn3egqrg] HTTP GET /api/attendance/today responded 200 in 31ms [Trace: gk2dn3egqrg]
2026-10-05 14:29:13.742 +05:30 [INF] [ueo1usvm2w] HTTP GET /api/notifications/unread-count responded 200 in 268ms [Trace: ueo1usvm2w]
2026-10-05 14:29:13.762 +05:30 [INF] [3mjx4czgwzk] HTTP GET /api/notifications/unread-count responded 200 in 2ms [Trace: 3mjx4czgwzk]
2026-10-05 14:29:13.786 +05:30 [INF] [ygbh80s4f9f] HTTP GET /api/notifications responded 200 in 27ms [Trace: ygbh80s4f9f]
2026-10-05 14:29:13.801 +05:30 [INF] [r5o1acobub9] HTTP GET /api/notifications responded 200 in 2ms [Trace: r5o1acobub9]
2026-10-05 14:29:16.578 +05:30 [INF] [qiet4o8nj7a] HTTP PUT /api/notifications/20/read responded 204 in 33ms [Trace: qiet4o8nj7a]
2026-10-05 14:29:16.603 +05:30 [INF] [zxbahywyukp] HTTP GET /api/notifications/unread-count responded 200 in 3ms [Trace: zxbahywyukp]
2026-10-05 14:29:16.625 +05:30 [INF] [29u80e48vf] HTTP GET /api/notifications responded 200 in 3ms [Trace: 29u80e48vf]
2026-10-05 14:29:17.939 +05:30 [INF] [xszsepl40ap] HTTP GET /api/employees responded 403 in 6ms [Trace: xszsepl40ap]
2026-10-05 14:29:17.954 +05:30 [INF] [zaz36qm3mt8] HTTP GET /api/positions responded 200 in 20ms [Trace: zaz36qm3mt8]
2026-10-05 14:29:17.954 +05:30 [INF] [41wciqx8kmm] HTTP GET /api/employees responded 403 in 0ms [Trace: 41wciqx8kmm]
2026-10-05 14:29:17.968 +05:30 [INF] [n0dp0dqerss] HTTP GET /api/positions responded 200 in 1ms [Trace: n0dp0dqerss]
2026-10-05 14:29:17.973 +05:30 [INF] [shgh6uy4d2] HTTP GET /api/departments responded 200 in 40ms [Trace: shgh6uy4d2]
2026-10-05 14:29:17.988 +05:30 [INF] [66sckku9gi6] HTTP GET /api/departments responded 200 in 3ms [Trace: 66sckku9gi6]
2026-10-05 14:29:18.596 +05:30 [INF] [xu93atgkjhc] HTTP GET /api/positions responded 200 in 3ms [Trace: xu93atgkjhc]
2026-10-05 14:29:18.607 +05:30 [INF] [curvzsnp9hf] HTTP GET /api/positions responded 200 in 1ms [Trace: curvzsnp9hf]
2026-10-05 14:29:19.368 +05:30 [INF] [1k6uh5dqzqa] HTTP GET /api/attendance/today responded 200 in 6ms [Trace: 1k6uh5dqzqa]
2026-10-05 14:29:19.387 +05:30 [INF] [ti52et40pic] HTTP GET /api/attendance/today responded 200 in 2ms [Trace: ti52et40pic]
2026-10-05 14:29:19.410 +05:30 [INF] [hezaa9yplct] HTTP GET /api/attendance responded 200 in 25ms [Trace: hezaa9yplct]
2026-10-05 14:29:19.427 +05:30 [INF] [ewfjrfabom] HTTP GET /api/attendance responded 200 in 2ms [Trace: ewfjrfabom]
2026-10-05 14:29:19.755 +05:30 [INF] [8bjq9u1owar] HTTP GET /api/leaves/types responded 200 in 12ms [Trace: 8bjq9u1owar]
2026-10-05 14:29:19.770 +05:30 [INF] [umv83z3hsls] HTTP GET /api/leaves/types responded 200 in 2ms [Trace: umv83z3hsls]
2026-10-05 14:29:19.821 +05:30 [INF] [5v2mkgbltgk] HTTP GET /api/leaves/balances responded 200 in 79ms [Trace: 5v2mkgbltgk]
2026-10-05 14:29:19.849 +05:30 [INF] [vod85ns5pu8] HTTP GET /api/leaves/balances responded 200 in 8ms [Trace: vod85ns5pu8]
2026-10-05 14:29:19.864 +05:30 [INF] [7li2quwuzmk] HTTP GET /api/leaves responded 200 in 22ms [Trace: 7li2quwuzmk]
2026-10-05 14:29:19.883 +05:30 [INF] [2e9ju92vbz] HTTP GET /api/leaves responded 200 in 3ms [Trace: 2e9ju92vbz]
2026-10-05 14:29:39.690 +05:30 [INF] [6qh2wq02htd] LEAVE_APPLIED. LeaveId: 10, EmployeeId: 4, AvailableRemaining: 6
2026-10-05 14:29:39.693 +05:30 [INF] [6qh2wq02htd] HTTP POST /api/leaves responded 201 in 111ms [Trace: 6qh2wq02htd]
2026-10-05 14:29:39.718 +05:30 [INF] [whmt0y3cnje] HTTP GET /api/leaves/types responded 200 in 2ms [Trace: whmt0y3cnje]
2026-10-05 14:29:39.722 +05:30 [INF] [3ffld19mamh] HTTP GET /api/leaves/balances responded 200 in 6ms [Trace: 3ffld19mamh]
2026-10-05 14:29:39.744 +05:30 [INF] [vk2fymj1nsj] HTTP GET /api/leaves responded 200 in 4ms [Trace: vk2fymj1nsj]
2026-10-05 14:29:43.480 +05:30 [INF] [uq5k1pi70c9] HTTP GET /api/notifications/unread-count responded 200 in 5ms [Trace: uq5k1pi70c9]
2026-10-05 14:29:43.500 +05:30 [INF] [1okmzyso7ob] HTTP GET /api/notifications responded 200 in 3ms [Trace: 1okmzyso7ob]
2026-10-05 14:29:44.395 +05:30 [WRN] [xwytz5epvp] Compiling a query which loads related collections for more than one collection navigation, either via 'Include' or through projection, but no 'QuerySplittingBehavior' has been configured. By default, Entity Framework will use 'QuerySplittingBehavior.SingleQuery', which can potentially result in slow query performance. See https://go.microsoft.com/fwlink/?linkid=2134277 for more information. To identify the query that's triggering this warning call 'ConfigureWarnings(w => w.Throw(RelationalEventId.MultipleCollectionIncludeWarning))'.
2026-10-05 14:29:44.427 +05:30 [INF] [xwytz5epvp] LOGOUT. User 4
2026-10-05 14:29:44.429 +05:30 [INF] [xwytz5epvp] HTTP POST /api/auth/logout responded 204 in 53ms [Trace: xwytz5epvp]
2026-10-05 14:29:46.887 +05:30 [INF] [7n9idqmpi5w] LOGIN_SUCCESS. User manager@company.com, EmployeeId: 3
2026-10-05 14:29:46.889 +05:30 [INF] [7n9idqmpi5w] HTTP POST /api/auth/login responded 200 in 30ms [Trace: 7n9idqmpi5w]
2026-10-05 14:29:46.926 +05:30 [INF] [his5etbg6f] HTTP GET /api/leaves/types responded 200 in 1ms [Trace: his5etbg6f]
2026-10-05 14:29:46.927 +05:30 [INF] [u401rlb9pjm] HTTP GET /api/notifications/unread-count responded 200 in 2ms [Trace: u401rlb9pjm]
2026-10-05 14:29:46.957 +05:30 [INF] [xr2w72vok3] HTTP GET /api/leaves/types responded 200 in 1ms [Trace: xr2w72vok3]
2026-10-05 14:29:46.961 +05:30 [INF] [2iuzgkq6mh4] HTTP GET /api/notifications/unread-count responded 200 in 1ms [Trace: 2iuzgkq6mh4]
2026-10-05 14:29:46.961 +05:30 [INF] [27xoze1jvdc] HTTP GET /api/notifications responded 200 in 1ms [Trace: 27xoze1jvdc]
2026-10-05 14:29:46.978 +05:30 [INF] [r9z1mn59t6r] HTTP GET /api/notifications responded 200 in 1ms [Trace: r9z1mn59t6r]
2026-10-05 14:29:46.982 +05:30 [INF] [5qoqkkf1nkd] HTTP GET /api/leaves/balances responded 200 in 57ms [Trace: 5qoqkkf1nkd]
2026-10-05 14:29:46.999 +05:30 [INF] [chfboxm8hy5] HTTP GET /api/leaves/balances responded 200 in 4ms [Trace: chfboxm8hy5]
2026-10-05 14:29:47.016 +05:30 [INF] [i1vr5qqxk7n] HTTP GET /api/leaves/pending-approvals responded 200 in 20ms [Trace: i1vr5qqxk7n]
2026-10-05 14:29:47.033 +05:30 [INF] [hva812si1oh] HTTP GET /api/leaves/pending-approvals responded 200 in 2ms [Trace: hva812si1oh]
2026-10-05 14:29:47.033 +05:30 [INF] [yb8d9y7c1bh] HTTP GET /api/leaves responded 200 in 2ms [Trace: yb8d9y7c1bh]
2026-10-05 14:29:47.048 +05:30 [INF] [u80qmdtmp5] HTTP GET /api/leaves responded 200 in 2ms [Trace: u80qmdtmp5]
2026-10-05 14:29:49.159 +05:30 [INF] [ees861dzluc] HTTP GET /api/leaves/types responded 200 in 2ms [Trace: ees861dzluc]
2026-10-05 14:29:49.162 +05:30 [INF] [5kaq3laua3s] HTTP GET /api/leaves/balances responded 200 in 4ms [Trace: 5kaq3laua3s]
2026-10-05 14:29:49.175 +05:30 [INF] [18lv1eyhiqg] HTTP GET /api/leaves/pending-approvals responded 200 in 2ms [Trace: 18lv1eyhiqg]
2026-10-05 14:29:49.186 +05:30 [INF] [cirm85hxrei] HTTP GET /api/leaves/pending-approvals responded 200 in 2ms [Trace: cirm85hxrei]
2026-10-05 14:29:52.709 +05:30 [WRN] [75coo2i7kb4] Compiling a query which loads related collections for more than one collection navigation, either via 'Include' or through projection, but no 'QuerySplittingBehavior' has been configured. By default, Entity Framework will use 'QuerySplittingBehavior.SingleQuery', which can potentially result in slow query performance. See https://go.microsoft.com/fwlink/?linkid=2134277 for more information. To identify the query that's triggering this warning call 'ConfigureWarnings(w => w.Throw(RelationalEventId.MultipleCollectionIncludeWarning))'.
2026-10-05 14:29:52.809 +05:30 [INF] [75coo2i7kb4] LEAVE_STATUS_CHANGED. LeaveId: 10, Status: "Approved", By: 3
2026-10-05 14:29:52.814 +05:30 [INF] [75coo2i7kb4] HTTP PUT /api/leaves/10/approve responded 200 in 177ms [Trace: 75coo2i7kb4]
2026-10-05 14:29:52.845 +05:30 [INF] [hjmidmhtzsi] HTTP GET /api/leaves/types responded 200 in 2ms [Trace: hjmidmhtzsi]
2026-10-05 14:29:52.848 +05:30 [INF] [ubcumakjkhq] HTTP GET /api/leaves/balances responded 200 in 4ms [Trace: ubcumakjkhq]
2026-10-05 14:29:52.862 +05:30 [INF] [1f3vox4dkl6] HTTP GET /api/leaves/pending-approvals responded 200 in 2ms [Trace: 1f3vox4dkl6]
2026-10-05 14:29:52.877 +05:30 [INF] [gcx9m5tyg1o] HTTP GET /api/leaves/pending-approvals responded 200 in 1ms [Trace: gcx9m5tyg1o]
2026-10-05 14:29:54.375 +05:30 [INF] [rg9s260wxi] HTTP GET /api/leaves/types responded 200 in 2ms [Trace: rg9s260wxi]
2026-10-05 14:29:54.380 +05:30 [INF] [yr4uspznf5f] HTTP GET /api/leaves/balances responded 200 in 7ms [Trace: yr4uspznf5f]
2026-10-05 14:29:54.393 +05:30 [INF] [vppxu6khk7] HTTP GET /api/leaves/pending-approvals responded 200 in 1ms [Trace: vppxu6khk7]
2026-10-05 14:29:54.443 +05:30 [INF] [8wouqmeov1k] HTTP GET /api/leaves responded 200 in 39ms [Trace: 8wouqmeov1k]
2026-10-05 14:29:56.779 +05:30 [INF] [3lobycjclva] HTTP GET /api/leaves/types responded 200 in 1ms [Trace: 3lobycjclva]
2026-10-05 14:29:56.782 +05:30 [INF] [qdgzyk722a7] HTTP GET /api/leaves/balances responded 200 in 4ms [Trace: qdgzyk722a7]
2026-10-05 14:29:56.797 +05:30 [INF] [l3g1mv7pkn8] HTTP GET /api/leaves/pending-approvals responded 200 in 2ms [Trace: l3g1mv7pkn8]
2026-10-05 14:29:56.809 +05:30 [INF] [66191qhl2w5] HTTP GET /api/leaves responded 200 in 2ms [Trace: 66191qhl2w5]
2026-10-05 14:30:00.571 +05:30 [INF] [xexta2yozio] LOGOUT. User 3
2026-10-05 14:30:00.572 +05:30 [INF] [xexta2yozio] HTTP POST /api/auth/logout responded 204 in 8ms [Trace: xexta2yozio]
2026-10-05 14:30:03.297 +05:30 [INF] [u2r0flr1ecm] LOGIN_SUCCESS. User admin@company.com, EmployeeId: 1
2026-10-05 14:30:03.300 +05:30 [INF] [u2r0flr1ecm] HTTP POST /api/auth/login responded 200 in 23ms [Trace: u2r0flr1ecm]
2026-10-05 14:30:03.336 +05:30 [INF] [qf55ji5x3] HTTP GET /api/leaves/types responded 200 in 1ms [Trace: qf55ji5x3]
2026-10-05 14:30:03.337 +05:30 [INF] [4vel0b8f9q4] HTTP GET /api/notifications/unread-count responded 200 in 1ms [Trace: 4vel0b8f9q4]
2026-10-05 14:30:03.339 +05:30 [INF] [zdm04igg46] HTTP GET /api/leaves/balances responded 200 in 4ms [Trace: zdm04igg46]
2026-10-05 14:30:03.355 +05:30 [INF] [xg42gsnhwh] HTTP GET /api/leaves/types responded 200 in 1ms [Trace: xg42gsnhwh]
2026-10-05 14:30:03.360 +05:30 [INF] [ynr26x1w53j] HTTP GET /api/notifications/unread-count responded 200 in 1ms [Trace: ynr26x1w53j]
2026-10-05 14:30:03.360 +05:30 [INF] [b44pvr8b0yt] HTTP GET /api/notifications responded 200 in 1ms [Trace: b44pvr8b0yt]
2026-10-05 14:30:03.364 +05:30 [INF] [v3tgmpadeak] HTTP GET /api/leaves/balances responded 200 in 3ms [Trace: v3tgmpadeak]
2026-10-05 14:30:03.376 +05:30 [INF] [4o3z7ujai8k] HTTP GET /api/leaves/pending-approvals responded 200 in 14ms [Trace: 4o3z7ujai8k]
2026-10-05 14:30:03.378 +05:30 [INF] [tf9d2oq1vn8] HTTP GET /api/notifications responded 200 in 1ms [Trace: tf9d2oq1vn8]
2026-10-05 14:30:03.391 +05:30 [INF] [5dyioes1ulg] HTTP GET /api/leaves/pending-approvals responded 200 in 1ms [Trace: 5dyioes1ulg]
2026-10-05 14:30:03.391 +05:30 [INF] [y1rasxp843] HTTP GET /api/leaves responded 200 in 1ms [Trace: y1rasxp843]
2026-10-05 14:30:03.406 +05:30 [INF] [lu70mcyolk8] HTTP GET /api/leaves responded 200 in 1ms [Trace: lu70mcyolk8]
2026-10-05 14:30:04.485 +05:30 [INF] [k3s8lcssi2] HTTP GET /api/leaves/types responded 200 in 1ms [Trace: k3s8lcssi2]
2026-10-05 14:30:04.488 +05:30 [INF] [05c422ng1qtv] HTTP GET /api/leaves/balances responded 200 in 4ms [Trace: 05c422ng1qtv]
2026-10-05 14:30:04.501 +05:30 [INF] [d9lgtpb9tqk] HTTP GET /api/leaves/pending-approvals responded 200 in 1ms [Trace: d9lgtpb9tqk]
2026-10-05 14:30:04.512 +05:30 [INF] [349tjx4vc29] HTTP GET /api/leaves/pending-approvals responded 200 in 1ms [Trace: 349tjx4vc29]
2026-10-05 14:30:05.848 +05:30 [INF] [9h0qmc6oyut] HTTP GET /api/leaves/types responded 200 in 1ms [Trace: 9h0qmc6oyut]
2026-10-05 14:30:05.851 +05:30 [INF] [12vrzy2fbuc] HTTP GET /api/leaves/balances responded 200 in 4ms [Trace: 12vrzy2fbuc]
2026-10-05 14:30:05.862 +05:30 [INF] [4bytowmztz3] HTTP GET /api/leaves/pending-approvals responded 200 in 1ms [Trace: 4bytowmztz3]
2026-10-05 14:30:05.888 +05:30 [INF] [wic79qe146m] HTTP GET /api/leaves responded 200 in 15ms [Trace: wic79qe146m]
2026-10-05 14:30:13.616 +05:30 [INF] [9sy08p5yowe] LOGOUT. User 1
2026-10-05 14:30:13.620 +05:30 [INF] [9sy08p5yowe] HTTP POST /api/auth/logout responded 204 in 15ms [Trace: 9sy08p5yowe]
2026-10-05 14:30:15.671 +05:30 [INF] [ukaiyfcsa38] LOGIN_SUCCESS. User employee@company.com, EmployeeId: 4
2026-10-05 14:30:15.673 +05:30 [INF] [ukaiyfcsa38] HTTP POST /api/auth/login responded 200 in 19ms [Trace: ukaiyfcsa38]
2026-10-05 14:30:15.700 +05:30 [INF] [ol1aynxvlqa] HTTP GET /api/notifications/unread-count responded 200 in 1ms [Trace: ol1aynxvlqa]
2026-10-05 14:30:15.700 +05:30 [INF] [hh3rwovjkaw] HTTP GET /api/leaves/types responded 200 in 1ms [Trace: hh3rwovjkaw]
2026-10-05 14:30:15.702 +05:30 [INF] [ssd9v5fu6bd] HTTP GET /api/leaves/balances responded 200 in 3ms [Trace: ssd9v5fu6bd]
2026-10-05 14:30:15.714 +05:30 [INF] [70bhyxlc1mu] HTTP GET /api/notifications/unread-count responded 200 in 1ms [Trace: 70bhyxlc1mu]
2026-10-05 14:30:15.716 +05:30 [INF] [qh08bjrkj9f] HTTP GET /api/notifications responded 200 in 0ms [Trace: qh08bjrkj9f]
2026-10-05 14:30:15.714 +05:30 [INF] [re7qbmsxxs] HTTP GET /api/leaves/types responded 200 in 0ms [Trace: re7qbmsxxs]
2026-10-05 14:30:15.842 +05:30 [INF] [9ko1kw7ek9r] HTTP GET /api/leaves responded 200 in 124ms [Trace: 9ko1kw7ek9r]
2026-10-05 14:30:15.843 +05:30 [INF] [89nefny40ka] HTTP GET /api/leaves/balances responded 200 in 128ms [Trace: 89nefny40ka]
2026-10-05 14:30:15.843 +05:30 [INF] [yb3wsxz8hbm] HTTP GET /api/notifications responded 200 in 2ms [Trace: yb3wsxz8hbm]
2026-10-05 14:30:15.863 +05:30 [INF] [t3mj2a6fpdo] HTTP GET /api/leaves responded 200 in 2ms [Trace: t3mj2a6fpdo]
2026-10-05 14:30:45.718 +05:30 [INF] [wpo28vqz30n] HTTP GET /api/notifications/unread-count responded 200 in 14ms [Trace: wpo28vqz30n]
2026-10-05 14:30:45.736 +05:30 [INF] [7491j3kmw5p] HTTP GET /api/notifications responded 200 in 1ms [Trace: 7491j3kmw5p]
2026-10-05 14:31:15.757 +05:30 [INF] [fif8ww9567t] HTTP GET /api/notifications/unread-count responded 200 in 44ms [Trace: fif8ww9567t]
2026-10-05 14:31:15.824 +05:30 [INF] [jd68gtz0vg] HTTP GET /api/notifications responded 200 in 2ms [Trace: jd68gtz0vg]
2026-10-05 14:31:45.748 +05:30 [INF] [uw2t5hx7m9] HTTP GET /api/notifications/unread-count responded 200 in 35ms [Trace: uw2t5hx7m9]
2026-10-05 14:31:45.776 +05:30 [INF] [dlymq819zoa] HTTP GET /api/notifications responded 200 in 2ms [Trace: dlymq819zoa]
2026-10-05 14:32:16.187 +05:30 [INF] [jhlkk38j6t] HTTP GET /api/notifications/unread-count responded 200 in 2ms [Trace: jhlkk38j6t]
2026-10-05 14:32:16.202 +05:30 [INF] [caqgz3v3o75] HTTP GET /api/notifications responded 200 in 1ms [Trace: caqgz3v3o75]
2026-10-05 14:32:46.227 +05:30 [INF] [0bvvfebkrene] HTTP GET /api/notifications/unread-count responded 200 in 60ms [Trace: 0bvvfebkrene]
2026-10-05 14:32:46.251 +05:30 [INF] [l2wdjr9ilfn] HTTP GET /api/notifications responded 200 in 7ms [Trace: l2wdjr9ilfn]
2026-10-05 14:33:16.245 +05:30 [INF] [adxb6pxo8kf] HTTP GET /api/notifications/unread-count responded 200 in 38ms [Trace: adxb6pxo8kf]
2026-10-05 14:33:16.266 +05:30 [INF] [681k2i8ki6c] HTTP GET /api/notifications responded 200 in 1ms [Trace: 681k2i8ki6c]
2026-10-05 14:33:48.208 +05:30 [INF] [vbo7r3it0c] HTTP GET /api/notifications/unread-count responded 200 in 41ms [Trace: vbo7r3it0c]
2026-10-05 14:33:48.231 +05:30 [INF] [k9erpkr25l8] HTTP GET /api/notifications responded 200 in 2ms [Trace: k9erpkr25l8]
2026-10-05 14:34:48.175 +05:30 [INF] [omtjife5m] HTTP GET /api/notifications/unread-count responded 200 in 9ms [Trace: omtjife5m]
2026-10-05 14:34:48.188 +05:30 [INF] [y5hg155o0k] HTTP GET /api/notifications responded 200 in 1ms [Trace: y5hg155o0k]
2026-10-05 14:35:48.225 +05:30 [INF] [4arg7vxpzfc] HTTP GET /api/notifications/unread-count responded 200 in 42ms [Trace: 4arg7vxpzfc]
2026-10-05 14:35:48.242 +05:30 [INF] [vfvqjlu76jg] HTTP GET /api/notifications responded 200 in 1ms [Trace: vfvqjlu76jg]
2026-10-05 14:36:48.170 +05:30 [INF] [retwikeo57h] HTTP GET /api/notifications/unread-count responded 200 in 2ms [Trace: retwikeo57h]
2026-10-05 14:36:48.185 +05:30 [INF] [54bf0nm7jsv] HTTP GET /api/notifications responded 200 in 1ms [Trace: 54bf0nm7jsv]
2026-10-05 14:37:48.187 +05:30 [INF] [khpgixumihb] HTTP GET /api/notifications/unread-count responded 200 in 21ms [Trace: khpgixumihb]
2026-10-05 14:37:48.200 +05:30 [INF] [eqe8akvx9xm] HTTP GET /api/notifications responded 200 in 1ms [Trace: eqe8akvx9xm]
2026-10-05 14:38:48.202 +05:30 [INF] [s91a3od8zhr] HTTP GET /api/notifications/unread-count responded 200 in 29ms [Trace: s91a3od8zhr]
2026-10-05 14:38:48.225 +05:30 [INF] [dikxk6czkoj] HTTP GET /api/notifications responded 200 in 1ms [Trace: dikxk6czkoj]
2026-10-05 14:39:48.207 +05:30 [INF] [z4tmat75tma] HTTP GET /api/notifications/unread-count responded 200 in 30ms [Trace: z4tmat75tma]
2026-10-05 14:39:48.220 +05:30 [INF] [5noxvibon49] HTTP GET /api/notifications responded 200 in 1ms [Trace: 5noxvibon49]
2026-10-05 14:40:48.194 +05:30 [INF] [2bpkqgnliau] HTTP GET /api/notifications/unread-count responded 200 in 29ms [Trace: 2bpkqgnliau]
2026-10-05 14:40:48.205 +05:30 [INF] [mawun48sgd] HTTP GET /api/notifications responded 200 in 1ms [Trace: mawun48sgd]
2026-10-05 14:41:48.211 +05:30 [INF] [xa9ddzoej0d] HTTP GET /api/notifications/unread-count responded 200 in 36ms [Trace: xa9ddzoej0d]
2026-10-05 14:41:48.228 +05:30 [INF] [9rsfxu41o2h] HTTP GET /api/notifications responded 200 in 1ms [Trace: 9rsfxu41o2h]
2026-10-05 14:42:48.202 +05:30 [INF] [ndc4i5rfyb8] HTTP GET /api/notifications/unread-count responded 200 in 37ms [Trace: ndc4i5rfyb8]
2026-10-05 14:42:48.214 +05:30 [INF] [z1k5ej5gja] HTTP GET /api/notifications responded 200 in 1ms [Trace: z1k5ej5gja]
2026-10-05 14:43:48.232 +05:30 [INF] [saw5uhf2hu] HTTP GET /api/notifications/unread-count responded 200 in 60ms [Trace: saw5uhf2hu]
2026-10-05 14:43:48.250 +05:30 [INF] [ig4njb57h8q] HTTP GET /api/notifications responded 200 in 2ms [Trace: ig4njb57h8q]
2026-10-05 14:44:48.247 +05:30 [INF] [90bfu9oo46o] HTTP GET /api/notifications/unread-count responded 200 in 73ms [Trace: 90bfu9oo46o]
2026-10-05 14:44:48.278 +05:30 [INF] [fsxi4bl3ni5] HTTP GET /api/notifications responded 200 in 2ms [Trace: fsxi4bl3ni5]
2026-10-05 14:44:54.676 +05:30 [INF] [jx4rdmaxo4] HTTP PUT /api/notifications/22/read responded 204 in 44ms [Trace: jx4rdmaxo4]
2026-10-05 14:44:54.694 +05:30 [INF] [n09y2w8b4pp] HTTP GET /api/notifications/unread-count responded 200 in 1ms [Trace: n09y2w8b4pp]
2026-10-05 14:44:54.709 +05:30 [INF] [7fdqy4y1hqo] HTTP GET /api/notifications responded 200 in 1ms [Trace: 7fdqy4y1hqo]
2026-10-05 14:45:00.381 +05:30 [INF] [ooxlz13qf7e] HTTP GET /api/notifications responded 200 in 3ms [Trace: ooxlz13qf7e]
2026-10-05 14:45:00.396 +05:30 [INF] [w7w6bgjozz] HTTP GET /api/notifications responded 200 in 1ms [Trace: w7w6bgjozz]
2026-10-05 14:45:03.172 +05:30 [INF] [i44wke2al2] HTTP GET /api/attendance/today responded 200 in 2ms [Trace: i44wke2al2]
2026-10-05 14:45:03.197 +05:30 [INF] [jy649g6uba] HTTP GET /api/attendance/today responded 200 in 1ms [Trace: jy649g6uba]
2026-10-05 14:45:03.198 +05:30 [INF] [k4egg5dgjeo] HTTP GET /api/attendance responded 200 in 2ms [Trace: k4egg5dgjeo]
2026-10-05 14:45:03.220 +05:30 [INF] [nnag3thkapp] HTTP GET /api/attendance responded 200 in 1ms [Trace: nnag3thkapp]
2026-10-05 14:45:03.752 +05:30 [INF] [j2nancj97b] HTTP GET /api/leaves/types responded 200 in 1ms [Trace: j2nancj97b]
2026-10-05 14:45:03.763 +05:30 [INF] [3pzkwssfxk6] HTTP GET /api/leaves/types responded 200 in 0ms [Trace: 3pzkwssfxk6]
2026-10-05 14:45:03.779 +05:30 [INF] [v37c3jg6pb] HTTP GET /api/leaves/balances responded 200 in 27ms [Trace: v37c3jg6pb]
2026-10-05 14:45:03.791 +05:30 [INF] [zis2j9kpod] HTTP GET /api/leaves responded 200 in 2ms [Trace: zis2j9kpod]
2026-10-05 14:45:03.793 +05:30 [INF] [ve2ig4iszhg] HTTP GET /api/leaves/balances responded 200 in 4ms [Trace: ve2ig4iszhg]
2026-10-05 14:45:03.806 +05:30 [INF] [50knlsh71bd] HTTP GET /api/leaves responded 200 in 2ms [Trace: 50knlsh71bd]
2026-10-05 14:45:15.728 +05:30 [INF] [t6cdvwbvv6b] HTTP GET /api/notifications/unread-count responded 401 in 12ms [Trace: t6cdvwbvv6b]
2026-10-05 14:45:15.775 +05:30 [INF] [dd191735de4e4e338d2d6e78ff4d7811] TOKEN_REFRESHED. User: 4
2026-10-05 14:45:15.780 +05:30 [INF] [dd191735de4e4e338d2d6e78ff4d7811] HTTP POST /api/auth/refresh responded 200 in 24ms [Trace: dd191735de4e4e338d2d6e78ff4d7811]
2026-10-05 14:45:15.805 +05:30 [INF] [t6cdvwbvv6b] HTTP GET /api/notifications/unread-count responded 200 in 0ms [Trace: t6cdvwbvv6b]
2026-10-05 14:45:15.829 +05:30 [INF] [re2w5j20vbl] HTTP GET /api/notifications responded 200 in 2ms [Trace: re2w5j20vbl]
2026-10-05 14:45:40.242 +05:30 [INF] [m1nibalqh6e] LEAVE_APPLIED. LeaveId: 11, EmployeeId: 4, AvailableRemaining: 7
2026-10-05 14:45:40.249 +05:30 [INF] [m1nibalqh6e] HTTP POST /api/leaves responded 201 in 22ms [Trace: m1nibalqh6e]
2026-10-05 14:45:40.282 +05:30 [INF] [pkzz8w1mky8] HTTP GET /api/leaves/types responded 200 in 1ms [Trace: pkzz8w1mky8]
2026-10-05 14:45:40.286 +05:30 [INF] [y33724lpq1r] HTTP GET /api/leaves/balances responded 200 in 5ms [Trace: y33724lpq1r]
2026-10-05 14:45:40.307 +05:30 [INF] [an0g0b56tw8] HTTP GET /api/leaves responded 200 in 1ms [Trace: an0g0b56tw8]
2026-10-05 14:45:45.531 +05:30 [INF] [fjoumzsxjdd] LOGOUT. User 4
2026-10-05 14:45:45.533 +05:30 [INF] [fjoumzsxjdd] HTTP POST /api/auth/logout responded 204 in 13ms [Trace: fjoumzsxjdd]
2026-10-05 14:45:47.783 +05:30 [INF] [khu5nyvx8lh] LOGIN_SUCCESS. User manager@company.com, EmployeeId: 3
2026-10-05 14:45:47.785 +05:30 [INF] [khu5nyvx8lh] HTTP POST /api/auth/login responded 200 in 27ms [Trace: khu5nyvx8lh]
2026-10-05 14:45:47.817 +05:30 [INF] [9q549j7qsnp] HTTP GET /api/notifications/unread-count responded 200 in 3ms [Trace: 9q549j7qsnp]
2026-10-05 14:45:47.817 +05:30 [INF] [3m4440mrh3x] HTTP GET /api/leaves/types responded 200 in 3ms [Trace: 3m4440mrh3x]
2026-10-05 14:45:47.833 +05:30 [INF] [tcrn9qj9hdg] HTTP GET /api/notifications/unread-count responded 200 in 0ms [Trace: tcrn9qj9hdg]
2026-10-05 14:45:47.833 +05:30 [INF] [tfu6gnkyqnl] HTTP GET /api/leaves/types responded 200 in 0ms [Trace: tfu6gnkyqnl]
2026-10-05 14:45:47.846 +05:30 [INF] [7zcn65ljqf] HTTP GET /api/leaves/balances responded 200 in 32ms [Trace: 7zcn65ljqf]
2026-10-05 14:45:47.856 +05:30 [INF] [hizf4c0qzm4] HTTP GET /api/notifications responded 200 in 22ms [Trace: hizf4c0qzm4]
2026-10-05 14:45:47.861 +05:30 [INF] [7w96n4013c] HTTP GET /api/leaves/pending-approvals responded 200 in 1ms [Trace: 7w96n4013c]
2026-10-05 14:45:47.863 +05:30 [INF] [ain5nnj00d] HTTP GET /api/leaves/balances responded 200 in 4ms [Trace: ain5nnj00d]
2026-10-05 14:45:47.871 +05:30 [INF] [qhewlp95dw] HTTP GET /api/notifications responded 200 in 1ms [Trace: qhewlp95dw]
2026-10-05 14:45:47.877 +05:30 [INF] [jj47645wyhk] HTTP GET /api/leaves responded 200 in 1ms [Trace: jj47645wyhk]
2026-10-05 14:45:47.877 +05:30 [INF] [khf6yhiep7p] HTTP GET /api/leaves/pending-approvals responded 200 in 1ms [Trace: khf6yhiep7p]
2026-10-05 14:45:47.890 +05:30 [INF] [pj3syvuv4v8] HTTP GET /api/leaves responded 200 in 1ms [Trace: pj3syvuv4v8]
2026-10-05 14:45:49.379 +05:30 [INF] [681g0ky5t7j] HTTP GET /api/leaves/types responded 200 in 2ms [Trace: 681g0ky5t7j]
2026-10-05 14:45:49.381 +05:30 [INF] [vmlfwp9eudo] HTTP GET /api/leaves/balances responded 200 in 4ms [Trace: vmlfwp9eudo]
2026-10-05 14:45:49.397 +05:30 [INF] [zftmwvua0mn] HTTP GET /api/leaves/pending-approvals responded 200 in 3ms [Trace: zftmwvua0mn]
2026-10-05 14:45:49.415 +05:30 [INF] [4bxjz2le64q] HTTP GET /api/leaves/pending-approvals responded 200 in 1ms [Trace: 4bxjz2le64q]
2026-10-05 14:45:52.416 +05:30 [INF] [3sncpl6laxr] HTTP GET /api/leaves/types responded 200 in 1ms [Trace: 3sncpl6laxr]
2026-10-05 14:45:52.419 +05:30 [INF] [pbh8em3bpds] HTTP GET /api/leaves/balances responded 200 in 4ms [Trace: pbh8em3bpds]
2026-10-05 14:45:52.437 +05:30 [INF] [rc30quim4bi] HTTP GET /api/leaves/pending-approvals responded 200 in 2ms [Trace: rc30quim4bi]
2026-10-05 14:45:52.449 +05:30 [INF] [q86q3cf9hc] HTTP GET /api/leaves responded 200 in 2ms [Trace: q86q3cf9hc]
2026-10-05 14:45:53.099 +05:30 [INF] [d5lui3ssjf] HTTP GET /api/leaves/types responded 200 in 2ms [Trace: d5lui3ssjf]
2026-10-05 14:45:53.103 +05:30 [INF] [eqbbe6xnca] HTTP GET /api/leaves/balances responded 200 in 6ms [Trace: eqbbe6xnca]
2026-10-05 14:45:53.122 +05:30 [INF] [4t82etjpavy] HTTP GET /api/leaves/pending-approvals responded 200 in 2ms [Trace: 4t82etjpavy]
2026-10-05 14:45:53.140 +05:30 [INF] [ms8sb7nt1r] HTTP GET /api/leaves/pending-approvals responded 200 in 2ms [Trace: ms8sb7nt1r]
2026-10-05 14:45:57.029 +05:30 [INF] [hmoueoh6w6] LEAVE_STATUS_CHANGED. LeaveId: 11, Status: "Rejected", By: 3
2026-10-05 14:45:57.031 +05:30 [INF] [hmoueoh6w6] HTTP PUT /api/leaves/11/reject responded 200 in 41ms [Trace: hmoueoh6w6]
2026-10-05 14:45:57.051 +05:30 [INF] [62ncekvb2jg] HTTP GET /api/leaves/types responded 200 in 1ms [Trace: 62ncekvb2jg]
2026-10-05 14:45:57.053 +05:30 [INF] [0np3rsgfdqk] HTTP GET /api/leaves/balances responded 200 in 3ms [Trace: 0np3rsgfdqk]
2026-10-05 14:45:57.063 +05:30 [INF] [uiakzqxe10m] HTTP GET /api/leaves/pending-approvals responded 200 in 1ms [Trace: uiakzqxe10m]
2026-10-05 14:45:57.077 +05:30 [INF] [h7at6fm0osj] HTTP GET /api/leaves/pending-approvals responded 200 in 1ms [Trace: h7at6fm0osj]
2026-10-05 14:45:58.689 +05:30 [INF] [qxxo81vliw] HTTP GET /api/leaves/types responded 200 in 1ms [Trace: qxxo81vliw]
2026-10-05 14:45:58.693 +05:30 [INF] [mi3vw1sr9m] HTTP GET /api/leaves/balances responded 200 in 4ms [Trace: mi3vw1sr9m]
2026-10-05 14:45:58.711 +05:30 [INF] [62p74i0rp0t] HTTP GET /api/leaves/pending-approvals responded 200 in 2ms [Trace: 62p74i0rp0t]
2026-10-05 14:45:58.729 +05:30 [INF] [9t8p4sqx1mt] HTTP GET /api/leaves responded 200 in 2ms [Trace: 9t8p4sqx1mt]
2026-10-05 14:46:02.827 +05:30 [INF] [ytxuoxd4bl] LOGOUT. User 3
2026-10-05 14:46:02.831 +05:30 [INF] [ytxuoxd4bl] HTTP POST /api/auth/logout responded 204 in 15ms [Trace: ytxuoxd4bl]
2026-10-05 14:46:04.217 +05:30 [INF] [fhhim170r1t] LOGIN_SUCCESS. User employee@company.com, EmployeeId: 4
2026-10-05 14:46:04.218 +05:30 [INF] [fhhim170r1t] HTTP POST /api/auth/login responded 200 in 18ms [Trace: fhhim170r1t]
2026-10-05 14:46:04.244 +05:30 [INF] [j5f4s89vg3p] HTTP GET /api/notifications/unread-count responded 200 in 1ms [Trace: j5f4s89vg3p]
2026-10-05 14:46:04.259 +05:30 [INF] [fx6lqcxr1k5] HTTP GET /api/notifications/unread-count responded 200 in 0ms [Trace: fx6lqcxr1k5]
2026-10-05 14:46:04.260 +05:30 [INF] [qa20mr9tbj] HTTP GET /api/notifications responded 200 in 0ms [Trace: qa20mr9tbj]
2026-10-05 14:46:04.275 +05:30 [INF] [thomgcve8] HTTP GET /api/notifications responded 200 in 1ms [Trace: thomgcve8]
2026-10-05 14:46:06.971 +05:30 [INF] [ebzfmupstqu] HTTP GET /api/employees responded 403 in 0ms [Trace: ebzfmupstqu]
2026-10-05 14:46:06.972 +05:30 [INF] [zdep0e7wbk] HTTP GET /api/positions responded 200 in 1ms [Trace: zdep0e7wbk]
2026-10-05 14:46:06.974 +05:30 [INF] [sc33964wdpk] HTTP GET /api/departments responded 200 in 2ms [Trace: sc33964wdpk]
2026-10-05 14:46:06.984 +05:30 [INF] [gqd5hnquzx5] HTTP GET /api/employees responded 403 in 0ms [Trace: gqd5hnquzx5]
2026-10-05 14:46:06.989 +05:30 [INF] [vj7k5nb5d8] HTTP GET /api/positions responded 200 in 0ms [Trace: vj7k5nb5d8]
2026-10-05 14:46:06.990 +05:30 [INF] [6kogemy4ack] HTTP GET /api/departments responded 200 in 1ms [Trace: 6kogemy4ack]
2026-10-05 14:46:08.104 +05:30 [INF] [c4nmsu4okp8] HTTP GET /api/departments responded 200 in 2ms [Trace: c4nmsu4okp8]
2026-10-05 14:46:08.120 +05:30 [INF] [1jvkdz4wugm] HTTP GET /api/departments responded 200 in 1ms [Trace: 1jvkdz4wugm]
2026-10-05 14:46:08.607 +05:30 [INF] [qjdt1hvi0ha] HTTP GET /api/positions responded 200 in 1ms [Trace: qjdt1hvi0ha]
2026-10-05 14:46:08.624 +05:30 [INF] [0z0qscqsxxog] HTTP GET /api/positions responded 200 in 1ms [Trace: 0z0qscqsxxog]
2026-10-05 14:46:09.254 +05:30 [INF] [jzyufg0qsg8] HTTP GET /api/leaves/types responded 200 in 1ms [Trace: jzyufg0qsg8]
2026-10-05 14:46:09.257 +05:30 [INF] [xlhxhy6nsmm] HTTP GET /api/leaves/balances responded 200 in 5ms [Trace: xlhxhy6nsmm]
2026-10-05 14:46:09.271 +05:30 [INF] [7xwzlkapxvc] HTTP GET /api/leaves/types responded 200 in 1ms [Trace: 7xwzlkapxvc]
2026-10-05 14:46:09.280 +05:30 [INF] [jloj1tp2ye] HTTP GET /api/leaves responded 200 in 2ms [Trace: jloj1tp2ye]
2026-10-05 14:46:09.281 +05:30 [INF] [l49jxai03in] HTTP GET /api/leaves/balances responded 200 in 3ms [Trace: l49jxai03in]
2026-10-05 14:46:09.295 +05:30 [INF] [zwe9pdzbvs] HTTP GET /api/leaves responded 200 in 1ms [Trace: zwe9pdzbvs]
2026-10-05 14:46:15.420 +05:30 [INF] [rvlaentbs0i] HTTP PUT /api/notifications/24/read responded 204 in 6ms [Trace: rvlaentbs0i]
2026-10-05 14:46:15.447 +05:30 [INF] [cpaj8tzv14c] HTTP GET /api/notifications/unread-count responded 200 in 1ms [Trace: cpaj8tzv14c]
2026-10-05 14:46:15.466 +05:30 [INF] [psxnr2suhm] HTTP GET /api/notifications responded 200 in 1ms [Trace: psxnr2suhm]
2026-10-05 14:46:28.909 +05:30 [INF] [edqel3qyfzo] LEAVE_APPLIED. LeaveId: 12, EmployeeId: 4, AvailableRemaining: 7
2026-10-05 14:46:28.912 +05:30 [INF] [edqel3qyfzo] HTTP POST /api/leaves responded 201 in 16ms [Trace: edqel3qyfzo]
2026-10-05 14:46:28.933 +05:30 [INF] [6huy3nl3glh] HTTP GET /api/leaves/types responded 200 in 0ms [Trace: 6huy3nl3glh]
2026-10-05 14:46:28.936 +05:30 [INF] [s5xox39igo] HTTP GET /api/leaves/balances responded 200 in 3ms [Trace: s5xox39igo]
2026-10-05 14:46:28.953 +05:30 [INF] [x3ibdcl16a] HTTP GET /api/leaves responded 200 in 1ms [Trace: x3ibdcl16a]
2026-10-05 14:46:31.515 +05:30 [INF] [6cfv7ek90hc] LOGOUT. User 4
2026-10-05 14:46:31.517 +05:30 [INF] [6cfv7ek90hc] HTTP POST /api/auth/logout responded 204 in 8ms [Trace: 6cfv7ek90hc]
2026-10-05 14:46:32.978 +05:30 [INF] [x5gl9kkgtkc] LOGIN_SUCCESS. User manager@company.com, EmployeeId: 3
2026-10-05 14:46:32.980 +05:30 [INF] [x5gl9kkgtkc] HTTP POST /api/auth/login responded 200 in 28ms [Trace: x5gl9kkgtkc]
2026-10-05 14:46:33.010 +05:30 [INF] [sutavt54h7g] HTTP GET /api/notifications/unread-count responded 200 in 1ms [Trace: sutavt54h7g]
2026-10-05 14:46:33.010 +05:30 [INF] [azm4nf3ahnp] HTTP GET /api/leaves/types responded 200 in 0ms [Trace: azm4nf3ahnp]
2026-10-05 14:46:33.012 +05:30 [INF] [0dkhouuhuj2j] HTTP GET /api/leaves/balances responded 200 in 3ms [Trace: 0dkhouuhuj2j]
2026-10-05 14:46:33.025 +05:30 [INF] [pthyipff0g] HTTP GET /api/notifications/unread-count responded 200 in 1ms [Trace: pthyipff0g]
2026-10-05 14:46:33.026 +05:30 [INF] [aioe3rmxyx] HTTP GET /api/notifications responded 200 in 0ms [Trace: aioe3rmxyx]
2026-10-05 14:46:33.030 +05:30 [INF] [vsyljkneyr] HTTP GET /api/leaves/types responded 200 in 1ms [Trace: vsyljkneyr]
2026-10-05 14:46:33.035 +05:30 [INF] [dkee05mt2u] HTTP GET /api/leaves/pending-approvals responded 200 in 1ms [Trace: dkee05mt2u]
2026-10-05 14:46:33.036 +05:30 [INF] [8repuoywt4k] HTTP GET /api/leaves/balances responded 200 in 3ms [Trace: 8repuoywt4k]
2026-10-05 14:46:33.044 +05:30 [INF] [xd5psk35uo] HTTP GET /api/notifications responded 200 in 1ms [Trace: xd5psk35uo]
2026-10-05 14:46:33.050 +05:30 [INF] [17m5fkawznz] HTTP GET /api/leaves/pending-approvals responded 200 in 1ms [Trace: 17m5fkawznz]
2026-10-05 14:46:33.050 +05:30 [INF] [13wd2xsk5qid] HTTP GET /api/leaves responded 200 in 1ms [Trace: 13wd2xsk5qid]
2026-10-05 14:46:33.064 +05:30 [INF] [nw12yt3kzuf] HTTP GET /api/leaves responded 200 in 1ms [Trace: nw12yt3kzuf]
2026-10-05 14:46:34.876 +05:30 [INF] [ke211wnekw] HTTP GET /api/leaves/types responded 200 in 1ms [Trace: ke211wnekw]
2026-10-05 14:46:34.880 +05:30 [INF] [l56iyxfy33j] HTTP GET /api/leaves/balances responded 200 in 5ms [Trace: l56iyxfy33j]
2026-10-05 14:46:34.894 +05:30 [INF] [ggvb88tmed] HTTP GET /api/leaves/pending-approvals responded 200 in 2ms [Trace: ggvb88tmed]
2026-10-05 14:46:34.908 +05:30 [INF] [5dgalqlh13t] HTTP GET /api/leaves/pending-approvals responded 200 in 2ms [Trace: 5dgalqlh13t]
2026-10-05 14:46:36.354 +05:30 [INF] [q8e2oyq48se] LEAVE_STATUS_CHANGED. LeaveId: 12, Status: "Approved", By: 3
2026-10-05 14:46:36.358 +05:30 [INF] [q8e2oyq48se] HTTP PUT /api/leaves/12/approve responded 200 in 22ms [Trace: q8e2oyq48se]
2026-10-05 14:46:36.381 +05:30 [INF] [gpg5ya9xg7] HTTP GET /api/leaves/types responded 200 in 0ms [Trace: gpg5ya9xg7]
2026-10-05 14:46:36.384 +05:30 [INF] [hoskpejbsb6] HTTP GET /api/leaves/balances responded 200 in 3ms [Trace: hoskpejbsb6]
2026-10-05 14:46:36.396 +05:30 [INF] [0cdwto8i5ofc] HTTP GET /api/leaves/pending-approvals responded 200 in 2ms [Trace: 0cdwto8i5ofc]
2026-10-05 14:46:36.409 +05:30 [INF] [3proj9xbc8q] HTTP GET /api/leaves/pending-approvals responded 200 in 2ms [Trace: 3proj9xbc8q]
2026-10-05 14:46:41.431 +05:30 [INF] [k9eqsxeybd] LOGOUT. User 3
2026-10-05 14:46:41.434 +05:30 [INF] [k9eqsxeybd] HTTP POST /api/auth/logout responded 204 in 9ms [Trace: k9eqsxeybd]
2026-10-05 14:46:44.018 +05:30 [INF] [yn5dqdgt4u] LOGIN_SUCCESS. User employee@company.com, EmployeeId: 4
2026-10-05 14:46:44.019 +05:30 [INF] [yn5dqdgt4u] HTTP POST /api/auth/login responded 200 in 19ms [Trace: yn5dqdgt4u]
2026-10-05 14:46:44.055 +05:30 [INF] [i18yl8eus9f] HTTP GET /api/leaves/types responded 200 in 1ms [Trace: i18yl8eus9f]
2026-10-05 14:46:44.055 +05:30 [INF] [q4xcvfg6ukg] HTTP GET /api/notifications/unread-count responded 200 in 1ms [Trace: q4xcvfg6ukg]
2026-10-05 14:46:44.057 +05:30 [INF] [0h2d7qw0m2ni] HTTP GET /api/leaves/balances responded 200 in 3ms [Trace: 0h2d7qw0m2ni]
2026-10-05 14:46:44.071 +05:30 [INF] [1azws9784pd] HTTP GET /api/leaves/types responded 200 in 1ms [Trace: 1azws9784pd]
2026-10-05 14:46:44.072 +05:30 [INF] [taeyebrpqdl] HTTP GET /api/notifications responded 200 in 0ms [Trace: taeyebrpqdl]
2026-10-05 14:46:44.072 +05:30 [INF] [6exz22ozg6] HTTP GET /api/notifications/unread-count responded 200 in 1ms [Trace: 6exz22ozg6]
2026-10-05 14:46:44.082 +05:30 [INF] [3s3kz5ky67t] HTTP GET /api/leaves responded 200 in 4ms [Trace: 3s3kz5ky67t]
2026-10-05 14:46:44.084 +05:30 [INF] [wfff5m4lo6l] HTTP GET /api/leaves/balances responded 200 in 10ms [Trace: wfff5m4lo6l]
2026-10-05 14:46:44.094 +05:30 [INF] [xprov70tow] HTTP GET /api/notifications responded 200 in 1ms [Trace: xprov70tow]
2026-10-05 14:46:44.099 +05:30 [INF] [iyepgfyzah] HTTP GET /api/leaves responded 200 in 1ms [Trace: iyepgfyzah]
2026-10-05 14:47:14.113 +05:30 [INF] [vx9opd3hbpe] HTTP GET /api/notifications/unread-count responded 200 in 39ms [Trace: vx9opd3hbpe]
2026-10-05 14:47:14.133 +05:30 [INF] [efdol4n7cip] HTTP GET /api/notifications responded 200 in 1ms [Trace: efdol4n7cip]
2026-10-05 14:47:44.088 +05:30 [INF] [edvdhf1mvcu] HTTP GET /api/notifications/unread-count responded 200 in 17ms [Trace: edvdhf1mvcu]
2026-10-05 14:47:44.106 +05:30 [INF] [yxp32vsrt4] HTTP GET /api/notifications responded 200 in 1ms [Trace: yxp32vsrt4]
2026-10-05 14:48:01.835 +05:30 [INF] [38692l8u5ki] HTTP PUT /api/notifications/26/read responded 204 in 6ms [Trace: 38692l8u5ki]
2026-10-05 14:48:01.856 +05:30 [INF] [nduo7w87j5o] HTTP GET /api/notifications/unread-count responded 200 in 0ms [Trace: nduo7w87j5o]
2026-10-05 14:48:01.871 +05:30 [INF] [s9xqcxxc9xd] HTTP GET /api/notifications responded 200 in 1ms [Trace: s9xqcxxc9xd]
2026-10-05 14:48:14.171 +05:30 [INF] [ysstzqa24t] HTTP GET /api/notifications/unread-count responded 200 in 7ms [Trace: ysstzqa24t]
2026-10-05 14:48:14.196 +05:30 [INF] [47t5wjqx6jt] HTTP GET /api/notifications responded 200 in 2ms [Trace: 47t5wjqx6jt]
2026-10-05 14:48:23.696 +05:30 [INF] [71rcfydhkmx] LOGOUT. User 4
2026-10-05 14:48:23.700 +05:30 [INF] [71rcfydhkmx] HTTP POST /api/auth/logout responded 204 in 19ms [Trace: 71rcfydhkmx]
2026-10-05 14:48:26.799 +05:30 [INF] [6yri7l7rmjx] LOGIN_SUCCESS. User admin@company.com, EmployeeId: 1
2026-10-05 14:48:26.801 +05:30 [INF] [6yri7l7rmjx] HTTP POST /api/auth/login responded 200 in 31ms [Trace: 6yri7l7rmjx]
2026-10-05 14:48:26.836 +05:30 [INF] [4qh26qitc09] HTTP GET /api/leaves/types responded 200 in 3ms [Trace: 4qh26qitc09]
2026-10-05 14:48:26.837 +05:30 [INF] [g2cqjycr4kk] HTTP GET /api/notifications/unread-count responded 200 in 4ms [Trace: g2cqjycr4kk]
2026-10-05 14:48:26.866 +05:30 [INF] [ku2n698hcsk] HTTP GET /api/leaves/balances responded 200 in 33ms [Trace: ku2n698hcsk]
2026-10-05 14:48:26.884 +05:30 [INF] [9odzc568m5v] HTTP GET /api/leaves/types responded 200 in 1ms [Trace: 9odzc568m5v]
2026-10-05 14:48:26.885 +05:30 [INF] [ujtquvojzco] HTTP GET /api/notifications/unread-count responded 200 in 0ms [Trace: ujtquvojzco]
2026-10-05 14:48:26.886 +05:30 [INF] [jr42wpntzy] HTTP GET /api/notifications responded 200 in 0ms [Trace: jr42wpntzy]
2026-10-05 14:48:26.892 +05:30 [INF] [sy8tnju30l8] HTTP GET /api/leaves/pending-approvals responded 200 in 1ms [Trace: sy8tnju30l8]
2026-10-05 14:48:26.893 +05:30 [INF] [jtpmpbg67gc] HTTP GET /api/leaves/balances responded 200 in 3ms [Trace: jtpmpbg67gc]
2026-10-05 14:48:26.904 +05:30 [INF] [hgjnt7kchiw] HTTP GET /api/notifications responded 200 in 1ms [Trace: hgjnt7kchiw]
2026-10-05 14:48:26.905 +05:30 [INF] [sz6gmexov1g] HTTP GET /api/leaves/pending-approvals responded 200 in 1ms [Trace: sz6gmexov1g]
2026-10-05 14:48:26.906 +05:30 [INF] [2nvnm1758yf] HTTP GET /api/leaves responded 200 in 1ms [Trace: 2nvnm1758yf]
2026-10-05 14:48:26.923 +05:30 [INF] [3bkoe0vxzg] HTTP GET /api/leaves responded 200 in 1ms [Trace: 3bkoe0vxzg]
2026-10-05 14:48:28.052 +05:30 [INF] [4jqfyrrnu1h] HTTP GET /api/audit-logs responded 200 in 42ms [Trace: 4jqfyrrnu1h]
2026-10-05 14:48:28.082 +05:30 [INF] [htilqlauxrs] HTTP GET /api/audit-logs responded 200 in 2ms [Trace: htilqlauxrs]
2026-10-05 14:48:36.856 +05:30 [INF] [82arqr8l6t] HTTP GET /api/audit-logs responded 200 in 18ms [Trace: 82arqr8l6t]
2026-10-05 14:48:50.401 +05:30 [INF] [x24tc51upq9] HTTP GET /api/reports/employees-by-department responded 200 in 95ms [Trace: x24tc51upq9]
2026-10-05 14:48:50.456 +05:30 [INF] [lyg3938z7q] HTTP GET /api/reports/employees-by-department responded 200 in 4ms [Trace: lyg3938z7q]
2026-10-05 14:48:50.473 +05:30 [INF] [lvwuweoi8x] HTTP GET /api/reports/payroll-summary responded 200 in 168ms [Trace: lvwuweoi8x]
2026-10-05 14:48:50.484 +05:30 [INF] [zhooxurabf9] HTTP GET /api/reports/leave-utilization responded 200 in 178ms [Trace: zhooxurabf9]
2026-10-05 14:48:50.491 +05:30 [INF] [aeibhz02rti] HTTP GET /api/reports/project-allocation responded 200 in 184ms [Trace: aeibhz02rti]
2026-10-05 14:48:50.494 +05:30 [INF] [hu1sw3i193] HTTP GET /api/reports/payroll-summary responded 200 in 1ms [Trace: hu1sw3i193]
2026-10-05 14:48:50.499 +05:30 [INF] [nusixwyq3ed] HTTP GET /api/reports/leave-utilization responded 200 in 3ms [Trace: nusixwyq3ed]
2026-10-05 14:48:50.505 +05:30 [INF] [qeyjt7tn58] HTTP GET /api/reports/project-allocation responded 200 in 1ms [Trace: qeyjt7tn58]
2026-10-05 14:48:51.380 +05:30 [INF] [v08t3wdcau] HTTP GET /api/auth/roles responded 200 in 35ms [Trace: v08t3wdcau]
2026-10-05 14:48:51.401 +05:30 [INF] [pg8vd4y89s9] HTTP GET /api/auth/roles responded 200 in 2ms [Trace: pg8vd4y89s9]
2026-10-05 14:48:53.919 +05:30 [INF] [64hn00hu6nv] LOGOUT. User 1
2026-10-05 14:48:53.921 +05:30 [INF] [64hn00hu6nv] HTTP POST /api/auth/logout responded 204 in 10ms [Trace: 64hn00hu6nv]
2026-10-05 18:24:46.170 +05:30 [INF] [] Now listening on: http://localhost:5000
2026-10-05 18:24:46.218 +05:30 [INF] [] Application started. Press Ctrl+C to shut down.
2026-10-05 18:24:46.218 +05:30 [INF] [] Hosting environment: Development
2026-10-05 18:24:46.219 +05:30 [INF] [] Content root path: C:\Users\sairajk\.gemini\antigravity\scratch\EMS\src\EMS.API
2026-10-05 18:24:57.053 +05:30 [WRN] [q7zfh9rrv9b] Compiling a query which loads related collections for more than one collection navigation, either via 'Include' or through projection, but no 'QuerySplittingBehavior' has been configured. By default, Entity Framework will use 'QuerySplittingBehavior.SingleQuery', which can potentially result in slow query performance. See https://go.microsoft.com/fwlink/?linkid=2134277 for more information. To identify the query that's triggering this warning call 'ConfigureWarnings(w => w.Throw(RelationalEventId.MultipleCollectionIncludeWarning))'.
2026-10-05 18:24:57.500 +05:30 [INF] [q7zfh9rrv9b] LOGIN_SUCCESS. User admin@company.com, EmployeeId: 1
2026-10-05 18:24:57.548 +05:30 [INF] [q7zfh9rrv9b] HTTP POST /api/auth/login responded 200 in 756ms [Trace: q7zfh9rrv9b]
2026-10-05 18:24:57.760 +05:30 [INF] [bioht9b0lnp] HTTP GET /api/notifications/unread-count responded 200 in 159ms [Trace: bioht9b0lnp]
2026-10-05 18:24:57.787 +05:30 [INF] [1u3u8myltp6] HTTP GET /api/notifications/unread-count responded 200 in 11ms [Trace: 1u3u8myltp6]
2026-10-05 18:24:57.792 +05:30 [INF] [1ikg7a8gv5i] HTTP GET /api/employees responded 200 in 170ms [Trace: 1ikg7a8gv5i]
2026-10-05 18:24:57.803 +05:30 [INF] [72cm3oj9n5f] HTTP GET /api/notifications responded 200 in 25ms [Trace: 72cm3oj9n5f]
2026-10-05 18:24:57.811 +05:30 [INF] [1c223o5ybtz] HTTP GET /api/employees responded 200 in 4ms [Trace: 1c223o5ybtz]
2026-10-05 18:24:57.821 +05:30 [INF] [dqkve51bp4v] HTTP GET /api/notifications responded 200 in 2ms [Trace: dqkve51bp4v]
2026-10-05 18:24:57.843 +05:30 [INF] [mqdbe0pdy0e] HTTP GET /api/departments responded 200 in 36ms [Trace: mqdbe0pdy0e]
2026-10-05 18:24:57.860 +05:30 [INF] [zp37ufbnlq] HTTP GET /api/departments responded 200 in 3ms [Trace: zp37ufbnlq]
2026-10-05 18:24:57.909 +05:30 [INF] [l1axjkqdxol] HTTP GET /api/leaves responded 200 in 51ms [Trace: l1axjkqdxol]
2026-10-05 18:24:57.932 +05:30 [INF] [ftu4gyfaq1q] HTTP GET /api/leaves responded 200 in 4ms [Trace: ftu4gyfaq1q]
2026-10-05 18:24:57.954 +05:30 [INF] [4a2wtaktxhe] HTTP GET /api/attendance/today responded 200 in 26ms [Trace: 4a2wtaktxhe]
2026-10-05 18:24:57.974 +05:30 [INF] [szkzfdonwc] HTTP GET /api/attendance/today responded 200 in 3ms [Trace: szkzfdonwc]
2026-10-05 18:25:02.284 +05:30 [INF] [vtw9ke3xapm] HTTP GET /api/positions responded 200 in 22ms [Trace: vtw9ke3xapm]
2026-10-05 18:25:02.299 +05:30 [INF] [e2e20pcddrq] HTTP GET /api/positions responded 200 in 2ms [Trace: e2e20pcddrq]
2026-10-05 18:25:02.730 +05:30 [INF] [ow4if3vbaea] HTTP GET /api/departments responded 200 in 4ms [Trace: ow4if3vbaea]
2026-10-05 18:25:02.742 +05:30 [INF] [n9a12pzyrtf] HTTP GET /api/departments responded 200 in 2ms [Trace: n9a12pzyrtf]
